ts_utc,game,market_type,market_key,line,side_a,venue_a,price_a,side_b,venue_b,price_b,implied_cost,roi_pct,net_edge_pct,arb_survived,would_trade,exec_status,confidence,note
2026-07-06T16:35:13Z,26JUL06PORESP,team_corners,team_corners|portugal|3.5,3.5,over,polymarket,0.59,under,kalshi,0.3133,0.9033,10.7043,,,False,rejected_implausible,high,roi exceeds plausible bound — review pairing
2026-07-06T16:35:13Z,26JUL07SUICOL,corners,corners|7.5,7.5,over,polymarket,0.65,under,kalshi,0.26,0.91,9.8901,,,False,rejected_implausible,high,roi exceeds plausible bound — review pairing
2026-07-06T16:35:13Z,26JUL07SUICOL,corners,corners|9.5,9.5,over,polymarket,0.4,under,kalshi,0.51,0.91,9.8901,,,False,rejected_implausible,high,roi exceeds plausible bound — review pairing
2026-07-06T16:35:13Z,26JUL06PORESP,corners,corners|8.5,8.5,over,polymarket,0.67,under,kalshi,0.25,0.92,8.6957,,,False,rejected_implausible,high,roi exceeds plausible bound — review pairing
2026-07-06T16:35:13Z,26JUL06USABEL,corners,corners|8.5,8.5,over,polymarket,0.63,under,kalshi,0.29,0.92,8.6957,,,False,rejected_implausible,high,roi exceeds plausible bound — review pairing
2026-07-06T16:35:13Z,26JUL06USABEL,corners,corners|9.5,9.5,over,polymarket,0.52,under,kalshi,0.4,0.92,8.6957,,,False,rejected_implausible,high,roi exceeds plausible bound — review pairing
2026-07-06T16:35:13Z,26JUL06PORESP,corners,corners|10.5,10.5,over,polymarket,0.42,under,kalshi,0.5001,0.9201,8.6847,,,False,rejected_implausible,high,roi exceeds plausible bound — review pairing
2026-07-06T16:35:13Z,26JUL07SUICOL,corners,corners|8.5,8.5,over,polymarket,0.55,under,kalshi,0.38,0.93,7.5269,5.5966,True,True,dryrun,high,computed
2026-07-06T16:35:13Z,26JUL06PORESP,corners,corners|9.5,9.5,over,polymarket,0.56,under,kalshi,0.37,0.93,7.5269,5.5966,True,True,dryrun,high,computed
2026-07-06T16:35:13Z,26JUL06USABEL,corners,corners|10.5,10.5,over,polymarket,0.41,under,kalshi,0.53,0.94,6.383,4.3841,True,True,dryrun,high,computed
2026-07-06T16:35:13Z,26JUL06PORESP,team_corners,team_corners|spain|5.5,5.5,over,polymarket,0.53,under,kalshi,0.4171,0.9471,5.591,4.4932,True,True,dryrun,high,computed
2026-07-06T16:35:13Z,26JUL07SUICOL,team_corners,team_corners|switzerland|3.5,3.5,over,polymarket,0.58,under,kalshi,0.37,0.95,5.2632,3.4126,True,True,dryrun,high,computed
2026-07-06T16:35:13Z,26JUL06PORESP,corners,corners|11.5,11.5,over,polymarket,0.34,under,kalshi,0.61,0.95,5.2632,3.4126,True,True,dryrun,high,computed
2026-07-06T16:35:13Z,26JUL07ARGEGY,team_corners,team_corners|egypt|2.5,2.5,over,polymarket,0.55,under,kalshi,0.4035,0.9535,4.8768,5.5966,True,True,dryrun,high,computed
2026-07-06T16:35:13Z,26JUL07ARGEGY,corners,corners|7.5,7.5,over,polymarket,0.59,under,kalshi,0.37,0.96,4.1667,2.3541,True,True,dryrun,high,computed
2026-07-06T16:35:13Z,26JUL06USABEL,corners,corners|11.5,11.5,over,polymarket,0.31,under,kalshi,0.65,0.96,4.1667,2.459,True,True,dryrun,high,computed
2026-07-06T16:35:13Z,26JUL06USABEL,team_corners,team_corners|belgium|4.5,4.5,over,polymarket,0.52,under,kalshi,0.44,0.96,4.1667,2.2495,True,True,dryrun,high,computed
2026-07-06T16:35:13Z,26JUL07SUICOL,team_corners,team_corners|colombia|4.5,4.5,over,polymarket,0.51,under,kalshi,0.4578,0.9678,3.3271,3.3058,True,True,dryrun,high,computed
2026-07-06T16:35:13Z,26JUL06USABEL,corners,corners|7.5,7.5,over,polymarket,0.79,under,kalshi,0.1782,0.9682,3.2844,3.0928,True,True,dryrun,high,computed
2026-07-06T16:35:13Z,26JUL07SUICOL,corners,corners|10.5,10.5,over,polymarket,0.3,under,kalshi,0.6685,0.9685,3.2471,2.459,True,True,dryrun,high,computed
2026-07-06T16:35:13Z,26JUL07ARGEGY,corners,corners|10.5,10.5,over,polymarket,0.26,under,kalshi,0.71,0.97,3.0928,1.5228,True,True,dryrun,high,computed
2026-07-06T16:35:13Z,26JUL07ARGEGY,team_corners,team_corners|argentina|5.5,5.5,over,polymarket,0.45,under,kalshi,0.52,0.97,3.0928,1.2146,True,True,dryrun,high,computed
2026-07-06T16:35:13Z,26JUL07ARGEGY,corners,corners|8.5,8.5,over,polymarket,0.48,under,kalshi,0.4999,0.9799,2.046,0.3009,True,True,dryrun,high,computed
2026-07-06T16:35:13Z,26JUL07ARGEGY,corners,corners|6.5,6.5,over,polymarket,0.74,under,kalshi,0.24,0.98,2.0408,0.7049,True,True,dryrun,high,computed
2026-07-06T16:35:13Z,26JUL06PORESP,corners,corners|7.5,7.5,over,polymarket,0.79,under,kalshi,0.19,0.98,2.0408,0.9082,True,True,dryrun,high,computed
2026-07-06T16:35:13Z,26JUL06USABEL,2h_btts,2h_btts,,no,kalshi,0.62,yes,polymarket,0.36,0.98,2.0408,0.3009,True,True,dryrun,high,computed
2026-07-06T16:35:13Z,26JUL07ARGEGY,corners,corners|9.5,9.5,over,polymarket,0.37,under,kalshi,0.6193,0.9893,1.0812,0.3009,True,True,dryrun,high,computed
2026-07-06T16:35:13Z,26JUL06PORESP,spread,spread|1.5|spain,1.5,cover,polymarket,0.26,plus,kalshi,0.73,0.99,1.0101,-0.3984,False,False,dryrun,high,computed
2026-07-06T16:35:13Z,26JUL07ARGEGY,1h_total,1h_total|2.5,2.5,over,kalshi,0.1,under,polymarket,0.8995,0.9995,0.05,-0.6951,False,False,dryrun,high,computed
2026-07-06T16:35:13Z,26JUL07SUICOL,total_goals,total_goals|5.5,5.5,over,polymarket,0.03,under,kalshi,0.97,1.0,0.0,-0.2991,False,False,dryrun,high,computed
2026-07-06T16:35:13Z,26JUL06PORESP,spread,spread|2.5|spain,2.5,cover,polymarket,0.1,plus,kalshi,0.9,1.0,0.0,-0.6951,False,False,dryrun,high,computed
2026-07-06T16:35:13Z,26JUL06PORESP,team_total,team_total|portugal|2.5,2.5,over,polymarket,0.1,under,kalshi,0.9,1.0,0.0,-0.6951,False,False,dryrun,high,computed
2026-07-06T16:35:13Z,26JUL06PORESP,team_total,team_total|spain|2.5,2.5,over,polymarket,0.24,under,kalshi,0.76,1.0,0.0,-1.2833,False,False,dryrun,high,computed
2026-07-06T17:26:16Z,26JUL06USABEL,2h_btts,2h_btts,,no,kalshi,0.62,yes,polymarket,0.36,0.98,2.0408,0.3009,True,True,dryrun,high,computed
2026-07-06T17:26:16Z,26JUL06PORESP,team_total,team_total|spain|2.5,2.5,over,polymarket,0.23,under,kalshi,0.76,0.99,1.0101,-0.2991,False,False,dryrun,high,computed
2026-07-06T17:26:16Z,26JUL06USABEL,2h_total,2h_total|0.5,0.5,over,polymarket,0.8197,under,kalshi,0.18,0.9997,0.0263,-0.5707,False,False,dryrun,high,computed
2026-07-06T17:26:16Z,26JUL07SUICOL,total_goals,total_goals|5.5,5.5,over,polymarket,0.03,under,kalshi,0.97,1.0,0.0,-0.2991,False,False,dryrun,high,computed
2026-07-06T17:26:16Z,26JUL06PORESP,spread,spread|2.5|spain,2.5,cover,polymarket,0.1,plus,kalshi,0.9,1.0,0.0,-0.6951,False,False,dryrun,high,computed
2026-07-06T17:28:44Z,26JUL06USABEL,2h_btts,2h_btts,,no,kalshi,0.62,yes,polymarket,0.36,0.98,2.0408,0.3009,True,True,dryrun,high,computed
2026-07-06T17:28:44Z,26JUL06PORESP,team_total,team_total|spain|2.5,2.5,over,polymarket,0.23,under,kalshi,0.76,0.99,1.0101,-0.2991,False,False,dryrun,high,computed
2026-07-06T17:28:44Z,26JUL07SUICOL,total_goals,total_goals|5.5,5.5,over,polymarket,0.03,under,kalshi,0.97,1.0,0.0,-0.2991,False,False,dryrun,high,computed
2026-07-06T17:30:31Z,26JUL06USABEL,2h_btts,2h_btts,,no,kalshi,0.62,yes,polymarket,0.36,0.98,2.0408,0.3009,True,True,dryrun,high,computed
2026-07-06T17:30:31Z,26JUL06PORESP,team_total,team_total|spain|2.5,2.5,over,polymarket,0.23,under,kalshi,0.76,0.99,1.0101,-0.2991,False,False,dryrun,high,computed
2026-07-06T17:30:31Z,26JUL07SUICOL,total_goals,total_goals|5.5,5.5,over,polymarket,0.03,under,kalshi,0.97,1.0,0.0,-0.2991,False,False,dryrun,high,computed
2026-07-06T20:09:47Z,26JUL06USABEL,2h_btts,2h_btts,,no,kalshi,0.62,yes,polymarket,0.37,0.99,1.0101,-0.6951,False,False,dryrun,high,computed
2026-07-06T20:09:47Z,26JUL06USABEL,team_total,team_total|usa|1.5,1.5,over,polymarket,0.47,under,kalshi,0.52,0.99,1.0101,-0.7937,False,False,dryrun,high,computed
2026-07-06T20:09:47Z,26JUL07ARGEGY,team_total,team_total|argentina|2.5,2.5,over,polymarket,0.3173,under,kalshi,0.68,0.9973,0.2662,-0.5964,False,False,dryrun,high,computed
2026-07-06T20:09:47Z,26JUL07SUICOL,team_total,team_total|switzerland|0.5,0.5,over,polymarket,0.6478,under,kalshi,0.35,0.9978,0.2218,-0.5964,False,False,dryrun,high,computed
2026-07-06T20:09:47Z,26JUL06USABEL,2h_total,2h_total|1.5,1.5,over,kalshi,0.54,under,polymarket,0.4582,0.9982,0.1758,-0.7937,False,False,dryrun,high,computed
2026-07-06T20:10:57Z,26JUL06USABEL,2h_btts,2h_btts,,no,kalshi,0.62,yes,polymarket,0.37,0.99,1.0101,-0.6951,False,False,dryrun,high,computed
2026-07-06T20:10:57Z,26JUL06USABEL,team_total,team_total|usa|1.5,1.5,over,polymarket,0.47,under,kalshi,0.52,0.99,1.0101,-0.7937,False,False,dryrun,high,computed
2026-07-06T20:10:57Z,26JUL07ARGEGY,team_total,team_total|argentina|2.5,2.5,over,polymarket,0.3173,under,kalshi,0.68,0.9973,0.2662,-0.5964,False,False,dryrun,high,computed
2026-07-06T20:10:57Z,26JUL07SUICOL,team_total,team_total|switzerland|0.5,0.5,over,polymarket,0.6478,under,kalshi,0.35,0.9978,0.2218,-0.5964,False,False,dryrun,high,computed
2026-07-06T20:10:57Z,26JUL06USABEL,2h_total,2h_total|1.5,1.5,over,kalshi,0.54,under,polymarket,0.4582,0.9982,0.1758,-0.7937,False,False,dryrun,high,computed
2026-07-06T20:23:47Z,26JUL07ARGEGY,team_total,team_total|argentina|2.5,2.5,over,polymarket,0.31,under,kalshi,0.68,0.99,1.0101,-0.5964,False,False,dryrun,high,computed
2026-07-06T20:23:47Z,26JUL06USABEL,2h_btts,2h_btts,,no,kalshi,0.62,yes,polymarket,0.37,0.99,1.0101,-0.6951,False,False,dryrun,high,computed
2026-07-06T20:23:47Z,26JUL06USABEL,team_total,team_total|usa|1.5,1.5,over,polymarket,0.47,under,kalshi,0.52,0.99,1.0101,-0.7937,False,False,dryrun,high,computed
2026-07-06T20:23:47Z,26JUL07SUICOL,team_total,team_total|switzerland|0.5,0.5,over,polymarket,0.6478,under,kalshi,0.35,0.9978,0.2218,-0.5964,False,False,dryrun,high,computed
2026-07-06T20:23:47Z,26JUL06USABEL,2h_total,2h_total|1.5,1.5,over,kalshi,0.54,under,polymarket,0.4582,0.9982,0.1758,-0.7937,False,False,dryrun,high,computed
2026-07-06T20:24:07Z,26JUL07ARGEGY,team_total,team_total|argentina|2.5,2.5,over,polymarket,0.31,under,kalshi,0.68,0.99,1.0101,-0.5964,False,False,dryrun,high,computed
2026-07-06T20:24:07Z,26JUL06USABEL,2h_btts,2h_btts,,no,kalshi,0.62,yes,polymarket,0.37,0.99,1.0101,-0.6951,False,False,dryrun,high,computed
2026-07-06T20:24:07Z,26JUL06USABEL,team_total,team_total|usa|1.5,1.5,over,polymarket,0.47,under,kalshi,0.52,0.99,1.0101,-0.7937,False,False,dryrun,high,computed
2026-07-06T20:24:07Z,26JUL07SUICOL,team_total,team_total|switzerland|0.5,0.5,over,polymarket,0.6478,under,kalshi,0.35,0.9978,0.2218,-0.5964,False,False,dryrun,high,computed
2026-07-06T20:24:07Z,26JUL06USABEL,2h_total,2h_total|1.5,1.5,over,kalshi,0.54,under,polymarket,0.4582,0.9982,0.1758,-0.7937,False,False,dryrun,high,computed
2026-07-06T20:24:27Z,26JUL07ARGEGY,team_total,team_total|argentina|2.5,2.5,over,polymarket,0.31,under,kalshi,0.68,0.99,1.0101,-0.5964,False,False,dryrun,high,computed
2026-07-06T20:24:27Z,26JUL06USABEL,2h_btts,2h_btts,,no,kalshi,0.62,yes,polymarket,0.37,0.99,1.0101,-0.6951,False,False,dryrun,high,computed
2026-07-06T20:24:27Z,26JUL06USABEL,team_total,team_total|usa|1.5,1.5,over,polymarket,0.47,under,kalshi,0.52,0.99,1.0101,-0.7937,False,False,dryrun,high,computed
2026-07-06T20:24:27Z,26JUL07SUICOL,team_total,team_total|switzerland|0.5,0.5,over,polymarket,0.6478,under,kalshi,0.35,0.9978,0.2218,-0.5964,False,False,dryrun,high,computed
2026-07-06T20:24:27Z,26JUL06USABEL,2h_total,2h_total|1.5,1.5,over,kalshi,0.54,under,polymarket,0.4582,0.9982,0.1758,-0.7937,False,False,dryrun,high,computed
2026-07-06T20:24:47Z,26JUL07ARGEGY,team_total,team_total|argentina|2.5,2.5,over,polymarket,0.31,under,kalshi,0.68,0.99,1.0101,-0.5964,False,False,dryrun,high,computed
2026-07-06T20:24:47Z,26JUL06USABEL,2h_btts,2h_btts,,no,kalshi,0.62,yes,polymarket,0.37,0.99,1.0101,-0.6951,False,False,dryrun,high,computed
2026-07-06T20:24:47Z,26JUL06USABEL,team_total,team_total|usa|1.5,1.5,over,polymarket,0.47,under,kalshi,0.52,0.99,1.0101,-0.7937,False,False,dryrun,high,computed
2026-07-06T20:24:47Z,26JUL07SUICOL,team_total,team_total|switzerland|0.5,0.5,over,polymarket,0.6478,under,kalshi,0.35,0.9978,0.2218,-0.5964,False,False,dryrun,high,computed
2026-07-06T20:24:47Z,26JUL06USABEL,2h_total,2h_total|1.5,1.5,over,kalshi,0.54,under,polymarket,0.4582,0.9982,0.1758,-0.7937,False,False,dryrun,high,computed
2026-07-06T20:25:07Z,26JUL07ARGEGY,team_total,team_total|argentina|2.5,2.5,over,polymarket,0.31,under,kalshi,0.68,0.99,1.0101,-0.5964,False,False,dryrun,high,computed
2026-07-06T20:25:07Z,26JUL06USABEL,2h_btts,2h_btts,,no,kalshi,0.62,yes,polymarket,0.37,0.99,1.0101,-0.6951,False,False,dryrun,high,computed
2026-07-06T20:25:07Z,26JUL06USABEL,team_total,team_total|usa|1.5,1.5,over,polymarket,0.47,under,kalshi,0.52,0.99,1.0101,-0.7937,False,False,dryrun,high,computed
2026-07-06T20:25:07Z,26JUL07SUICOL,team_total,team_total|switzerland|0.5,0.5,over,polymarket,0.6478,under,kalshi,0.35,0.9978,0.2218,-0.5964,False,False,dryrun,high,computed
2026-07-06T20:25:07Z,26JUL06USABEL,2h_total,2h_total|1.5,1.5,over,kalshi,0.54,under,polymarket,0.4582,0.9982,0.1758,-0.7937,False,False,dryrun,high,computed
2026-07-06T20:25:29Z,26JUL07ARGEGY,team_total,team_total|argentina|2.5,2.5,over,polymarket,0.31,under,kalshi,0.68,0.99,1.0101,-0.5964,False,False,dryrun,high,computed
2026-07-06T20:25:29Z,26JUL06USABEL,2h_btts,2h_btts,,no,kalshi,0.62,yes,polymarket,0.37,0.99,1.0101,-0.6951,False,False,dryrun,high,computed
2026-07-06T20:25:29Z,26JUL06USABEL,team_total,team_total|usa|1.5,1.5,over,polymarket,0.47,under,kalshi,0.52,0.99,1.0101,-0.7937,False,False,dryrun,high,computed
2026-07-06T20:25:29Z,26JUL07SUICOL,team_total,team_total|switzerland|0.5,0.5,over,polymarket,0.6478,under,kalshi,0.35,0.9978,0.2218,-0.5964,False,False,dryrun,high,computed
2026-07-06T20:25:29Z,26JUL06USABEL,2h_total,2h_total|1.5,1.5,over,kalshi,0.54,under,polymarket,0.4582,0.9982,0.1758,-0.7937,False,False,dryrun,high,computed
2026-07-06T20:25:49Z,26JUL07ARGEGY,team_total,team_total|argentina|2.5,2.5,over,polymarket,0.31,under,kalshi,0.68,0.99,1.0101,-0.5964,False,False,dryrun,high,computed
2026-07-06T20:25:49Z,26JUL06USABEL,2h_btts,2h_btts,,no,kalshi,0.62,yes,polymarket,0.37,0.99,1.0101,-0.6951,False,False,dryrun,high,computed
2026-07-06T20:25:49Z,26JUL06USABEL,team_total,team_total|usa|1.5,1.5,over,polymarket,0.47,under,kalshi,0.52,0.99,1.0101,-0.7937,False,False,dryrun,high,computed
2026-07-06T20:25:49Z,26JUL07SUICOL,team_total,team_total|switzerland|0.5,0.5,over,polymarket,0.6478,under,kalshi,0.35,0.9978,0.2218,-0.5964,False,False,dryrun,high,computed
2026-07-06T20:25:49Z,26JUL06USABEL,2h_total,2h_total|1.5,1.5,over,kalshi,0.54,under,polymarket,0.4582,0.9982,0.1758,-0.7937,False,False,dryrun,high,computed
2026-07-06T20:26:09Z,26JUL07ARGEGY,team_total,team_total|argentina|2.5,2.5,over,polymarket,0.31,under,kalshi,0.68,0.99,1.0101,-0.5964,False,False,dryrun,high,computed
2026-07-06T20:26:09Z,26JUL06USABEL,2h_btts,2h_btts,,no,kalshi,0.62,yes,polymarket,0.37,0.99,1.0101,-0.6951,False,False,dryrun,high,computed
2026-07-06T20:26:09Z,26JUL06USABEL,team_total,team_total|usa|1.5,1.5,over,polymarket,0.47,under,kalshi,0.52,0.99,1.0101,-0.7937,False,False,dryrun,high,computed
2026-07-06T20:26:09Z,26JUL07SUICOL,team_total,team_total|switzerland|0.5,0.5,over,polymarket,0.6478,under,kalshi,0.35,0.9978,0.2218,-0.5964,False,False,dryrun,high,computed
2026-07-06T20:26:09Z,26JUL06USABEL,2h_total,2h_total|1.5,1.5,over,kalshi,0.54,under,polymarket,0.4582,0.9982,0.1758,-0.7937,False,False,dryrun,high,computed
2026-07-06T20:26:29Z,26JUL07ARGEGY,team_total,team_total|argentina|2.5,2.5,over,polymarket,0.31,under,kalshi,0.68,0.99,1.0101,-0.5964,False,False,dryrun,high,computed
2026-07-06T20:26:29Z,26JUL06USABEL,2h_btts,2h_btts,,no,kalshi,0.62,yes,polymarket,0.37,0.99,1.0101,-0.6951,False,False,dryrun,high,computed
2026-07-06T20:26:29Z,26JUL06USABEL,team_total,team_total|usa|1.5,1.5,over,polymarket,0.47,under,kalshi,0.52,0.99,1.0101,-0.7937,False,False,dryrun,high,computed
2026-07-06T20:26:29Z,26JUL07SUICOL,team_total,team_total|switzerland|0.5,0.5,over,polymarket,0.6478,under,kalshi,0.35,0.9978,0.2218,-0.5964,False,False,dryrun,high,computed
2026-07-06T20:26:29Z,26JUL06USABEL,2h_total,2h_total|1.5,1.5,over,kalshi,0.54,under,polymarket,0.4582,0.9982,0.1758,-0.7937,False,False,dryrun,high,computed
2026-07-06T20:26:49Z,26JUL07ARGEGY,team_total,team_total|argentina|2.5,2.5,over,polymarket,0.31,under,kalshi,0.68,0.99,1.0101,-0.5964,False,False,dryrun,high,computed
2026-07-06T20:26:49Z,26JUL06USABEL,2h_btts,2h_btts,,no,kalshi,0.62,yes,polymarket,0.37,0.99,1.0101,-0.6951,False,False,dryrun,high,computed
2026-07-06T20:26:49Z,26JUL06USABEL,team_total,team_total|usa|1.5,1.5,over,polymarket,0.47,under,kalshi,0.52,0.99,1.0101,-0.7937,False,False,dryrun,high,computed
2026-07-06T20:26:49Z,26JUL07SUICOL,team_total,team_total|switzerland|0.5,0.5,over,polymarket,0.6478,under,kalshi,0.35,0.9978,0.2218,-0.5964,False,False,dryrun,high,computed
2026-07-06T20:26:49Z,26JUL06USABEL,2h_total,2h_total|1.5,1.5,over,kalshi,0.54,under,polymarket,0.4582,0.9982,0.1758,-0.7937,False,False,dryrun,high,computed
2026-07-06T20:27:09Z,26JUL07ARGEGY,team_total,team_total|argentina|2.5,2.5,over,polymarket,0.31,under,kalshi,0.68,0.99,1.0101,-0.5964,False,False,dryrun,high,computed
2026-07-06T20:27:09Z,26JUL06USABEL,2h_btts,2h_btts,,no,kalshi,0.62,yes,polymarket,0.37,0.99,1.0101,-0.6951,False,False,dryrun,high,computed
2026-07-06T20:27:09Z,26JUL06USABEL,team_total,team_total|usa|1.5,1.5,over,polymarket,0.47,under,kalshi,0.52,0.99,1.0101,-0.7937,False,False,dryrun,high,computed
2026-07-06T20:27:09Z,26JUL07SUICOL,team_total,team_total|switzerland|0.5,0.5,over,polymarket,0.6478,under,kalshi,0.35,0.9978,0.2218,-0.5964,False,False,dryrun,high,computed
2026-07-06T20:27:09Z,26JUL06USABEL,2h_total,2h_total|1.5,1.5,over,kalshi,0.54,under,polymarket,0.4582,0.9982,0.1758,-0.7937,False,False,dryrun,high,computed
2026-07-06T20:27:29Z,26JUL07ARGEGY,team_total,team_total|argentina|2.5,2.5,over,polymarket,0.31,under,kalshi,0.68,0.99,1.0101,-0.5964,False,False,dryrun,high,computed
2026-07-06T20:27:29Z,26JUL06USABEL,2h_btts,2h_btts,,no,kalshi,0.62,yes,polymarket,0.37,0.99,1.0101,-0.6951,False,False,dryrun,high,computed
2026-07-06T20:27:29Z,26JUL06USABEL,team_total,team_total|usa|1.5,1.5,over,polymarket,0.47,under,kalshi,0.52,0.99,1.0101,-0.7937,False,False,dryrun,high,computed
2026-07-06T20:27:29Z,26JUL07SUICOL,team_total,team_total|switzerland|0.5,0.5,over,polymarket,0.6478,under,kalshi,0.35,0.9978,0.2218,-0.5964,False,False,dryrun,high,computed
2026-07-06T20:27:29Z,26JUL06USABEL,2h_total,2h_total|1.5,1.5,over,kalshi,0.54,under,polymarket,0.4582,0.9982,0.1758,-0.7937,False,False,dryrun,high,computed
2026-07-06T20:27:49Z,26JUL07ARGEGY,team_total,team_total|argentina|2.5,2.5,over,polymarket,0.31,under,kalshi,0.68,0.99,1.0101,-0.5964,False,False,dryrun,high,computed
2026-07-06T20:27:49Z,26JUL06USABEL,2h_btts,2h_btts,,no,kalshi,0.62,yes,polymarket,0.37,0.99,1.0101,-0.6951,False,False,dryrun,high,computed
2026-07-06T20:27:49Z,26JUL06USABEL,team_total,team_total|usa|1.5,1.5,over,polymarket,0.47,under,kalshi,0.52,0.99,1.0101,-0.7937,False,False,dryrun,high,computed
2026-07-06T20:27:49Z,26JUL07SUICOL,team_total,team_total|switzerland|0.5,0.5,over,polymarket,0.6478,under,kalshi,0.35,0.9978,0.2218,-0.5964,False,False,dryrun,high,computed
2026-07-06T20:27:49Z,26JUL06USABEL,2h_total,2h_total|1.5,1.5,over,kalshi,0.54,under,polymarket,0.4582,0.9982,0.1758,-0.7937,False,False,dryrun,high,computed
2026-07-06T20:28:09Z,26JUL07ARGEGY,team_total,team_total|argentina|2.5,2.5,over,polymarket,0.31,under,kalshi,0.68,0.99,1.0101,-0.5964,False,False,dryrun,high,computed
2026-07-06T20:28:09Z,26JUL06USABEL,2h_btts,2h_btts,,no,kalshi,0.62,yes,polymarket,0.37,0.99,1.0101,-0.6951,False,False,dryrun,high,computed
2026-07-06T20:28:09Z,26JUL06USABEL,team_total,team_total|usa|1.5,1.5,over,polymarket,0.47,under,kalshi,0.52,0.99,1.0101,-0.7937,False,False,dryrun,high,computed
2026-07-06T20:28:09Z,26JUL07SUICOL,team_total,team_total|switzerland|0.5,0.5,over,polymarket,0.6478,under,kalshi,0.35,0.9978,0.2218,-0.5964,False,False,dryrun,high,computed
2026-07-06T20:28:09Z,26JUL06USABEL,2h_total,2h_total|1.5,1.5,over,kalshi,0.54,under,polymarket,0.4582,0.9982,0.1758,-0.7937,False,False,dryrun,high,computed
2026-07-06T20:28:29Z,26JUL07ARGEGY,team_total,team_total|argentina|2.5,2.5,over,polymarket,0.31,under,kalshi,0.68,0.99,1.0101,-0.5964,False,False,dryrun,high,computed
2026-07-06T20:28:29Z,26JUL06USABEL,2h_btts,2h_btts,,no,kalshi,0.62,yes,polymarket,0.37,0.99,1.0101,-0.6951,False,False,dryrun,high,computed
2026-07-06T20:28:29Z,26JUL06USABEL,team_total,team_total|usa|1.5,1.5,over,polymarket,0.47,under,kalshi,0.52,0.99,1.0101,-0.7937,False,False,dryrun,high,computed
2026-07-06T20:28:29Z,26JUL07SUICOL,team_total,team_total|switzerland|0.5,0.5,over,polymarket,0.6478,under,kalshi,0.35,0.9978,0.2218,-0.5964,False,False,dryrun,high,computed
2026-07-06T20:28:29Z,26JUL06USABEL,2h_total,2h_total|1.5,1.5,over,kalshi,0.54,under,polymarket,0.4582,0.9982,0.1758,-0.7937,False,False,dryrun,high,computed
2026-07-06T20:29:16Z,26JUL07ARGEGY,team_total,team_total|argentina|2.5,2.5,over,polymarket,0.31,under,kalshi,0.68,0.99,1.0101,-0.5964,False,False,dryrun,high,computed
2026-07-06T20:29:16Z,26JUL06USABEL,2h_btts,2h_btts,,no,kalshi,0.62,yes,polymarket,0.37,0.99,1.0101,-0.6951,False,False,dryrun,high,computed
2026-07-06T20:29:16Z,26JUL06USABEL,team_total,team_total|usa|1.5,1.5,over,polymarket,0.47,under,kalshi,0.52,0.99,1.0101,-0.7937,False,False,dryrun,high,computed
2026-07-06T20:29:16Z,26JUL07SUICOL,team_total,team_total|switzerland|0.5,0.5,over,polymarket,0.6478,under,kalshi,0.35,0.9978,0.2218,-0.5964,False,False,dryrun,high,computed
2026-07-06T20:29:16Z,26JUL06USABEL,2h_total,2h_total|1.5,1.5,over,kalshi,0.54,under,polymarket,0.4582,0.9982,0.1758,-0.7937,False,False,dryrun,high,computed
2026-07-06T20:29:36Z,26JUL07ARGEGY,team_total,team_total|argentina|2.5,2.5,over,polymarket,0.31,under,kalshi,0.68,0.99,1.0101,-0.5964,False,False,dryrun,high,computed
2026-07-06T20:29:36Z,26JUL06USABEL,2h_btts,2h_btts,,no,kalshi,0.62,yes,polymarket,0.37,0.99,1.0101,-0.6951,False,False,dryrun,high,computed
2026-07-06T20:29:36Z,26JUL06USABEL,team_total,team_total|usa|1.5,1.5,over,polymarket,0.47,under,kalshi,0.52,0.99,1.0101,-0.7937,False,False,dryrun,high,computed
2026-07-06T20:29:36Z,26JUL07SUICOL,team_total,team_total|switzerland|0.5,0.5,over,polymarket,0.6478,under,kalshi,0.35,0.9978,0.2218,-0.5964,False,False,dryrun,high,computed
2026-07-06T20:29:36Z,26JUL06USABEL,2h_total,2h_total|1.5,1.5,over,kalshi,0.54,under,polymarket,0.4582,0.9982,0.1758,-0.7937,False,False,dryrun,high,computed
2026-07-06T20:29:56Z,26JUL07ARGEGY,team_total,team_total|argentina|2.5,2.5,over,polymarket,0.31,under,kalshi,0.68,0.99,1.0101,-0.5964,False,False,dryrun,high,computed
2026-07-06T20:29:56Z,26JUL06USABEL,2h_btts,2h_btts,,no,kalshi,0.62,yes,polymarket,0.37,0.99,1.0101,-0.6951,False,False,dryrun,high,computed
2026-07-06T20:29:56Z,26JUL06USABEL,team_total,team_total|usa|1.5,1.5,over,polymarket,0.47,under,kalshi,0.52,0.99,1.0101,-0.7937,False,False,dryrun,high,computed
2026-07-06T20:29:56Z,26JUL07SUICOL,team_total,team_total|switzerland|0.5,0.5,over,polymarket,0.6478,under,kalshi,0.35,0.9978,0.2218,-0.5964,False,False,dryrun,high,computed
2026-07-06T20:29:56Z,26JUL06USABEL,2h_total,2h_total|1.5,1.5,over,kalshi,0.54,under,polymarket,0.4582,0.9982,0.1758,-0.7937,False,False,dryrun,high,computed
2026-07-06T20:30:16Z,26JUL07ARGEGY,team_total,team_total|argentina|2.5,2.5,over,polymarket,0.31,under,kalshi,0.68,0.99,1.0101,-0.5964,False,False,dryrun,high,computed
2026-07-06T20:30:16Z,26JUL06USABEL,2h_btts,2h_btts,,no,kalshi,0.62,yes,polymarket,0.37,0.99,1.0101,-0.6951,False,False,dryrun,high,computed
2026-07-06T20:30:16Z,26JUL06USABEL,team_total,team_total|usa|1.5,1.5,over,polymarket,0.47,under,kalshi,0.52,0.99,1.0101,-0.7937,False,False,dryrun,high,computed
2026-07-06T20:30:16Z,26JUL07SUICOL,team_total,team_total|switzerland|0.5,0.5,over,polymarket,0.6478,under,kalshi,0.35,0.9978,0.2218,-0.5964,False,False,dryrun,high,computed
2026-07-06T20:30:16Z,26JUL06USABEL,2h_total,2h_total|1.5,1.5,over,kalshi,0.54,under,polymarket,0.4582,0.9982,0.1758,-0.7937,False,False,dryrun,high,computed
2026-07-06T20:30:36Z,26JUL07ARGEGY,team_total,team_total|argentina|2.5,2.5,over,polymarket,0.31,under,kalshi,0.68,0.99,1.0101,-0.5964,False,False,dryrun,high,computed
2026-07-06T20:30:36Z,26JUL06USABEL,2h_btts,2h_btts,,no,kalshi,0.62,yes,polymarket,0.37,0.99,1.0101,-0.6951,False,False,dryrun,high,computed
2026-07-06T20:30:36Z,26JUL06USABEL,team_total,team_total|usa|1.5,1.5,over,polymarket,0.47,under,kalshi,0.52,0.99,1.0101,-0.7937,False,False,dryrun,high,computed
2026-07-06T20:30:36Z,26JUL07SUICOL,team_total,team_total|switzerland|0.5,0.5,over,polymarket,0.6478,under,kalshi,0.35,0.9978,0.2218,-0.5964,False,False,dryrun,high,computed
2026-07-06T20:30:36Z,26JUL06USABEL,2h_total,2h_total|1.5,1.5,over,kalshi,0.54,under,polymarket,0.4582,0.9982,0.1758,-0.7937,False,False,dryrun,high,computed
2026-07-06T20:30:56Z,26JUL07ARGEGY,team_total,team_total|argentina|2.5,2.5,over,polymarket,0.31,under,kalshi,0.68,0.99,1.0101,-0.5964,False,False,dryrun,high,computed
2026-07-06T20:30:56Z,26JUL06USABEL,2h_btts,2h_btts,,no,kalshi,0.62,yes,polymarket,0.37,0.99,1.0101,-0.6951,False,False,dryrun,high,computed
2026-07-06T20:30:56Z,26JUL06USABEL,team_total,team_total|usa|1.5,1.5,over,polymarket,0.47,under,kalshi,0.52,0.99,1.0101,-0.7937,False,False,dryrun,high,computed
2026-07-06T20:30:56Z,26JUL07SUICOL,team_total,team_total|switzerland|0.5,0.5,over,polymarket,0.6478,under,kalshi,0.35,0.9978,0.2218,-0.5964,False,False,dryrun,high,computed
2026-07-06T20:30:56Z,26JUL06USABEL,2h_total,2h_total|1.5,1.5,over,kalshi,0.54,under,polymarket,0.4582,0.9982,0.1758,-0.7937,False,False,dryrun,high,computed
2026-07-06T20:31:16Z,26JUL07ARGEGY,team_total,team_total|argentina|2.5,2.5,over,polymarket,0.31,under,kalshi,0.68,0.99,1.0101,-0.5964,False,False,dryrun,high,computed
2026-07-06T20:31:16Z,26JUL06USABEL,2h_btts,2h_btts,,no,kalshi,0.62,yes,polymarket,0.37,0.99,1.0101,-0.6951,False,False,dryrun,high,computed
2026-07-06T20:31:16Z,26JUL06USABEL,team_total,team_total|usa|1.5,1.5,over,polymarket,0.47,under,kalshi,0.52,0.99,1.0101,-0.7937,False,False,dryrun,high,computed
2026-07-06T20:31:16Z,26JUL07SUICOL,team_total,team_total|switzerland|0.5,0.5,over,polymarket,0.6478,under,kalshi,0.35,0.9978,0.2218,-0.5964,False,False,dryrun,high,computed
2026-07-06T20:31:16Z,26JUL06USABEL,2h_total,2h_total|1.5,1.5,over,kalshi,0.54,under,polymarket,0.4582,0.9982,0.1758,-0.7937,False,False,dryrun,high,computed
2026-07-06T20:31:36Z,26JUL07ARGEGY,team_total,team_total|argentina|2.5,2.5,over,polymarket,0.31,under,kalshi,0.68,0.99,1.0101,-0.5964,False,False,dryrun,high,computed
2026-07-06T20:31:36Z,26JUL06USABEL,2h_btts,2h_btts,,no,kalshi,0.62,yes,polymarket,0.37,0.99,1.0101,-0.6951,False,False,dryrun,high,computed
2026-07-06T20:31:36Z,26JUL06USABEL,team_total,team_total|usa|1.5,1.5,over,polymarket,0.47,under,kalshi,0.52,0.99,1.0101,-0.7937,False,False,dryrun,high,computed
2026-07-06T20:31:36Z,26JUL07SUICOL,team_total,team_total|switzerland|0.5,0.5,over,polymarket,0.6478,under,kalshi,0.35,0.9978,0.2218,-0.5964,False,False,dryrun,high,computed
2026-07-06T20:31:36Z,26JUL06USABEL,2h_total,2h_total|1.5,1.5,over,kalshi,0.54,under,polymarket,0.4582,0.9982,0.1758,-0.7937,False,False,dryrun,high,computed
2026-07-06T20:31:56Z,26JUL07ARGEGY,team_total,team_total|argentina|2.5,2.5,over,polymarket,0.31,under,kalshi,0.68,0.99,1.0101,-0.5964,False,False,dryrun,high,computed
2026-07-06T20:31:56Z,26JUL06USABEL,2h_btts,2h_btts,,no,kalshi,0.62,yes,polymarket,0.37,0.99,1.0101,-0.6951,False,False,dryrun,high,computed
2026-07-06T20:31:56Z,26JUL06USABEL,team_total,team_total|usa|1.5,1.5,over,polymarket,0.47,under,kalshi,0.52,0.99,1.0101,-0.7937,False,False,dryrun,high,computed
2026-07-06T20:31:56Z,26JUL07SUICOL,team_total,team_total|switzerland|0.5,0.5,over,polymarket,0.6478,under,kalshi,0.35,0.9978,0.2218,-0.5964,False,False,dryrun,high,computed
2026-07-06T20:31:56Z,26JUL06USABEL,2h_total,2h_total|1.5,1.5,over,kalshi,0.54,under,polymarket,0.4582,0.9982,0.1758,-0.7937,False,False,dryrun,high,computed
2026-07-06T20:32:16Z,26JUL07ARGEGY,team_total,team_total|argentina|2.5,2.5,over,polymarket,0.31,under,kalshi,0.68,0.99,1.0101,-0.5964,False,False,dryrun,high,computed
2026-07-06T20:32:16Z,26JUL06USABEL,1h_total,1h_total|1.5,1.5,over,polymarket,0.34,under,kalshi,0.65,0.99,1.0101,-0.5964,False,False,dryrun,high,computed
2026-07-06T20:32:16Z,26JUL06USABEL,2h_btts,2h_btts,,no,kalshi,0.62,yes,polymarket,0.37,0.99,1.0101,-0.6951,False,False,dryrun,high,computed
2026-07-06T20:32:16Z,26JUL06USABEL,team_total,team_total|usa|1.5,1.5,over,polymarket,0.47,under,kalshi,0.52,0.99,1.0101,-0.7937,False,False,dryrun,high,computed
2026-07-06T20:32:16Z,26JUL07SUICOL,team_total,team_total|switzerland|0.5,0.5,over,polymarket,0.6478,under,kalshi,0.35,0.9978,0.2218,-0.5964,False,False,dryrun,high,computed
2026-07-06T20:32:16Z,26JUL06USABEL,2h_total,2h_total|1.5,1.5,over,kalshi,0.54,under,polymarket,0.4582,0.9982,0.1758,-0.7937,False,False,dryrun,high,computed
2026-07-06T20:32:36Z,26JUL07ARGEGY,team_total,team_total|argentina|2.5,2.5,over,polymarket,0.31,under,kalshi,0.68,0.99,1.0101,-0.5964,False,False,dryrun,high,computed
2026-07-06T20:32:36Z,26JUL06USABEL,1h_total,1h_total|1.5,1.5,over,polymarket,0.34,under,kalshi,0.65,0.99,1.0101,-0.5964,False,False,dryrun,high,computed
2026-07-06T20:32:36Z,26JUL06USABEL,2h_btts,2h_btts,,no,kalshi,0.62,yes,polymarket,0.37,0.99,1.0101,-0.6951,False,False,dryrun,high,computed
2026-07-06T20:32:36Z,26JUL06USABEL,team_total,team_total|usa|1.5,1.5,over,polymarket,0.47,under,kalshi,0.52,0.99,1.0101,-0.7937,False,False,dryrun,high,computed
2026-07-06T20:32:36Z,26JUL07SUICOL,team_total,team_total|switzerland|0.5,0.5,over,polymarket,0.6478,under,kalshi,0.35,0.9978,0.2218,-0.5964,False,False,dryrun,high,computed
2026-07-06T20:32:36Z,26JUL06USABEL,2h_total,2h_total|1.5,1.5,over,kalshi,0.54,under,polymarket,0.4582,0.9982,0.1758,-0.7937,False,False,dryrun,high,computed
2026-07-06T20:32:56Z,26JUL07ARGEGY,team_total,team_total|argentina|2.5,2.5,over,polymarket,0.31,under,kalshi,0.68,0.99,1.0101,-0.5964,False,False,dryrun,high,computed
2026-07-06T20:32:56Z,26JUL06USABEL,1h_total,1h_total|1.5,1.5,over,polymarket,0.34,under,kalshi,0.65,0.99,1.0101,-0.5964,False,False,dryrun,high,computed
2026-07-06T20:32:56Z,26JUL06USABEL,2h_btts,2h_btts,,no,kalshi,0.62,yes,polymarket,0.37,0.99,1.0101,-0.6951,False,False,dryrun,high,computed
2026-07-06T20:32:56Z,26JUL06USABEL,team_total,team_total|usa|1.5,1.5,over,polymarket,0.47,under,kalshi,0.52,0.99,1.0101,-0.7937,False,False,dryrun,high,computed
2026-07-06T20:32:56Z,26JUL07SUICOL,team_total,team_total|switzerland|0.5,0.5,over,polymarket,0.6478,under,kalshi,0.35,0.9978,0.2218,-0.5964,False,False,dryrun,high,computed
2026-07-06T20:32:56Z,26JUL06USABEL,2h_total,2h_total|1.5,1.5,over,kalshi,0.54,under,polymarket,0.4582,0.9982,0.1758,-0.7937,False,False,dryrun,high,computed
2026-07-06T20:33:16Z,26JUL07ARGEGY,team_total,team_total|argentina|2.5,2.5,over,polymarket,0.31,under,kalshi,0.68,0.99,1.0101,-0.5964,False,False,dryrun,high,computed
2026-07-06T20:33:16Z,26JUL06USABEL,1h_total,1h_total|1.5,1.5,over,polymarket,0.34,under,kalshi,0.65,0.99,1.0101,-0.5964,False,False,dryrun,high,computed
2026-07-06T20:33:16Z,26JUL06USABEL,2h_btts,2h_btts,,no,kalshi,0.62,yes,polymarket,0.37,0.99,1.0101,-0.6951,False,False,dryrun,high,computed
2026-07-06T20:33:16Z,26JUL06USABEL,team_total,team_total|usa|1.5,1.5,over,polymarket,0.47,under,kalshi,0.52,0.99,1.0101,-0.7937,False,False,dryrun,high,computed
2026-07-06T20:33:16Z,26JUL07SUICOL,team_total,team_total|switzerland|0.5,0.5,over,polymarket,0.6478,under,kalshi,0.35,0.9978,0.2218,-0.5964,False,False,dryrun,high,computed
2026-07-06T20:33:16Z,26JUL06USABEL,2h_total,2h_total|1.5,1.5,over,kalshi,0.54,under,polymarket,0.4582,0.9982,0.1758,-0.7937,False,False,dryrun,high,computed
2026-07-06T20:33:36Z,26JUL07ARGEGY,team_total,team_total|argentina|2.5,2.5,over,polymarket,0.31,under,kalshi,0.68,0.99,1.0101,-0.5964,False,False,dryrun,high,computed
2026-07-06T20:33:36Z,26JUL06USABEL,1h_total,1h_total|1.5,1.5,over,polymarket,0.34,under,kalshi,0.65,0.99,1.0101,-0.5964,False,False,dryrun,high,computed
2026-07-06T20:33:36Z,26JUL06USABEL,2h_btts,2h_btts,,no,kalshi,0.62,yes,polymarket,0.37,0.99,1.0101,-0.6951,False,False,dryrun,high,computed
2026-07-06T20:33:36Z,26JUL06USABEL,team_total,team_total|usa|1.5,1.5,over,polymarket,0.47,under,kalshi,0.52,0.99,1.0101,-0.7937,False,False,dryrun,high,computed
2026-07-06T20:33:36Z,26JUL07SUICOL,team_total,team_total|switzerland|0.5,0.5,over,polymarket,0.6478,under,kalshi,0.35,0.9978,0.2218,-0.5964,False,False,dryrun,high,computed
2026-07-06T20:33:36Z,26JUL06USABEL,2h_total,2h_total|1.5,1.5,over,kalshi,0.54,under,polymarket,0.4582,0.9982,0.1758,-0.7937,False,False,dryrun,high,computed
2026-07-06T20:33:56Z,26JUL07ARGEGY,team_total,team_total|argentina|2.5,2.5,over,polymarket,0.31,under,kalshi,0.68,0.99,1.0101,-0.5964,False,False,dryrun,high,computed
2026-07-06T20:33:56Z,26JUL06USABEL,1h_total,1h_total|1.5,1.5,over,polymarket,0.34,under,kalshi,0.65,0.99,1.0101,-0.5964,False,False,dryrun,high,computed
2026-07-06T20:33:56Z,26JUL06USABEL,2h_btts,2h_btts,,no,kalshi,0.62,yes,polymarket,0.37,0.99,1.0101,-0.6951,False,False,dryrun,high,computed
2026-07-06T20:33:56Z,26JUL06USABEL,team_total,team_total|usa|1.5,1.5,over,polymarket,0.47,under,kalshi,0.52,0.99,1.0101,-0.7937,False,False,dryrun,high,computed
2026-07-06T20:33:56Z,26JUL07SUICOL,team_total,team_total|switzerland|0.5,0.5,over,polymarket,0.6478,under,kalshi,0.35,0.9978,0.2218,-0.5964,False,False,dryrun,high,computed
2026-07-06T20:33:56Z,26JUL06USABEL,2h_total,2h_total|1.5,1.5,over,kalshi,0.54,under,polymarket,0.4582,0.9982,0.1758,-0.7937,False,False,dryrun,high,computed
2026-07-06T20:34:16Z,26JUL07ARGEGY,team_total,team_total|argentina|2.5,2.5,over,polymarket,0.31,under,kalshi,0.68,0.99,1.0101,-0.5964,False,False,dryrun,high,computed
2026-07-06T20:34:16Z,26JUL06USABEL,1h_total,1h_total|1.5,1.5,over,polymarket,0.34,under,kalshi,0.65,0.99,1.0101,-0.5964,False,False,dryrun,high,computed
2026-07-06T20:34:16Z,26JUL06USABEL,2h_btts,2h_btts,,no,kalshi,0.62,yes,polymarket,0.37,0.99,1.0101,-0.6951,False,False,dryrun,high,computed
2026-07-06T20:34:16Z,26JUL06USABEL,team_total,team_total|usa|1.5,1.5,over,polymarket,0.47,under,kalshi,0.52,0.99,1.0101,-0.7937,False,False,dryrun,high,computed
2026-07-06T20:34:16Z,26JUL07SUICOL,team_total,team_total|switzerland|0.5,0.5,over,polymarket,0.6478,under,kalshi,0.35,0.9978,0.2218,-0.5964,False,False,dryrun,high,computed
2026-07-06T20:34:16Z,26JUL06USABEL,2h_total,2h_total|1.5,1.5,over,kalshi,0.54,under,polymarket,0.4582,0.9982,0.1758,-0.7937,False,False,dryrun,high,computed
2026-07-06T20:34:36Z,26JUL07ARGEGY,team_total,team_total|argentina|2.5,2.5,over,polymarket,0.31,under,kalshi,0.68,0.99,1.0101,-0.5964,False,False,dryrun,high,computed
2026-07-06T20:34:36Z,26JUL06USABEL,1h_total,1h_total|1.5,1.5,over,polymarket,0.34,under,kalshi,0.65,0.99,1.0101,-0.5964,False,False,dryrun,high,computed
2026-07-06T20:34:36Z,26JUL06USABEL,2h_btts,2h_btts,,no,kalshi,0.62,yes,polymarket,0.37,0.99,1.0101,-0.6951,False,False,dryrun,high,computed
2026-07-06T20:34:36Z,26JUL06USABEL,team_total,team_total|usa|1.5,1.5,over,polymarket,0.47,under,kalshi,0.52,0.99,1.0101,-0.7937,False,False,dryrun,high,computed
2026-07-06T20:34:36Z,26JUL07SUICOL,team_total,team_total|switzerland|0.5,0.5,over,polymarket,0.6478,under,kalshi,0.35,0.9978,0.2218,-0.5964,False,False,dryrun,high,computed
2026-07-06T20:34:36Z,26JUL06USABEL,2h_total,2h_total|1.5,1.5,over,kalshi,0.54,under,polymarket,0.4582,0.9982,0.1758,-0.7937,False,False,dryrun,high,computed
2026-07-06T20:34:56Z,26JUL07ARGEGY,team_total,team_total|argentina|2.5,2.5,over,polymarket,0.31,under,kalshi,0.68,0.99,1.0101,-0.5964,False,False,dryrun,high,computed
2026-07-06T20:34:56Z,26JUL06USABEL,1h_total,1h_total|1.5,1.5,over,polymarket,0.34,under,kalshi,0.65,0.99,1.0101,-0.5964,False,False,dryrun,high,computed
2026-07-06T20:34:56Z,26JUL06USABEL,2h_btts,2h_btts,,no,kalshi,0.62,yes,polymarket,0.37,0.99,1.0101,-0.6951,False,False,dryrun,high,computed
2026-07-06T20:34:56Z,26JUL06USABEL,team_total,team_total|usa|1.5,1.5,over,polymarket,0.47,under,kalshi,0.52,0.99,1.0101,-0.7937,False,False,dryrun,high,computed
2026-07-06T20:34:56Z,26JUL07SUICOL,team_total,team_total|switzerland|0.5,0.5,over,polymarket,0.6478,under,kalshi,0.35,0.9978,0.2218,-0.5964,False,False,dryrun,high,computed
2026-07-06T20:35:16Z,26JUL07ARGEGY,team_total,team_total|argentina|2.5,2.5,over,polymarket,0.31,under,kalshi,0.68,0.99,1.0101,-0.5964,False,False,dryrun,high,computed
2026-07-06T20:35:16Z,26JUL06USABEL,1h_total,1h_total|1.5,1.5,over,polymarket,0.34,under,kalshi,0.65,0.99,1.0101,-0.5964,False,False,dryrun,high,computed
2026-07-06T20:35:16Z,26JUL06USABEL,2h_btts,2h_btts,,no,kalshi,0.62,yes,polymarket,0.37,0.99,1.0101,-0.6951,False,False,dryrun,high,computed
2026-07-06T20:35:16Z,26JUL06USABEL,team_total,team_total|usa|1.5,1.5,over,polymarket,0.47,under,kalshi,0.52,0.99,1.0101,-0.7937,False,False,dryrun,high,computed
2026-07-06T20:35:16Z,26JUL07SUICOL,team_total,team_total|switzerland|0.5,0.5,over,polymarket,0.6478,under,kalshi,0.35,0.9978,0.2218,-0.5964,False,False,dryrun,high,computed
2026-07-06T20:35:36Z,26JUL07ARGEGY,team_total,team_total|argentina|2.5,2.5,over,polymarket,0.31,under,kalshi,0.68,0.99,1.0101,-0.5964,False,False,dryrun,high,computed
2026-07-06T20:35:36Z,26JUL06USABEL,1h_total,1h_total|1.5,1.5,over,polymarket,0.34,under,kalshi,0.65,0.99,1.0101,-0.5964,False,False,dryrun,high,computed
2026-07-06T20:35:36Z,26JUL06USABEL,2h_btts,2h_btts,,no,kalshi,0.62,yes,polymarket,0.37,0.99,1.0101,-0.6951,False,False,dryrun,high,computed
2026-07-06T20:35:36Z,26JUL06USABEL,team_total,team_total|usa|1.5,1.5,over,polymarket,0.47,under,kalshi,0.52,0.99,1.0101,-0.7937,False,False,dryrun,high,computed
2026-07-06T20:35:36Z,26JUL07SUICOL,team_total,team_total|switzerland|0.5,0.5,over,polymarket,0.6478,under,kalshi,0.35,0.9978,0.2218,-0.5964,False,False,dryrun,high,computed
2026-07-06T20:35:56Z,26JUL07ARGEGY,team_total,team_total|argentina|2.5,2.5,over,polymarket,0.31,under,kalshi,0.68,0.99,1.0101,-0.5964,False,False,dryrun,high,computed
2026-07-06T20:35:56Z,26JUL06USABEL,1h_total,1h_total|1.5,1.5,over,polymarket,0.34,under,kalshi,0.65,0.99,1.0101,-0.5964,False,False,dryrun,high,computed
2026-07-06T20:35:56Z,26JUL06USABEL,2h_btts,2h_btts,,no,kalshi,0.62,yes,polymarket,0.37,0.99,1.0101,-0.6951,False,False,dryrun,high,computed
2026-07-06T20:35:56Z,26JUL06USABEL,team_total,team_total|usa|1.5,1.5,over,polymarket,0.47,under,kalshi,0.52,0.99,1.0101,-0.7937,False,False,dryrun,high,computed
2026-07-06T20:35:56Z,26JUL07SUICOL,team_total,team_total|switzerland|0.5,0.5,over,polymarket,0.6478,under,kalshi,0.35,0.9978,0.2218,-0.5964,False,False,dryrun,high,computed
2026-07-06T20:36:16Z,26JUL07ARGEGY,team_total,team_total|argentina|2.5,2.5,over,polymarket,0.31,under,kalshi,0.68,0.99,1.0101,-0.5964,False,False,dryrun,high,computed
2026-07-06T20:36:16Z,26JUL06USABEL,1h_total,1h_total|1.5,1.5,over,polymarket,0.34,under,kalshi,0.65,0.99,1.0101,-0.5964,False,False,dryrun,high,computed
2026-07-06T20:36:16Z,26JUL06USABEL,2h_btts,2h_btts,,no,kalshi,0.62,yes,polymarket,0.37,0.99,1.0101,-0.6951,False,False,dryrun,high,computed
2026-07-06T20:36:16Z,26JUL06USABEL,team_total,team_total|usa|1.5,1.5,over,polymarket,0.47,under,kalshi,0.52,0.99,1.0101,-0.7937,False,False,dryrun,high,computed
2026-07-06T20:36:16Z,26JUL07SUICOL,team_total,team_total|switzerland|0.5,0.5,over,polymarket,0.6478,under,kalshi,0.35,0.9978,0.2218,-0.5964,False,False,dryrun,high,computed
2026-07-06T20:36:36Z,26JUL07ARGEGY,team_total,team_total|argentina|2.5,2.5,over,polymarket,0.31,under,kalshi,0.68,0.99,1.0101,-0.5964,False,False,dryrun,high,computed
2026-07-06T20:36:36Z,26JUL06USABEL,1h_total,1h_total|1.5,1.5,over,polymarket,0.34,under,kalshi,0.65,0.99,1.0101,-0.5964,False,False,dryrun,high,computed
2026-07-06T20:36:36Z,26JUL06USABEL,2h_btts,2h_btts,,no,kalshi,0.62,yes,polymarket,0.37,0.99,1.0101,-0.6951,False,False,dryrun,high,computed
2026-07-06T20:36:36Z,26JUL06USABEL,team_total,team_total|usa|1.5,1.5,over,polymarket,0.47,under,kalshi,0.52,0.99,1.0101,-0.7937,False,False,dryrun,high,computed
2026-07-06T20:36:36Z,26JUL07SUICOL,team_total,team_total|switzerland|0.5,0.5,over,polymarket,0.6478,under,kalshi,0.35,0.9978,0.2218,-0.5964,False,False,dryrun,high,computed
2026-07-06T20:36:56Z,26JUL07ARGEGY,team_total,team_total|argentina|2.5,2.5,over,polymarket,0.31,under,kalshi,0.68,0.99,1.0101,-0.5964,False,False,dryrun,high,computed
2026-07-06T20:36:56Z,26JUL06USABEL,1h_total,1h_total|1.5,1.5,over,polymarket,0.34,under,kalshi,0.65,0.99,1.0101,-0.5964,False,False,dryrun,high,computed
2026-07-06T20:36:56Z,26JUL06USABEL,2h_btts,2h_btts,,no,kalshi,0.62,yes,polymarket,0.37,0.99,1.0101,-0.6951,False,False,dryrun,high,computed
2026-07-06T20:36:56Z,26JUL06USABEL,team_total,team_total|usa|1.5,1.5,over,polymarket,0.47,under,kalshi,0.52,0.99,1.0101,-0.7937,False,False,dryrun,high,computed
2026-07-06T20:36:56Z,26JUL07SUICOL,team_total,team_total|switzerland|0.5,0.5,over,polymarket,0.6478,under,kalshi,0.35,0.9978,0.2218,-0.5964,False,False,dryrun,high,computed
2026-07-06T20:37:16Z,26JUL07ARGEGY,team_total,team_total|argentina|2.5,2.5,over,polymarket,0.31,under,kalshi,0.68,0.99,1.0101,-0.5964,False,False,dryrun,high,computed
2026-07-06T20:37:16Z,26JUL06USABEL,1h_total,1h_total|1.5,1.5,over,polymarket,0.34,under,kalshi,0.65,0.99,1.0101,-0.5964,False,False,dryrun,high,computed
2026-07-06T20:37:16Z,26JUL06USABEL,2h_btts,2h_btts,,no,kalshi,0.62,yes,polymarket,0.37,0.99,1.0101,-0.6951,False,False,dryrun,high,computed
2026-07-06T20:37:16Z,26JUL06USABEL,team_total,team_total|usa|1.5,1.5,over,polymarket,0.47,under,kalshi,0.52,0.99,1.0101,-0.7937,False,False,dryrun,high,computed
2026-07-06T20:37:16Z,26JUL07SUICOL,team_total,team_total|switzerland|0.5,0.5,over,polymarket,0.6478,under,kalshi,0.35,0.9978,0.2218,-0.5964,False,False,dryrun,high,computed
2026-07-06T20:37:47Z,26JUL07ARGEGY,team_total,team_total|argentina|2.5,2.5,over,polymarket,0.31,under,kalshi,0.68,0.99,1.0101,-0.5964,False,False,dryrun,high,computed
2026-07-06T20:37:47Z,26JUL06USABEL,1h_total,1h_total|1.5,1.5,over,polymarket,0.34,under,kalshi,0.65,0.99,1.0101,-0.5964,False,False,dryrun,high,computed
2026-07-06T20:37:47Z,26JUL06USABEL,2h_btts,2h_btts,,no,kalshi,0.62,yes,polymarket,0.37,0.99,1.0101,-0.6951,False,False,dryrun,high,computed
2026-07-06T20:37:47Z,26JUL06USABEL,team_total,team_total|usa|1.5,1.5,over,polymarket,0.47,under,kalshi,0.52,0.99,1.0101,-0.7937,False,False,dryrun,high,computed
2026-07-06T20:37:47Z,26JUL07SUICOL,team_total,team_total|switzerland|0.5,0.5,over,polymarket,0.6478,under,kalshi,0.35,0.9978,0.2218,-0.5964,False,False,dryrun,high,computed
2026-07-06T20:38:13Z,26JUL07ARGEGY,team_total,team_total|argentina|2.5,2.5,over,polymarket,0.31,under,kalshi,0.68,0.99,1.0101,-0.5964,False,False,dryrun,high,computed
2026-07-06T20:38:13Z,26JUL06USABEL,1h_total,1h_total|1.5,1.5,over,polymarket,0.34,under,kalshi,0.65,0.99,1.0101,-0.5964,False,False,dryrun,high,computed
2026-07-06T20:38:13Z,26JUL06USABEL,2h_btts,2h_btts,,no,kalshi,0.62,yes,polymarket,0.37,0.99,1.0101,-0.6951,False,False,dryrun,high,computed
2026-07-06T20:38:13Z,26JUL06USABEL,team_total,team_total|usa|1.5,1.5,over,polymarket,0.47,under,kalshi,0.52,0.99,1.0101,-0.7937,False,False,dryrun,high,computed
2026-07-06T20:38:13Z,26JUL07SUICOL,team_total,team_total|switzerland|0.5,0.5,over,polymarket,0.6478,under,kalshi,0.35,0.9978,0.2218,-0.5964,False,False,dryrun,high,computed
2026-07-06T20:38:33Z,26JUL07ARGEGY,team_total,team_total|argentina|2.5,2.5,over,polymarket,0.31,under,kalshi,0.68,0.99,1.0101,-0.5964,False,False,dryrun,high,computed
2026-07-06T20:38:33Z,26JUL06USABEL,1h_total,1h_total|1.5,1.5,over,polymarket,0.34,under,kalshi,0.65,0.99,1.0101,-0.5964,False,False,dryrun,high,computed
2026-07-06T20:38:33Z,26JUL06USABEL,2h_btts,2h_btts,,no,kalshi,0.62,yes,polymarket,0.37,0.99,1.0101,-0.6951,False,False,dryrun,high,computed
2026-07-06T20:38:33Z,26JUL06USABEL,team_total,team_total|usa|1.5,1.5,over,polymarket,0.47,under,kalshi,0.52,0.99,1.0101,-0.7937,False,False,dryrun,high,computed
2026-07-06T20:38:33Z,26JUL07SUICOL,team_total,team_total|switzerland|0.5,0.5,over,polymarket,0.6478,under,kalshi,0.35,0.9978,0.2218,-0.5964,False,False,dryrun,high,computed
2026-07-06T20:38:53Z,26JUL07ARGEGY,team_total,team_total|argentina|2.5,2.5,over,polymarket,0.31,under,kalshi,0.68,0.99,1.0101,-0.5964,False,False,dryrun,high,computed
2026-07-06T20:38:53Z,26JUL06USABEL,1h_total,1h_total|1.5,1.5,over,polymarket,0.34,under,kalshi,0.65,0.99,1.0101,-0.5964,False,False,dryrun,high,computed
2026-07-06T20:38:53Z,26JUL06USABEL,2h_btts,2h_btts,,no,kalshi,0.62,yes,polymarket,0.37,0.99,1.0101,-0.6951,False,False,dryrun,high,computed
2026-07-06T20:38:53Z,26JUL06USABEL,team_total,team_total|usa|1.5,1.5,over,polymarket,0.47,under,kalshi,0.52,0.99,1.0101,-0.7937,False,False,dryrun,high,computed
2026-07-06T20:38:53Z,26JUL07SUICOL,team_total,team_total|switzerland|0.5,0.5,over,polymarket,0.6478,under,kalshi,0.35,0.9978,0.2218,-0.5964,False,False,dryrun,high,computed
2026-07-06T20:39:13Z,26JUL07ARGEGY,team_total,team_total|argentina|2.5,2.5,over,polymarket,0.31,under,kalshi,0.68,0.99,1.0101,-0.5964,False,False,dryrun,high,computed
2026-07-06T20:39:13Z,26JUL06USABEL,1h_total,1h_total|1.5,1.5,over,polymarket,0.34,under,kalshi,0.65,0.99,1.0101,-0.5964,False,False,dryrun,high,computed
2026-07-06T20:39:13Z,26JUL06USABEL,2h_btts,2h_btts,,no,kalshi,0.62,yes,polymarket,0.37,0.99,1.0101,-0.6951,False,False,dryrun,high,computed
2026-07-06T20:39:13Z,26JUL06USABEL,team_total,team_total|usa|1.5,1.5,over,polymarket,0.47,under,kalshi,0.52,0.99,1.0101,-0.7937,False,False,dryrun,high,computed
2026-07-06T20:39:13Z,26JUL07SUICOL,team_total,team_total|switzerland|0.5,0.5,over,polymarket,0.6478,under,kalshi,0.35,0.9978,0.2218,-0.5964,False,False,dryrun,high,computed
2026-07-06T20:39:33Z,26JUL07ARGEGY,team_total,team_total|argentina|2.5,2.5,over,polymarket,0.31,under,kalshi,0.68,0.99,1.0101,-0.5964,False,False,dryrun,high,computed
2026-07-06T20:39:33Z,26JUL06USABEL,1h_total,1h_total|1.5,1.5,over,polymarket,0.34,under,kalshi,0.65,0.99,1.0101,-0.5964,False,False,dryrun,high,computed
2026-07-06T20:39:33Z,26JUL06USABEL,2h_btts,2h_btts,,no,kalshi,0.62,yes,polymarket,0.37,0.99,1.0101,-0.6951,False,False,dryrun,high,computed
2026-07-06T20:39:33Z,26JUL06USABEL,team_total,team_total|usa|1.5,1.5,over,polymarket,0.47,under,kalshi,0.52,0.99,1.0101,-0.7937,False,False,dryrun,high,computed
2026-07-06T20:39:33Z,26JUL07SUICOL,team_total,team_total|switzerland|0.5,0.5,over,polymarket,0.6478,under,kalshi,0.35,0.9978,0.2218,-0.5964,False,False,dryrun,high,computed
2026-07-06T20:39:53Z,26JUL07ARGEGY,team_total,team_total|argentina|2.5,2.5,over,polymarket,0.31,under,kalshi,0.68,0.99,1.0101,-0.5964,False,False,dryrun,high,computed
2026-07-06T20:39:53Z,26JUL06USABEL,1h_total,1h_total|1.5,1.5,over,polymarket,0.34,under,kalshi,0.65,0.99,1.0101,-0.5964,False,False,dryrun,high,computed
2026-07-06T20:39:53Z,26JUL06USABEL,2h_btts,2h_btts,,no,kalshi,0.62,yes,polymarket,0.37,0.99,1.0101,-0.6951,False,False,dryrun,high,computed
2026-07-06T20:39:53Z,26JUL06USABEL,team_total,team_total|usa|1.5,1.5,over,polymarket,0.47,under,kalshi,0.52,0.99,1.0101,-0.7937,False,False,dryrun,high,computed
2026-07-06T20:39:53Z,26JUL07SUICOL,team_total,team_total|switzerland|0.5,0.5,over,polymarket,0.6478,under,kalshi,0.35,0.9978,0.2218,-0.5964,False,False,dryrun,high,computed
2026-07-06T20:40:13Z,26JUL07ARGEGY,team_total,team_total|argentina|2.5,2.5,over,polymarket,0.31,under,kalshi,0.68,0.99,1.0101,-0.5964,False,False,dryrun,high,computed
2026-07-06T20:40:13Z,26JUL06USABEL,1h_total,1h_total|1.5,1.5,over,polymarket,0.34,under,kalshi,0.65,0.99,1.0101,-0.5964,False,False,dryrun,high,computed
2026-07-06T20:40:13Z,26JUL06USABEL,2h_btts,2h_btts,,no,kalshi,0.62,yes,polymarket,0.37,0.99,1.0101,-0.6951,False,False,dryrun,high,computed
2026-07-06T20:40:13Z,26JUL06USABEL,team_total,team_total|usa|1.5,1.5,over,polymarket,0.47,under,kalshi,0.52,0.99,1.0101,-0.7937,False,False,dryrun,high,computed
2026-07-06T20:40:13Z,26JUL07SUICOL,team_total,team_total|switzerland|0.5,0.5,over,polymarket,0.6478,under,kalshi,0.35,0.9978,0.2218,-0.5964,False,False,dryrun,high,computed
2026-07-06T20:40:33Z,26JUL07ARGEGY,team_total,team_total|argentina|2.5,2.5,over,polymarket,0.31,under,kalshi,0.68,0.99,1.0101,-0.5964,False,False,dryrun,high,computed
2026-07-06T20:40:33Z,26JUL06USABEL,1h_total,1h_total|1.5,1.5,over,polymarket,0.34,under,kalshi,0.65,0.99,1.0101,-0.5964,False,False,dryrun,high,computed
2026-07-06T20:40:33Z,26JUL06USABEL,2h_btts,2h_btts,,no,kalshi,0.62,yes,polymarket,0.37,0.99,1.0101,-0.6951,False,False,dryrun,high,computed
2026-07-06T20:40:33Z,26JUL06USABEL,team_total,team_total|usa|1.5,1.5,over,polymarket,0.47,under,kalshi,0.52,0.99,1.0101,-0.7937,False,False,dryrun,high,computed
2026-07-06T20:40:33Z,26JUL07SUICOL,team_total,team_total|switzerland|0.5,0.5,over,polymarket,0.6478,under,kalshi,0.35,0.9978,0.2218,-0.5964,False,False,dryrun,high,computed
2026-07-06T20:40:53Z,26JUL07ARGEGY,team_total,team_total|argentina|2.5,2.5,over,polymarket,0.31,under,kalshi,0.68,0.99,1.0101,-0.5964,False,False,dryrun,high,computed
2026-07-06T20:40:53Z,26JUL06USABEL,1h_total,1h_total|1.5,1.5,over,polymarket,0.34,under,kalshi,0.65,0.99,1.0101,-0.5964,False,False,dryrun,high,computed
2026-07-06T20:40:53Z,26JUL06USABEL,2h_btts,2h_btts,,no,kalshi,0.62,yes,polymarket,0.37,0.99,1.0101,-0.6951,False,False,dryrun,high,computed
2026-07-06T20:40:53Z,26JUL06USABEL,team_total,team_total|usa|1.5,1.5,over,polymarket,0.47,under,kalshi,0.52,0.99,1.0101,-0.7937,False,False,dryrun,high,computed
2026-07-06T20:40:53Z,26JUL07SUICOL,team_total,team_total|switzerland|0.5,0.5,over,polymarket,0.6478,under,kalshi,0.35,0.9978,0.2218,-0.5964,False,False,dryrun,high,computed
2026-07-06T20:41:13Z,26JUL07ARGEGY,team_total,team_total|argentina|2.5,2.5,over,polymarket,0.31,under,kalshi,0.68,0.99,1.0101,-0.5964,False,False,dryrun,high,computed
2026-07-06T20:41:13Z,26JUL06USABEL,1h_total,1h_total|1.5,1.5,over,polymarket,0.34,under,kalshi,0.65,0.99,1.0101,-0.5964,False,False,dryrun,high,computed
2026-07-06T20:41:13Z,26JUL06USABEL,2h_btts,2h_btts,,no,kalshi,0.62,yes,polymarket,0.37,0.99,1.0101,-0.6951,False,False,dryrun,high,computed
2026-07-06T20:41:13Z,26JUL06USABEL,team_total,team_total|usa|1.5,1.5,over,polymarket,0.47,under,kalshi,0.52,0.99,1.0101,-0.7937,False,False,dryrun,high,computed
2026-07-06T20:41:13Z,26JUL07SUICOL,team_total,team_total|switzerland|0.5,0.5,over,polymarket,0.6478,under,kalshi,0.35,0.9978,0.2218,-0.5964,False,False,dryrun,high,computed
2026-07-06T20:41:33Z,26JUL07ARGEGY,team_total,team_total|argentina|2.5,2.5,over,polymarket,0.31,under,kalshi,0.68,0.99,1.0101,-0.5964,False,False,dryrun,high,computed
2026-07-06T20:41:33Z,26JUL06USABEL,1h_total,1h_total|1.5,1.5,over,polymarket,0.34,under,kalshi,0.65,0.99,1.0101,-0.5964,False,False,dryrun,high,computed
2026-07-06T20:41:33Z,26JUL06USABEL,2h_btts,2h_btts,,no,kalshi,0.62,yes,polymarket,0.37,0.99,1.0101,-0.6951,False,False,dryrun,high,computed
2026-07-06T20:41:33Z,26JUL06USABEL,team_total,team_total|usa|1.5,1.5,over,polymarket,0.47,under,kalshi,0.52,0.99,1.0101,-0.7937,False,False,dryrun,high,computed
2026-07-06T20:41:33Z,26JUL07SUICOL,team_total,team_total|switzerland|0.5,0.5,over,polymarket,0.6478,under,kalshi,0.35,0.9978,0.2218,-0.5964,False,False,dryrun,high,computed
2026-07-06T20:41:53Z,26JUL07ARGEGY,team_total,team_total|argentina|2.5,2.5,over,polymarket,0.31,under,kalshi,0.68,0.99,1.0101,-0.5964,False,False,dryrun,high,computed
2026-07-06T20:41:53Z,26JUL06USABEL,1h_total,1h_total|1.5,1.5,over,polymarket,0.34,under,kalshi,0.65,0.99,1.0101,-0.5964,False,False,dryrun,high,computed
2026-07-06T20:41:53Z,26JUL06USABEL,2h_btts,2h_btts,,no,kalshi,0.62,yes,polymarket,0.37,0.99,1.0101,-0.6951,False,False,dryrun,high,computed
2026-07-06T20:41:53Z,26JUL06USABEL,team_total,team_total|usa|1.5,1.5,over,polymarket,0.47,under,kalshi,0.52,0.99,1.0101,-0.7937,False,False,dryrun,high,computed
2026-07-06T20:41:53Z,26JUL07SUICOL,team_total,team_total|switzerland|0.5,0.5,over,polymarket,0.6478,under,kalshi,0.35,0.9978,0.2218,-0.5964,False,False,dryrun,high,computed
2026-07-06T20:42:13Z,26JUL07ARGEGY,team_total,team_total|argentina|2.5,2.5,over,polymarket,0.31,under,kalshi,0.68,0.99,1.0101,-0.5964,False,False,dryrun,high,computed
2026-07-06T20:42:13Z,26JUL06USABEL,1h_total,1h_total|1.5,1.5,over,polymarket,0.34,under,kalshi,0.65,0.99,1.0101,-0.5964,False,False,dryrun,high,computed
2026-07-06T20:42:13Z,26JUL06USABEL,2h_btts,2h_btts,,no,kalshi,0.62,yes,polymarket,0.37,0.99,1.0101,-0.6951,False,False,dryrun,high,computed
2026-07-06T20:42:13Z,26JUL06USABEL,team_total,team_total|usa|1.5,1.5,over,polymarket,0.47,under,kalshi,0.52,0.99,1.0101,-0.7937,False,False,dryrun,high,computed
2026-07-06T20:42:13Z,26JUL07SUICOL,team_total,team_total|switzerland|0.5,0.5,over,polymarket,0.6478,under,kalshi,0.35,0.9978,0.2218,-0.5964,False,False,dryrun,high,computed
2026-07-06T20:42:33Z,26JUL07ARGEGY,team_total,team_total|argentina|2.5,2.5,over,polymarket,0.31,under,kalshi,0.68,0.99,1.0101,-0.5964,False,False,dryrun,high,computed
2026-07-06T20:42:33Z,26JUL06USABEL,1h_total,1h_total|1.5,1.5,over,polymarket,0.34,under,kalshi,0.65,0.99,1.0101,-0.5964,False,False,dryrun,high,computed
2026-07-06T20:42:33Z,26JUL06USABEL,2h_btts,2h_btts,,no,kalshi,0.62,yes,polymarket,0.37,0.99,1.0101,-0.6951,False,False,dryrun,high,computed
2026-07-06T20:42:33Z,26JUL06USABEL,team_total,team_total|usa|1.5,1.5,over,polymarket,0.47,under,kalshi,0.52,0.99,1.0101,-0.7937,False,False,dryrun,high,computed
2026-07-06T20:42:33Z,26JUL07SUICOL,team_total,team_total|switzerland|0.5,0.5,over,polymarket,0.6478,under,kalshi,0.35,0.9978,0.2218,-0.5964,False,False,dryrun,high,computed
2026-07-06T20:42:53Z,26JUL07ARGEGY,team_total,team_total|argentina|2.5,2.5,over,polymarket,0.31,under,kalshi,0.68,0.99,1.0101,-0.5964,False,False,dryrun,high,computed
2026-07-06T20:42:53Z,26JUL06USABEL,1h_total,1h_total|1.5,1.5,over,polymarket,0.34,under,kalshi,0.65,0.99,1.0101,-0.5964,False,False,dryrun,high,computed
2026-07-06T20:42:53Z,26JUL06USABEL,2h_btts,2h_btts,,no,kalshi,0.62,yes,polymarket,0.37,0.99,1.0101,-0.6951,False,False,dryrun,high,computed
2026-07-06T20:42:53Z,26JUL06USABEL,team_total,team_total|usa|1.5,1.5,over,polymarket,0.47,under,kalshi,0.52,0.99,1.0101,-0.7937,False,False,dryrun,high,computed
2026-07-06T20:42:53Z,26JUL07SUICOL,team_total,team_total|switzerland|0.5,0.5,over,polymarket,0.6478,under,kalshi,0.35,0.9978,0.2218,-0.5964,False,False,dryrun,high,computed
2026-07-06T20:43:13Z,26JUL07ARGEGY,team_total,team_total|argentina|2.5,2.5,over,polymarket,0.31,under,kalshi,0.68,0.99,1.0101,-0.5964,False,False,dryrun,high,computed
2026-07-06T20:43:13Z,26JUL06USABEL,1h_total,1h_total|1.5,1.5,over,polymarket,0.34,under,kalshi,0.65,0.99,1.0101,-0.5964,False,False,dryrun,high,computed
2026-07-06T20:43:13Z,26JUL06USABEL,2h_btts,2h_btts,,no,kalshi,0.62,yes,polymarket,0.37,0.99,1.0101,-0.6951,False,False,dryrun,high,computed
2026-07-06T20:43:13Z,26JUL06USABEL,team_total,team_total|usa|1.5,1.5,over,polymarket,0.47,under,kalshi,0.52,0.99,1.0101,-0.7937,False,False,dryrun,high,computed
2026-07-06T20:43:13Z,26JUL07SUICOL,team_total,team_total|switzerland|0.5,0.5,over,polymarket,0.6478,under,kalshi,0.35,0.9978,0.2218,-0.5964,False,False,dryrun,high,computed
2026-07-06T20:43:33Z,26JUL07ARGEGY,team_total,team_total|argentina|2.5,2.5,over,polymarket,0.31,under,kalshi,0.68,0.99,1.0101,-0.5964,False,False,dryrun,high,computed
2026-07-06T20:43:33Z,26JUL06USABEL,1h_total,1h_total|1.5,1.5,over,polymarket,0.34,under,kalshi,0.65,0.99,1.0101,-0.5964,False,False,dryrun,high,computed
2026-07-06T20:43:33Z,26JUL06USABEL,2h_btts,2h_btts,,no,kalshi,0.62,yes,polymarket,0.37,0.99,1.0101,-0.6951,False,False,dryrun,high,computed
2026-07-06T20:43:33Z,26JUL06USABEL,team_total,team_total|usa|1.5,1.5,over,polymarket,0.47,under,kalshi,0.52,0.99,1.0101,-0.7937,False,False,dryrun,high,computed
2026-07-06T20:43:33Z,26JUL07SUICOL,team_total,team_total|switzerland|0.5,0.5,over,polymarket,0.6478,under,kalshi,0.35,0.9978,0.2218,-0.5964,False,False,dryrun,high,computed
2026-07-06T20:43:53Z,26JUL07ARGEGY,team_total,team_total|argentina|2.5,2.5,over,polymarket,0.31,under,kalshi,0.68,0.99,1.0101,-0.5964,False,False,dryrun,high,computed
2026-07-06T20:43:53Z,26JUL06USABEL,1h_total,1h_total|1.5,1.5,over,polymarket,0.34,under,kalshi,0.65,0.99,1.0101,-0.5964,False,False,dryrun,high,computed
2026-07-06T20:43:53Z,26JUL06USABEL,2h_btts,2h_btts,,no,kalshi,0.62,yes,polymarket,0.37,0.99,1.0101,-0.6951,False,False,dryrun,high,computed
2026-07-06T20:43:53Z,26JUL06USABEL,team_total,team_total|usa|1.5,1.5,over,polymarket,0.47,under,kalshi,0.52,0.99,1.0101,-0.7937,False,False,dryrun,high,computed
2026-07-06T20:43:53Z,26JUL07SUICOL,team_total,team_total|switzerland|0.5,0.5,over,polymarket,0.6478,under,kalshi,0.35,0.9978,0.2218,-0.5964,False,False,dryrun,high,computed
2026-07-06T20:44:13Z,26JUL07ARGEGY,team_total,team_total|argentina|2.5,2.5,over,polymarket,0.31,under,kalshi,0.68,0.99,1.0101,-0.5964,False,False,dryrun,high,computed
2026-07-06T20:44:13Z,26JUL06USABEL,1h_total,1h_total|1.5,1.5,over,polymarket,0.34,under,kalshi,0.65,0.99,1.0101,-0.5964,False,False,dryrun,high,computed
2026-07-06T20:44:13Z,26JUL06USABEL,2h_btts,2h_btts,,no,kalshi,0.62,yes,polymarket,0.37,0.99,1.0101,-0.6951,False,False,dryrun,high,computed
2026-07-06T20:44:13Z,26JUL06USABEL,team_total,team_total|usa|1.5,1.5,over,polymarket,0.47,under,kalshi,0.52,0.99,1.0101,-0.7937,False,False,dryrun,high,computed
2026-07-06T20:44:13Z,26JUL07SUICOL,team_total,team_total|switzerland|0.5,0.5,over,polymarket,0.6478,under,kalshi,0.35,0.9978,0.2218,-0.5964,False,False,dryrun,high,computed
2026-07-06T20:44:33Z,26JUL07ARGEGY,team_total,team_total|argentina|2.5,2.5,over,polymarket,0.31,under,kalshi,0.68,0.99,1.0101,-0.5964,False,False,dryrun,high,computed
2026-07-06T20:44:33Z,26JUL06USABEL,1h_total,1h_total|1.5,1.5,over,polymarket,0.34,under,kalshi,0.65,0.99,1.0101,-0.5964,False,False,dryrun,high,computed
2026-07-06T20:44:33Z,26JUL06USABEL,2h_btts,2h_btts,,no,kalshi,0.62,yes,polymarket,0.37,0.99,1.0101,-0.6951,False,False,dryrun,high,computed
2026-07-06T20:44:33Z,26JUL06USABEL,team_total,team_total|usa|1.5,1.5,over,polymarket,0.47,under,kalshi,0.52,0.99,1.0101,-0.7937,False,False,dryrun,high,computed
2026-07-06T20:44:33Z,26JUL07SUICOL,team_total,team_total|switzerland|0.5,0.5,over,polymarket,0.6478,under,kalshi,0.35,0.9978,0.2218,-0.5964,False,False,dryrun,high,computed
2026-07-06T20:44:53Z,26JUL07ARGEGY,team_total,team_total|argentina|2.5,2.5,over,polymarket,0.31,under,kalshi,0.68,0.99,1.0101,-0.5964,False,False,dryrun,high,computed
2026-07-06T20:44:53Z,26JUL06USABEL,1h_total,1h_total|1.5,1.5,over,polymarket,0.34,under,kalshi,0.65,0.99,1.0101,-0.5964,False,False,dryrun,high,computed
2026-07-06T20:44:53Z,26JUL06USABEL,2h_btts,2h_btts,,no,kalshi,0.62,yes,polymarket,0.37,0.99,1.0101,-0.6951,False,False,dryrun,high,computed
2026-07-06T20:44:53Z,26JUL06USABEL,team_total,team_total|usa|1.5,1.5,over,polymarket,0.47,under,kalshi,0.52,0.99,1.0101,-0.7937,False,False,dryrun,high,computed
2026-07-06T20:44:53Z,26JUL07SUICOL,team_total,team_total|switzerland|0.5,0.5,over,polymarket,0.6478,under,kalshi,0.35,0.9978,0.2218,-0.5964,False,False,dryrun,high,computed
2026-07-06T20:45:13Z,26JUL07ARGEGY,team_total,team_total|argentina|2.5,2.5,over,polymarket,0.31,under,kalshi,0.68,0.99,1.0101,-0.5964,False,False,dryrun,high,computed
2026-07-06T20:45:13Z,26JUL06USABEL,1h_total,1h_total|1.5,1.5,over,polymarket,0.34,under,kalshi,0.65,0.99,1.0101,-0.5964,False,False,dryrun,high,computed
2026-07-06T20:45:13Z,26JUL06USABEL,2h_btts,2h_btts,,no,kalshi,0.62,yes,polymarket,0.37,0.99,1.0101,-0.6951,False,False,dryrun,high,computed
2026-07-06T20:45:13Z,26JUL06USABEL,team_total,team_total|usa|1.5,1.5,over,polymarket,0.47,under,kalshi,0.52,0.99,1.0101,-0.7937,False,False,dryrun,high,computed
2026-07-06T20:45:13Z,26JUL07SUICOL,team_total,team_total|switzerland|0.5,0.5,over,polymarket,0.6478,under,kalshi,0.35,0.9978,0.2218,-0.5964,False,False,dryrun,high,computed
2026-07-06T20:45:33Z,26JUL07ARGEGY,team_total,team_total|argentina|2.5,2.5,over,polymarket,0.31,under,kalshi,0.68,0.99,1.0101,-0.5964,False,False,dryrun,high,computed
2026-07-06T20:45:33Z,26JUL06USABEL,1h_total,1h_total|1.5,1.5,over,polymarket,0.34,under,kalshi,0.65,0.99,1.0101,-0.5964,False,False,dryrun,high,computed
2026-07-06T20:45:33Z,26JUL06USABEL,2h_btts,2h_btts,,no,kalshi,0.62,yes,polymarket,0.37,0.99,1.0101,-0.6951,False,False,dryrun,high,computed
2026-07-06T20:45:33Z,26JUL06USABEL,team_total,team_total|usa|1.5,1.5,over,polymarket,0.47,under,kalshi,0.52,0.99,1.0101,-0.7937,False,False,dryrun,high,computed
2026-07-06T20:45:33Z,26JUL07SUICOL,team_total,team_total|switzerland|0.5,0.5,over,polymarket,0.6478,under,kalshi,0.35,0.9978,0.2218,-0.5964,False,False,dryrun,high,computed
2026-07-06T20:45:53Z,26JUL07ARGEGY,team_total,team_total|argentina|2.5,2.5,over,polymarket,0.31,under,kalshi,0.68,0.99,1.0101,-0.5964,False,False,dryrun,high,computed
2026-07-06T20:45:53Z,26JUL06USABEL,1h_total,1h_total|1.5,1.5,over,polymarket,0.34,under,kalshi,0.65,0.99,1.0101,-0.5964,False,False,dryrun,high,computed
2026-07-06T20:45:53Z,26JUL06USABEL,2h_btts,2h_btts,,no,kalshi,0.62,yes,polymarket,0.37,0.99,1.0101,-0.6951,False,False,dryrun,high,computed
2026-07-06T20:45:53Z,26JUL06USABEL,team_total,team_total|usa|1.5,1.5,over,polymarket,0.47,under,kalshi,0.52,0.99,1.0101,-0.7937,False,False,dryrun,high,computed
2026-07-06T20:45:53Z,26JUL07SUICOL,team_total,team_total|switzerland|0.5,0.5,over,polymarket,0.6478,under,kalshi,0.35,0.9978,0.2218,-0.5964,False,False,dryrun,high,computed
2026-07-06T20:46:13Z,26JUL07ARGEGY,team_total,team_total|argentina|2.5,2.5,over,polymarket,0.31,under,kalshi,0.68,0.99,1.0101,-0.5964,False,False,dryrun,high,computed
2026-07-06T20:46:13Z,26JUL06USABEL,1h_total,1h_total|1.5,1.5,over,polymarket,0.34,under,kalshi,0.65,0.99,1.0101,-0.5964,False,False,dryrun,high,computed
2026-07-06T20:46:13Z,26JUL06USABEL,2h_btts,2h_btts,,no,kalshi,0.62,yes,polymarket,0.37,0.99,1.0101,-0.6951,False,False,dryrun,high,computed
2026-07-06T20:46:13Z,26JUL06USABEL,team_total,team_total|usa|1.5,1.5,over,polymarket,0.47,under,kalshi,0.52,0.99,1.0101,-0.7937,False,False,dryrun,high,computed
2026-07-06T20:46:13Z,26JUL07SUICOL,team_total,team_total|switzerland|0.5,0.5,over,polymarket,0.6478,under,kalshi,0.35,0.9978,0.2218,-0.5964,False,False,dryrun,high,computed
2026-07-06T20:46:33Z,26JUL07ARGEGY,team_total,team_total|argentina|2.5,2.5,over,polymarket,0.31,under,kalshi,0.68,0.99,1.0101,-0.5964,False,False,dryrun,high,computed
2026-07-06T20:46:33Z,26JUL06USABEL,1h_total,1h_total|1.5,1.5,over,polymarket,0.34,under,kalshi,0.65,0.99,1.0101,-0.5964,False,False,dryrun,high,computed
2026-07-06T20:46:33Z,26JUL06USABEL,2h_btts,2h_btts,,no,kalshi,0.62,yes,polymarket,0.37,0.99,1.0101,-0.6951,False,False,dryrun,high,computed
2026-07-06T20:46:33Z,26JUL06USABEL,team_total,team_total|usa|1.5,1.5,over,polymarket,0.47,under,kalshi,0.52,0.99,1.0101,-0.7937,False,False,dryrun,high,computed
2026-07-06T20:46:33Z,26JUL07SUICOL,team_total,team_total|switzerland|0.5,0.5,over,polymarket,0.6478,under,kalshi,0.35,0.9978,0.2218,-0.5964,False,False,dryrun,high,computed
2026-07-06T20:46:53Z,26JUL07ARGEGY,team_total,team_total|argentina|2.5,2.5,over,polymarket,0.31,under,kalshi,0.68,0.99,1.0101,-0.5964,False,False,dryrun,high,computed
2026-07-06T20:46:53Z,26JUL06USABEL,1h_total,1h_total|1.5,1.5,over,polymarket,0.34,under,kalshi,0.65,0.99,1.0101,-0.5964,False,False,dryrun,high,computed
2026-07-06T20:46:53Z,26JUL06USABEL,2h_btts,2h_btts,,no,kalshi,0.62,yes,polymarket,0.37,0.99,1.0101,-0.6951,False,False,dryrun,high,computed
2026-07-06T20:46:53Z,26JUL06USABEL,team_total,team_total|usa|1.5,1.5,over,polymarket,0.47,under,kalshi,0.52,0.99,1.0101,-0.7937,False,False,dryrun,high,computed
2026-07-06T20:46:53Z,26JUL07SUICOL,team_total,team_total|switzerland|0.5,0.5,over,polymarket,0.6478,under,kalshi,0.35,0.9978,0.2218,-0.5964,False,False,dryrun,high,computed
2026-07-06T20:47:13Z,26JUL07ARGEGY,team_total,team_total|argentina|2.5,2.5,over,polymarket,0.31,under,kalshi,0.68,0.99,1.0101,-0.5964,False,False,dryrun,high,computed
2026-07-06T20:47:13Z,26JUL06USABEL,1h_total,1h_total|1.5,1.5,over,polymarket,0.34,under,kalshi,0.65,0.99,1.0101,-0.5964,False,False,dryrun,high,computed
2026-07-06T20:47:13Z,26JUL06USABEL,2h_btts,2h_btts,,no,kalshi,0.62,yes,polymarket,0.37,0.99,1.0101,-0.6951,False,False,dryrun,high,computed
2026-07-06T20:47:13Z,26JUL06USABEL,team_total,team_total|usa|1.5,1.5,over,polymarket,0.47,under,kalshi,0.52,0.99,1.0101,-0.7937,False,False,dryrun,high,computed
2026-07-06T20:47:13Z,26JUL07SUICOL,team_total,team_total|switzerland|0.5,0.5,over,polymarket,0.6478,under,kalshi,0.35,0.9978,0.2218,-0.5964,False,False,dryrun,high,computed
2026-07-06T20:47:33Z,26JUL07ARGEGY,team_total,team_total|argentina|2.5,2.5,over,polymarket,0.31,under,kalshi,0.68,0.99,1.0101,-0.5964,False,False,dryrun,high,computed
2026-07-06T20:47:33Z,26JUL06USABEL,1h_total,1h_total|1.5,1.5,over,polymarket,0.34,under,kalshi,0.65,0.99,1.0101,-0.5964,False,False,dryrun,high,computed
2026-07-06T20:47:33Z,26JUL06USABEL,2h_btts,2h_btts,,no,kalshi,0.62,yes,polymarket,0.37,0.99,1.0101,-0.6951,False,False,dryrun,high,computed
2026-07-06T20:47:33Z,26JUL06USABEL,team_total,team_total|usa|1.5,1.5,over,polymarket,0.47,under,kalshi,0.52,0.99,1.0101,-0.7937,False,False,dryrun,high,computed
2026-07-06T20:47:33Z,26JUL07SUICOL,team_total,team_total|switzerland|0.5,0.5,over,polymarket,0.6478,under,kalshi,0.35,0.9978,0.2218,-0.5964,False,False,dryrun,high,computed
2026-07-06T20:47:53Z,26JUL07ARGEGY,team_total,team_total|argentina|2.5,2.5,over,polymarket,0.31,under,kalshi,0.68,0.99,1.0101,-0.5964,False,False,dryrun,high,computed
2026-07-06T20:47:53Z,26JUL06USABEL,1h_total,1h_total|1.5,1.5,over,polymarket,0.34,under,kalshi,0.65,0.99,1.0101,-0.5964,False,False,dryrun,high,computed
2026-07-06T20:47:53Z,26JUL06USABEL,2h_btts,2h_btts,,no,kalshi,0.62,yes,polymarket,0.37,0.99,1.0101,-0.6951,False,False,dryrun,high,computed
2026-07-06T20:47:53Z,26JUL06USABEL,team_total,team_total|usa|1.5,1.5,over,polymarket,0.47,under,kalshi,0.52,0.99,1.0101,-0.7937,False,False,dryrun,high,computed
2026-07-06T20:47:53Z,26JUL07SUICOL,team_total,team_total|switzerland|0.5,0.5,over,polymarket,0.6478,under,kalshi,0.35,0.9978,0.2218,-0.5964,False,False,dryrun,high,computed
2026-07-06T20:48:13Z,26JUL07ARGEGY,team_total,team_total|argentina|2.5,2.5,over,polymarket,0.31,under,kalshi,0.68,0.99,1.0101,-0.5964,False,False,dryrun,high,computed
2026-07-06T20:48:13Z,26JUL06USABEL,1h_total,1h_total|1.5,1.5,over,polymarket,0.34,under,kalshi,0.65,0.99,1.0101,-0.5964,False,False,dryrun,high,computed
2026-07-06T20:48:13Z,26JUL06USABEL,2h_btts,2h_btts,,no,kalshi,0.62,yes,polymarket,0.37,0.99,1.0101,-0.6951,False,False,dryrun,high,computed
2026-07-06T20:48:13Z,26JUL06USABEL,team_total,team_total|usa|1.5,1.5,over,polymarket,0.47,under,kalshi,0.52,0.99,1.0101,-0.7937,False,False,dryrun,high,computed
2026-07-06T20:48:13Z,26JUL07SUICOL,team_total,team_total|switzerland|0.5,0.5,over,polymarket,0.6478,under,kalshi,0.35,0.9978,0.2218,-0.5964,False,False,dryrun,high,computed
2026-07-06T20:48:33Z,26JUL07ARGEGY,team_total,team_total|argentina|2.5,2.5,over,polymarket,0.31,under,kalshi,0.68,0.99,1.0101,-0.5964,False,False,dryrun,high,computed
2026-07-06T20:48:33Z,26JUL06USABEL,1h_total,1h_total|1.5,1.5,over,polymarket,0.34,under,kalshi,0.65,0.99,1.0101,-0.5964,False,False,dryrun,high,computed
2026-07-06T20:48:33Z,26JUL06USABEL,2h_btts,2h_btts,,no,kalshi,0.62,yes,polymarket,0.37,0.99,1.0101,-0.6951,False,False,dryrun,high,computed
2026-07-06T20:48:33Z,26JUL06USABEL,team_total,team_total|usa|1.5,1.5,over,polymarket,0.47,under,kalshi,0.52,0.99,1.0101,-0.7937,False,False,dryrun,high,computed
2026-07-06T20:48:33Z,26JUL07SUICOL,team_total,team_total|switzerland|0.5,0.5,over,polymarket,0.6478,under,kalshi,0.35,0.9978,0.2218,-0.5964,False,False,dryrun,high,computed
2026-07-06T20:48:53Z,26JUL07ARGEGY,team_total,team_total|argentina|2.5,2.5,over,polymarket,0.31,under,kalshi,0.68,0.99,1.0101,-0.5964,False,False,dryrun,high,computed
2026-07-06T20:48:53Z,26JUL06USABEL,1h_total,1h_total|1.5,1.5,over,polymarket,0.34,under,kalshi,0.65,0.99,1.0101,-0.5964,False,False,dryrun,high,computed
2026-07-06T20:48:53Z,26JUL06USABEL,2h_btts,2h_btts,,no,kalshi,0.62,yes,polymarket,0.37,0.99,1.0101,-0.6951,False,False,dryrun,high,computed
2026-07-06T20:48:53Z,26JUL06USABEL,team_total,team_total|usa|1.5,1.5,over,polymarket,0.47,under,kalshi,0.52,0.99,1.0101,-0.7937,False,False,dryrun,high,computed
2026-07-06T20:48:53Z,26JUL07SUICOL,team_total,team_total|switzerland|0.5,0.5,over,polymarket,0.6478,under,kalshi,0.35,0.9978,0.2218,-0.5964,False,False,dryrun,high,computed
2026-07-06T20:49:13Z,26JUL07ARGEGY,team_total,team_total|argentina|2.5,2.5,over,polymarket,0.31,under,kalshi,0.68,0.99,1.0101,-0.5964,False,False,dryrun,high,computed
2026-07-06T20:49:13Z,26JUL06USABEL,1h_total,1h_total|1.5,1.5,over,polymarket,0.34,under,kalshi,0.65,0.99,1.0101,-0.5964,False,False,dryrun,high,computed
2026-07-06T20:49:13Z,26JUL06USABEL,2h_btts,2h_btts,,no,kalshi,0.62,yes,polymarket,0.37,0.99,1.0101,-0.6951,False,False,dryrun,high,computed
2026-07-06T20:49:13Z,26JUL06USABEL,team_total,team_total|usa|1.5,1.5,over,polymarket,0.47,under,kalshi,0.52,0.99,1.0101,-0.7937,False,False,dryrun,high,computed
2026-07-06T20:49:13Z,26JUL07SUICOL,team_total,team_total|switzerland|0.5,0.5,over,polymarket,0.6478,under,kalshi,0.35,0.9978,0.2218,-0.5964,False,False,dryrun,high,computed
2026-07-06T20:49:33Z,26JUL07ARGEGY,team_total,team_total|argentina|2.5,2.5,over,polymarket,0.31,under,kalshi,0.68,0.99,1.0101,-0.5964,False,False,dryrun,high,computed
2026-07-06T20:49:33Z,26JUL06USABEL,1h_total,1h_total|1.5,1.5,over,polymarket,0.34,under,kalshi,0.65,0.99,1.0101,-0.5964,False,False,dryrun,high,computed
2026-07-06T20:49:33Z,26JUL06USABEL,2h_btts,2h_btts,,no,kalshi,0.62,yes,polymarket,0.37,0.99,1.0101,-0.6951,False,False,dryrun,high,computed
2026-07-06T20:49:33Z,26JUL06USABEL,team_total,team_total|usa|1.5,1.5,over,polymarket,0.47,under,kalshi,0.52,0.99,1.0101,-0.7937,False,False,dryrun,high,computed
2026-07-06T20:49:33Z,26JUL07SUICOL,team_total,team_total|switzerland|0.5,0.5,over,polymarket,0.6478,under,kalshi,0.35,0.9978,0.2218,-0.5964,False,False,dryrun,high,computed
2026-07-06T20:49:53Z,26JUL07ARGEGY,team_total,team_total|argentina|2.5,2.5,over,polymarket,0.31,under,kalshi,0.68,0.99,1.0101,-0.5964,False,False,dryrun,high,computed
2026-07-06T20:49:53Z,26JUL06USABEL,1h_total,1h_total|1.5,1.5,over,polymarket,0.34,under,kalshi,0.65,0.99,1.0101,-0.5964,False,False,dryrun,high,computed
2026-07-06T20:49:53Z,26JUL06USABEL,2h_btts,2h_btts,,no,kalshi,0.62,yes,polymarket,0.37,0.99,1.0101,-0.6951,False,False,dryrun,high,computed
2026-07-06T20:49:53Z,26JUL06USABEL,team_total,team_total|usa|1.5,1.5,over,polymarket,0.47,under,kalshi,0.52,0.99,1.0101,-0.7937,False,False,dryrun,high,computed
2026-07-06T20:49:53Z,26JUL07SUICOL,team_total,team_total|switzerland|0.5,0.5,over,polymarket,0.6478,under,kalshi,0.35,0.9978,0.2218,-0.5964,False,False,dryrun,high,computed
2026-07-06T20:50:13Z,26JUL07ARGEGY,team_total,team_total|argentina|2.5,2.5,over,polymarket,0.31,under,kalshi,0.68,0.99,1.0101,-0.5964,False,False,dryrun,high,computed
2026-07-06T20:50:13Z,26JUL06USABEL,1h_total,1h_total|1.5,1.5,over,polymarket,0.34,under,kalshi,0.65,0.99,1.0101,-0.5964,False,False,dryrun,high,computed
2026-07-06T20:50:13Z,26JUL06USABEL,2h_btts,2h_btts,,no,kalshi,0.62,yes,polymarket,0.37,0.99,1.0101,-0.6951,False,False,dryrun,high,computed
2026-07-06T20:50:13Z,26JUL06USABEL,team_total,team_total|usa|1.5,1.5,over,polymarket,0.47,under,kalshi,0.52,0.99,1.0101,-0.7937,False,False,dryrun,high,computed
2026-07-06T20:50:13Z,26JUL07SUICOL,team_total,team_total|switzerland|0.5,0.5,over,polymarket,0.6478,under,kalshi,0.35,0.9978,0.2218,-0.5964,False,False,dryrun,high,computed
2026-07-06T20:50:33Z,26JUL07ARGEGY,team_total,team_total|argentina|2.5,2.5,over,polymarket,0.31,under,kalshi,0.68,0.99,1.0101,-0.5964,False,False,dryrun,high,computed
2026-07-06T20:50:33Z,26JUL06USABEL,1h_total,1h_total|1.5,1.5,over,polymarket,0.34,under,kalshi,0.65,0.99,1.0101,-0.5964,False,False,dryrun,high,computed
2026-07-06T20:50:33Z,26JUL06USABEL,2h_btts,2h_btts,,no,kalshi,0.62,yes,polymarket,0.37,0.99,1.0101,-0.6951,False,False,dryrun,high,computed
2026-07-06T20:50:33Z,26JUL06USABEL,team_total,team_total|usa|1.5,1.5,over,polymarket,0.47,under,kalshi,0.52,0.99,1.0101,-0.7937,False,False,dryrun,high,computed
2026-07-06T20:50:33Z,26JUL07SUICOL,team_total,team_total|switzerland|0.5,0.5,over,polymarket,0.6478,under,kalshi,0.35,0.9978,0.2218,-0.5964,False,False,dryrun,high,computed
2026-07-06T20:50:53Z,26JUL07ARGEGY,team_total,team_total|argentina|2.5,2.5,over,polymarket,0.31,under,kalshi,0.68,0.99,1.0101,-0.5964,False,False,dryrun,high,computed
2026-07-06T20:50:53Z,26JUL06USABEL,1h_total,1h_total|1.5,1.5,over,polymarket,0.34,under,kalshi,0.65,0.99,1.0101,-0.5964,False,False,dryrun,high,computed
2026-07-06T20:50:53Z,26JUL06USABEL,2h_btts,2h_btts,,no,kalshi,0.62,yes,polymarket,0.37,0.99,1.0101,-0.6951,False,False,dryrun,high,computed
2026-07-06T20:50:53Z,26JUL06USABEL,team_total,team_total|usa|1.5,1.5,over,polymarket,0.47,under,kalshi,0.52,0.99,1.0101,-0.7937,False,False,dryrun,high,computed
2026-07-06T20:50:53Z,26JUL07SUICOL,team_total,team_total|switzerland|0.5,0.5,over,polymarket,0.6478,under,kalshi,0.35,0.9978,0.2218,-0.5964,False,False,dryrun,high,computed
2026-07-06T20:51:13Z,26JUL07ARGEGY,team_total,team_total|argentina|2.5,2.5,over,polymarket,0.31,under,kalshi,0.68,0.99,1.0101,-0.5964,False,False,dryrun,high,computed
2026-07-06T20:51:13Z,26JUL06USABEL,1h_total,1h_total|1.5,1.5,over,polymarket,0.34,under,kalshi,0.65,0.99,1.0101,-0.5964,False,False,dryrun,high,computed
2026-07-06T20:51:13Z,26JUL06USABEL,2h_btts,2h_btts,,no,kalshi,0.62,yes,polymarket,0.37,0.99,1.0101,-0.6951,False,False,dryrun,high,computed
2026-07-06T20:51:13Z,26JUL06USABEL,team_total,team_total|usa|1.5,1.5,over,polymarket,0.47,under,kalshi,0.52,0.99,1.0101,-0.7937,False,False,dryrun,high,computed
2026-07-06T20:51:13Z,26JUL07SUICOL,team_total,team_total|switzerland|0.5,0.5,over,polymarket,0.6478,under,kalshi,0.35,0.9978,0.2218,-0.5964,False,False,dryrun,high,computed
2026-07-06T20:51:33Z,26JUL07ARGEGY,team_total,team_total|argentina|2.5,2.5,over,polymarket,0.31,under,kalshi,0.68,0.99,1.0101,-0.5964,False,False,dryrun,high,computed
2026-07-06T20:51:33Z,26JUL06USABEL,1h_total,1h_total|1.5,1.5,over,polymarket,0.34,under,kalshi,0.65,0.99,1.0101,-0.5964,False,False,dryrun,high,computed
2026-07-06T20:51:33Z,26JUL06USABEL,2h_btts,2h_btts,,no,kalshi,0.62,yes,polymarket,0.37,0.99,1.0101,-0.6951,False,False,dryrun,high,computed
2026-07-06T20:51:33Z,26JUL06USABEL,team_total,team_total|usa|1.5,1.5,over,polymarket,0.47,under,kalshi,0.52,0.99,1.0101,-0.7937,False,False,dryrun,high,computed
2026-07-06T20:51:33Z,26JUL07SUICOL,team_total,team_total|switzerland|0.5,0.5,over,polymarket,0.6478,under,kalshi,0.35,0.9978,0.2218,-0.5964,False,False,dryrun,high,computed
2026-07-06T20:51:53Z,26JUL07ARGEGY,team_total,team_total|argentina|2.5,2.5,over,polymarket,0.31,under,kalshi,0.68,0.99,1.0101,-0.5964,False,False,dryrun,high,computed
2026-07-06T20:51:53Z,26JUL06USABEL,1h_total,1h_total|1.5,1.5,over,polymarket,0.34,under,kalshi,0.65,0.99,1.0101,-0.5964,False,False,dryrun,high,computed
2026-07-06T20:51:53Z,26JUL06USABEL,2h_btts,2h_btts,,no,kalshi,0.62,yes,polymarket,0.37,0.99,1.0101,-0.6951,False,False,dryrun,high,computed
2026-07-06T20:51:53Z,26JUL06USABEL,team_total,team_total|usa|1.5,1.5,over,polymarket,0.47,under,kalshi,0.52,0.99,1.0101,-0.7937,False,False,dryrun,high,computed
2026-07-06T20:51:53Z,26JUL07SUICOL,team_total,team_total|switzerland|0.5,0.5,over,polymarket,0.6478,under,kalshi,0.35,0.9978,0.2218,-0.5964,False,False,dryrun,high,computed
2026-07-06T20:52:13Z,26JUL07ARGEGY,team_total,team_total|argentina|2.5,2.5,over,polymarket,0.31,under,kalshi,0.68,0.99,1.0101,-0.5964,False,False,dryrun,high,computed
2026-07-06T20:52:13Z,26JUL06USABEL,1h_total,1h_total|1.5,1.5,over,polymarket,0.34,under,kalshi,0.65,0.99,1.0101,-0.5964,False,False,dryrun,high,computed
2026-07-06T20:52:13Z,26JUL06USABEL,2h_btts,2h_btts,,no,kalshi,0.62,yes,polymarket,0.37,0.99,1.0101,-0.6951,False,False,dryrun,high,computed
2026-07-06T20:52:13Z,26JUL06USABEL,team_total,team_total|usa|1.5,1.5,over,polymarket,0.47,under,kalshi,0.52,0.99,1.0101,-0.7937,False,False,dryrun,high,computed
2026-07-06T20:52:13Z,26JUL07SUICOL,team_total,team_total|switzerland|0.5,0.5,over,polymarket,0.6478,under,kalshi,0.35,0.9978,0.2218,-0.5964,False,False,dryrun,high,computed
2026-07-06T20:52:33Z,26JUL07ARGEGY,team_total,team_total|argentina|2.5,2.5,over,polymarket,0.31,under,kalshi,0.68,0.99,1.0101,-0.5964,False,False,dryrun,high,computed
2026-07-06T20:52:33Z,26JUL06USABEL,1h_total,1h_total|1.5,1.5,over,polymarket,0.34,under,kalshi,0.65,0.99,1.0101,-0.5964,False,False,dryrun,high,computed
2026-07-06T20:52:33Z,26JUL06USABEL,2h_btts,2h_btts,,no,kalshi,0.62,yes,polymarket,0.37,0.99,1.0101,-0.6951,False,False,dryrun,high,computed
2026-07-06T20:52:33Z,26JUL06USABEL,team_total,team_total|usa|1.5,1.5,over,polymarket,0.47,under,kalshi,0.52,0.99,1.0101,-0.7937,False,False,dryrun,high,computed
2026-07-06T20:52:33Z,26JUL07SUICOL,team_total,team_total|switzerland|0.5,0.5,over,polymarket,0.6478,under,kalshi,0.35,0.9978,0.2218,-0.5964,False,False,dryrun,high,computed
2026-07-06T20:52:53Z,26JUL07ARGEGY,team_total,team_total|argentina|2.5,2.5,over,polymarket,0.31,under,kalshi,0.68,0.99,1.0101,-0.5964,False,False,dryrun,high,computed
2026-07-06T20:52:53Z,26JUL06USABEL,1h_total,1h_total|1.5,1.5,over,polymarket,0.34,under,kalshi,0.65,0.99,1.0101,-0.5964,False,False,dryrun,high,computed
2026-07-06T20:52:53Z,26JUL06USABEL,2h_btts,2h_btts,,no,kalshi,0.62,yes,polymarket,0.37,0.99,1.0101,-0.6951,False,False,dryrun,high,computed
2026-07-06T20:52:53Z,26JUL06USABEL,team_total,team_total|usa|1.5,1.5,over,polymarket,0.47,under,kalshi,0.52,0.99,1.0101,-0.7937,False,False,dryrun,high,computed
2026-07-06T20:52:53Z,26JUL07SUICOL,team_total,team_total|switzerland|0.5,0.5,over,polymarket,0.6478,under,kalshi,0.35,0.9978,0.2218,-0.5964,False,False,dryrun,high,computed
2026-07-06T20:53:13Z,26JUL07ARGEGY,team_total,team_total|argentina|2.5,2.5,over,polymarket,0.31,under,kalshi,0.68,0.99,1.0101,-0.5964,False,False,dryrun,high,computed
2026-07-06T20:53:13Z,26JUL06USABEL,1h_total,1h_total|1.5,1.5,over,polymarket,0.34,under,kalshi,0.65,0.99,1.0101,-0.5964,False,False,dryrun,high,computed
2026-07-06T20:53:13Z,26JUL06USABEL,2h_btts,2h_btts,,no,kalshi,0.62,yes,polymarket,0.37,0.99,1.0101,-0.6951,False,False,dryrun,high,computed
2026-07-06T20:53:13Z,26JUL06USABEL,team_total,team_total|usa|1.5,1.5,over,polymarket,0.47,under,kalshi,0.52,0.99,1.0101,-0.7937,False,False,dryrun,high,computed
2026-07-06T20:53:13Z,26JUL07SUICOL,team_total,team_total|switzerland|0.5,0.5,over,polymarket,0.6478,under,kalshi,0.35,0.9978,0.2218,-0.5964,False,False,dryrun,high,computed
2026-07-06T20:53:33Z,26JUL07ARGEGY,team_total,team_total|argentina|2.5,2.5,over,polymarket,0.31,under,kalshi,0.68,0.99,1.0101,-0.5964,False,False,dryrun,high,computed
2026-07-06T20:53:33Z,26JUL06USABEL,1h_total,1h_total|1.5,1.5,over,polymarket,0.34,under,kalshi,0.65,0.99,1.0101,-0.5964,False,False,dryrun,high,computed
2026-07-06T20:53:33Z,26JUL06USABEL,2h_btts,2h_btts,,no,kalshi,0.62,yes,polymarket,0.37,0.99,1.0101,-0.6951,False,False,dryrun,high,computed
2026-07-06T20:53:33Z,26JUL06USABEL,team_total,team_total|usa|1.5,1.5,over,polymarket,0.47,under,kalshi,0.52,0.99,1.0101,-0.7937,False,False,dryrun,high,computed
2026-07-06T20:53:33Z,26JUL07SUICOL,team_total,team_total|switzerland|0.5,0.5,over,polymarket,0.6478,under,kalshi,0.35,0.9978,0.2218,-0.5964,False,False,dryrun,high,computed
2026-07-06T20:53:53Z,26JUL07ARGEGY,team_total,team_total|argentina|2.5,2.5,over,polymarket,0.31,under,kalshi,0.68,0.99,1.0101,-0.5964,False,False,dryrun,high,computed
2026-07-06T20:53:53Z,26JUL06USABEL,1h_total,1h_total|1.5,1.5,over,polymarket,0.34,under,kalshi,0.65,0.99,1.0101,-0.5964,False,False,dryrun,high,computed
2026-07-06T20:53:53Z,26JUL06USABEL,2h_btts,2h_btts,,no,kalshi,0.62,yes,polymarket,0.37,0.99,1.0101,-0.6951,False,False,dryrun,high,computed
2026-07-06T20:53:53Z,26JUL06USABEL,team_total,team_total|usa|1.5,1.5,over,polymarket,0.47,under,kalshi,0.52,0.99,1.0101,-0.7937,False,False,dryrun,high,computed
2026-07-06T20:53:53Z,26JUL07SUICOL,team_total,team_total|switzerland|0.5,0.5,over,polymarket,0.6478,under,kalshi,0.35,0.9978,0.2218,-0.5964,False,False,dryrun,high,computed
2026-07-06T20:54:13Z,26JUL07ARGEGY,team_total,team_total|argentina|2.5,2.5,over,polymarket,0.31,under,kalshi,0.68,0.99,1.0101,-0.5964,False,False,dryrun,high,computed
2026-07-06T20:54:13Z,26JUL06USABEL,1h_total,1h_total|1.5,1.5,over,polymarket,0.34,under,kalshi,0.65,0.99,1.0101,-0.5964,False,False,dryrun,high,computed
2026-07-06T20:54:13Z,26JUL06USABEL,2h_btts,2h_btts,,no,kalshi,0.62,yes,polymarket,0.37,0.99,1.0101,-0.6951,False,False,dryrun,high,computed
2026-07-06T20:54:13Z,26JUL06USABEL,team_total,team_total|usa|1.5,1.5,over,polymarket,0.47,under,kalshi,0.52,0.99,1.0101,-0.7937,False,False,dryrun,high,computed
2026-07-06T20:54:13Z,26JUL07SUICOL,team_total,team_total|switzerland|0.5,0.5,over,polymarket,0.6478,under,kalshi,0.35,0.9978,0.2218,-0.5964,False,False,dryrun,high,computed
2026-07-06T20:54:33Z,26JUL07ARGEGY,team_total,team_total|argentina|2.5,2.5,over,polymarket,0.31,under,kalshi,0.68,0.99,1.0101,-0.5964,False,False,dryrun,high,computed
2026-07-06T20:54:33Z,26JUL06USABEL,1h_total,1h_total|1.5,1.5,over,polymarket,0.34,under,kalshi,0.65,0.99,1.0101,-0.5964,False,False,dryrun,high,computed
2026-07-06T20:54:33Z,26JUL06USABEL,2h_btts,2h_btts,,no,kalshi,0.62,yes,polymarket,0.37,0.99,1.0101,-1.6716,False,False,dryrun,high,computed
2026-07-06T20:54:33Z,26JUL06USABEL,team_total,team_total|usa|1.5,1.5,over,polymarket,0.47,under,kalshi,0.52,0.99,1.0101,-0.7937,False,False,dryrun,high,computed
2026-07-06T20:54:33Z,26JUL07SUICOL,team_total,team_total|switzerland|0.5,0.5,over,polymarket,0.6478,under,kalshi,0.35,0.9978,0.2218,-0.5964,False,False,dryrun,high,computed
2026-07-06T20:54:53Z,26JUL07ARGEGY,team_total,team_total|argentina|2.5,2.5,over,polymarket,0.31,under,kalshi,0.68,0.99,1.0101,-0.5964,False,False,dryrun,high,computed
2026-07-06T20:54:53Z,26JUL06USABEL,1h_total,1h_total|1.5,1.5,over,polymarket,0.34,under,kalshi,0.65,0.99,1.0101,-0.5964,False,False,dryrun,high,computed
2026-07-06T20:54:53Z,26JUL06USABEL,team_total,team_total|usa|1.5,1.5,over,polymarket,0.47,under,kalshi,0.52,0.99,1.0101,-0.7937,False,False,dryrun,high,computed
2026-07-06T20:54:53Z,26JUL07SUICOL,team_total,team_total|switzerland|0.5,0.5,over,polymarket,0.6478,under,kalshi,0.35,0.9978,0.2218,-0.5964,False,False,dryrun,high,computed
2026-07-06T20:55:13Z,26JUL07ARGEGY,team_total,team_total|argentina|2.5,2.5,over,polymarket,0.31,under,kalshi,0.68,0.99,1.0101,-0.5964,False,False,dryrun,high,computed
2026-07-06T20:55:13Z,26JUL06USABEL,1h_total,1h_total|1.5,1.5,over,polymarket,0.34,under,kalshi,0.65,0.99,1.0101,-0.5964,False,False,dryrun,high,computed
2026-07-06T20:55:13Z,26JUL06USABEL,team_total,team_total|usa|1.5,1.5,over,polymarket,0.47,under,kalshi,0.52,0.99,1.0101,-0.7937,False,False,dryrun,high,computed
2026-07-06T20:55:13Z,26JUL07SUICOL,team_total,team_total|switzerland|0.5,0.5,over,polymarket,0.6478,under,kalshi,0.35,0.9978,0.2218,-0.5964,False,False,dryrun,high,computed
2026-07-06T20:55:33Z,26JUL07ARGEGY,team_total,team_total|argentina|2.5,2.5,over,polymarket,0.31,under,kalshi,0.68,0.99,1.0101,-0.5964,False,False,dryrun,high,computed
2026-07-06T20:55:33Z,26JUL06USABEL,1h_total,1h_total|1.5,1.5,over,polymarket,0.34,under,kalshi,0.65,0.99,1.0101,-0.5964,False,False,dryrun,high,computed
2026-07-06T20:55:33Z,26JUL06USABEL,team_total,team_total|usa|1.5,1.5,over,polymarket,0.47,under,kalshi,0.52,0.99,1.0101,-0.7937,False,False,dryrun,high,computed
2026-07-06T20:55:33Z,26JUL07SUICOL,team_total,team_total|switzerland|0.5,0.5,over,polymarket,0.6478,under,kalshi,0.35,0.9978,0.2218,-0.5964,False,False,dryrun,high,computed
2026-07-06T20:55:53Z,26JUL07ARGEGY,team_total,team_total|argentina|2.5,2.5,over,polymarket,0.31,under,kalshi,0.68,0.99,1.0101,-0.5964,False,False,dryrun,high,computed
2026-07-06T20:55:53Z,26JUL06USABEL,1h_total,1h_total|1.5,1.5,over,polymarket,0.34,under,kalshi,0.65,0.99,1.0101,-0.5964,False,False,dryrun,high,computed
2026-07-06T20:55:53Z,26JUL06USABEL,team_total,team_total|usa|1.5,1.5,over,polymarket,0.47,under,kalshi,0.52,0.99,1.0101,-0.7937,False,False,dryrun,high,computed
2026-07-06T20:55:53Z,26JUL07SUICOL,team_total,team_total|switzerland|0.5,0.5,over,polymarket,0.6478,under,kalshi,0.35,0.9978,0.2218,-0.5964,False,False,dryrun,high,computed
2026-07-06T20:56:13Z,26JUL07ARGEGY,team_total,team_total|argentina|2.5,2.5,over,polymarket,0.31,under,kalshi,0.68,0.99,1.0101,-0.5964,False,False,dryrun,high,computed
2026-07-06T20:56:13Z,26JUL06USABEL,1h_total,1h_total|1.5,1.5,over,polymarket,0.34,under,kalshi,0.65,0.99,1.0101,-0.5964,False,False,dryrun,high,computed
2026-07-06T20:56:13Z,26JUL06USABEL,team_total,team_total|usa|1.5,1.5,over,polymarket,0.47,under,kalshi,0.52,0.99,1.0101,-0.7937,False,False,dryrun,high,computed
2026-07-06T20:56:13Z,26JUL07SUICOL,team_total,team_total|switzerland|0.5,0.5,over,polymarket,0.6478,under,kalshi,0.35,0.9978,0.2218,-0.5964,False,False,dryrun,high,computed
2026-07-06T20:56:33Z,26JUL07ARGEGY,team_total,team_total|argentina|2.5,2.5,over,polymarket,0.31,under,kalshi,0.68,0.99,1.0101,-0.5964,False,False,dryrun,high,computed
2026-07-06T20:56:33Z,26JUL06USABEL,1h_total,1h_total|1.5,1.5,over,polymarket,0.34,under,kalshi,0.65,0.99,1.0101,-0.5964,False,False,dryrun,high,computed
2026-07-06T20:56:33Z,26JUL06USABEL,team_total,team_total|usa|1.5,1.5,over,polymarket,0.47,under,kalshi,0.52,0.99,1.0101,-0.7937,False,False,dryrun,high,computed
2026-07-06T20:56:33Z,26JUL07SUICOL,team_total,team_total|switzerland|0.5,0.5,over,polymarket,0.6478,under,kalshi,0.35,0.9978,0.2218,-0.5964,False,False,dryrun,high,computed
2026-07-06T20:56:53Z,26JUL07ARGEGY,team_total,team_total|argentina|2.5,2.5,over,polymarket,0.31,under,kalshi,0.68,0.99,1.0101,-0.5964,False,False,dryrun,high,computed
2026-07-06T20:56:53Z,26JUL06USABEL,1h_total,1h_total|1.5,1.5,over,polymarket,0.34,under,kalshi,0.65,0.99,1.0101,-0.5964,False,False,dryrun,high,computed
2026-07-06T20:56:53Z,26JUL06USABEL,team_total,team_total|usa|1.5,1.5,over,polymarket,0.47,under,kalshi,0.52,0.99,1.0101,-0.7937,False,False,dryrun,high,computed
2026-07-06T20:56:53Z,26JUL07SUICOL,team_total,team_total|switzerland|0.5,0.5,over,polymarket,0.6478,under,kalshi,0.35,0.9978,0.2218,-0.5964,False,False,dryrun,high,computed
2026-07-06T20:57:13Z,26JUL07ARGEGY,team_total,team_total|argentina|2.5,2.5,over,polymarket,0.31,under,kalshi,0.68,0.99,1.0101,-0.5964,False,False,dryrun,high,computed
2026-07-06T20:57:13Z,26JUL06USABEL,1h_total,1h_total|1.5,1.5,over,polymarket,0.34,under,kalshi,0.65,0.99,1.0101,-0.5964,False,False,dryrun,high,computed
2026-07-06T20:57:13Z,26JUL06USABEL,team_total,team_total|usa|1.5,1.5,over,polymarket,0.47,under,kalshi,0.52,0.99,1.0101,-0.7937,False,False,dryrun,high,computed
2026-07-06T20:57:13Z,26JUL07SUICOL,team_total,team_total|switzerland|0.5,0.5,over,polymarket,0.6478,under,kalshi,0.35,0.9978,0.2218,-0.5964,False,False,dryrun,high,computed
2026-07-06T20:57:33Z,26JUL07ARGEGY,team_total,team_total|argentina|2.5,2.5,over,polymarket,0.31,under,kalshi,0.68,0.99,1.0101,-0.5964,False,False,dryrun,high,computed
2026-07-06T20:57:33Z,26JUL06USABEL,1h_total,1h_total|1.5,1.5,over,polymarket,0.34,under,kalshi,0.65,0.99,1.0101,-0.5964,False,False,dryrun,high,computed
2026-07-06T20:57:33Z,26JUL06USABEL,team_total,team_total|usa|1.5,1.5,over,polymarket,0.47,under,kalshi,0.52,0.99,1.0101,-0.7937,False,False,dryrun,high,computed
2026-07-06T20:57:33Z,26JUL07SUICOL,team_total,team_total|switzerland|0.5,0.5,over,polymarket,0.6478,under,kalshi,0.35,0.9978,0.2218,-0.5964,False,False,dryrun,high,computed
2026-07-06T20:57:53Z,26JUL07ARGEGY,team_total,team_total|argentina|2.5,2.5,over,polymarket,0.31,under,kalshi,0.68,0.99,1.0101,-0.5964,False,False,dryrun,high,computed
2026-07-06T20:57:53Z,26JUL06USABEL,1h_total,1h_total|1.5,1.5,over,polymarket,0.34,under,kalshi,0.65,0.99,1.0101,-0.5964,False,False,dryrun,high,computed
2026-07-06T20:57:53Z,26JUL06USABEL,team_total,team_total|usa|1.5,1.5,over,polymarket,0.47,under,kalshi,0.52,0.99,1.0101,-0.7937,False,False,dryrun,high,computed
2026-07-06T20:57:53Z,26JUL07SUICOL,team_total,team_total|switzerland|0.5,0.5,over,polymarket,0.6478,under,kalshi,0.35,0.9978,0.2218,-0.5964,False,False,dryrun,high,computed
2026-07-06T20:58:13Z,26JUL07ARGEGY,team_total,team_total|argentina|2.5,2.5,over,polymarket,0.31,under,kalshi,0.68,0.99,1.0101,-0.5964,False,False,dryrun,high,computed
2026-07-06T20:58:13Z,26JUL06USABEL,1h_total,1h_total|1.5,1.5,over,polymarket,0.34,under,kalshi,0.65,0.99,1.0101,-0.5964,False,False,dryrun,high,computed
2026-07-06T20:58:13Z,26JUL06USABEL,team_total,team_total|usa|1.5,1.5,over,polymarket,0.47,under,kalshi,0.52,0.99,1.0101,-0.7937,False,False,dryrun,high,computed
2026-07-06T20:58:13Z,26JUL07SUICOL,team_total,team_total|switzerland|0.5,0.5,over,polymarket,0.6478,under,kalshi,0.35,0.9978,0.2218,-0.5964,False,False,dryrun,high,computed
2026-07-06T20:58:33Z,26JUL07ARGEGY,team_total,team_total|argentina|2.5,2.5,over,polymarket,0.31,under,kalshi,0.68,0.99,1.0101,-0.5964,False,False,dryrun,high,computed
2026-07-06T20:58:33Z,26JUL06USABEL,1h_total,1h_total|1.5,1.5,over,polymarket,0.34,under,kalshi,0.65,0.99,1.0101,-0.5964,False,False,dryrun,high,computed
2026-07-06T20:58:33Z,26JUL06USABEL,team_total,team_total|usa|1.5,1.5,over,polymarket,0.47,under,kalshi,0.52,0.99,1.0101,-0.7937,False,False,dryrun,high,computed
2026-07-06T20:58:33Z,26JUL07SUICOL,team_total,team_total|switzerland|0.5,0.5,over,polymarket,0.6478,under,kalshi,0.35,0.9978,0.2218,-0.5964,False,False,dryrun,high,computed
2026-07-06T20:58:53Z,26JUL07ARGEGY,team_total,team_total|argentina|2.5,2.5,over,polymarket,0.31,under,kalshi,0.68,0.99,1.0101,-0.5964,False,False,dryrun,high,computed
2026-07-06T20:58:53Z,26JUL06USABEL,1h_total,1h_total|1.5,1.5,over,polymarket,0.34,under,kalshi,0.65,0.99,1.0101,-0.5964,False,False,dryrun,high,computed
2026-07-06T20:58:53Z,26JUL06USABEL,team_total,team_total|usa|1.5,1.5,over,polymarket,0.47,under,kalshi,0.52,0.99,1.0101,-0.7937,False,False,dryrun,high,computed
2026-07-06T20:58:53Z,26JUL07SUICOL,team_total,team_total|switzerland|0.5,0.5,over,polymarket,0.6478,under,kalshi,0.35,0.9978,0.2218,-0.5964,False,False,dryrun,high,computed
2026-07-06T20:59:13Z,26JUL07ARGEGY,team_total,team_total|argentina|2.5,2.5,over,polymarket,0.31,under,kalshi,0.68,0.99,1.0101,-0.5964,False,False,dryrun,high,computed
2026-07-06T20:59:13Z,26JUL06USABEL,1h_total,1h_total|1.5,1.5,over,polymarket,0.34,under,kalshi,0.65,0.99,1.0101,-0.5964,False,False,dryrun,high,computed
2026-07-06T20:59:13Z,26JUL06USABEL,team_total,team_total|usa|1.5,1.5,over,polymarket,0.47,under,kalshi,0.52,0.99,1.0101,-0.7937,False,False,dryrun,high,computed
2026-07-06T20:59:13Z,26JUL07SUICOL,team_total,team_total|switzerland|0.5,0.5,over,polymarket,0.6478,under,kalshi,0.35,0.9978,0.2218,-0.5964,False,False,dryrun,high,computed
2026-07-06T20:59:33Z,26JUL07ARGEGY,team_total,team_total|argentina|2.5,2.5,over,polymarket,0.31,under,kalshi,0.68,0.99,1.0101,-0.5964,False,False,dryrun,high,computed
2026-07-06T20:59:33Z,26JUL06USABEL,1h_total,1h_total|1.5,1.5,over,polymarket,0.34,under,kalshi,0.65,0.99,1.0101,-0.5964,False,False,dryrun,high,computed
2026-07-06T20:59:33Z,26JUL06USABEL,team_total,team_total|usa|1.5,1.5,over,polymarket,0.47,under,kalshi,0.52,0.99,1.0101,-0.7937,False,False,dryrun,high,computed
2026-07-06T20:59:33Z,26JUL07SUICOL,team_total,team_total|switzerland|0.5,0.5,over,polymarket,0.6478,under,kalshi,0.35,0.9978,0.2218,-0.5964,False,False,dryrun,high,computed
2026-07-06T20:59:53Z,26JUL07ARGEGY,team_total,team_total|argentina|2.5,2.5,over,polymarket,0.31,under,kalshi,0.68,0.99,1.0101,-0.5964,False,False,dryrun,high,computed
2026-07-06T20:59:53Z,26JUL06USABEL,1h_total,1h_total|1.5,1.5,over,polymarket,0.34,under,kalshi,0.65,0.99,1.0101,-0.5964,False,False,dryrun,high,computed
2026-07-06T20:59:53Z,26JUL06USABEL,team_total,team_total|usa|1.5,1.5,over,polymarket,0.47,under,kalshi,0.52,0.99,1.0101,-0.7937,False,False,dryrun,high,computed
2026-07-06T20:59:53Z,26JUL07SUICOL,team_total,team_total|switzerland|0.5,0.5,over,polymarket,0.6478,under,kalshi,0.35,0.9978,0.2218,-0.5964,False,False,dryrun,high,computed
2026-07-06T21:00:13Z,26JUL07ARGEGY,team_total,team_total|argentina|2.5,2.5,over,polymarket,0.31,under,kalshi,0.68,0.99,1.0101,-0.5964,False,False,dryrun,high,computed
2026-07-06T21:00:13Z,26JUL06USABEL,1h_total,1h_total|1.5,1.5,over,polymarket,0.34,under,kalshi,0.65,0.99,1.0101,-0.5964,False,False,dryrun,high,computed
2026-07-06T21:00:13Z,26JUL06USABEL,team_total,team_total|usa|1.5,1.5,over,polymarket,0.47,under,kalshi,0.52,0.99,1.0101,-0.7937,False,False,dryrun,high,computed
2026-07-06T21:00:13Z,26JUL07SUICOL,team_total,team_total|switzerland|0.5,0.5,over,polymarket,0.6478,under,kalshi,0.35,0.9978,0.2218,-0.5964,False,False,dryrun,high,computed
2026-07-06T21:00:33Z,26JUL07ARGEGY,team_total,team_total|argentina|2.5,2.5,over,polymarket,0.31,under,kalshi,0.68,0.99,1.0101,-0.5964,False,False,dryrun,high,computed
2026-07-06T21:00:33Z,26JUL06USABEL,1h_total,1h_total|1.5,1.5,over,polymarket,0.34,under,kalshi,0.65,0.99,1.0101,-0.5964,False,False,dryrun,high,computed
2026-07-06T21:00:33Z,26JUL06USABEL,team_total,team_total|usa|1.5,1.5,over,polymarket,0.47,under,kalshi,0.52,0.99,1.0101,-0.7937,False,False,dryrun,high,computed
2026-07-06T21:00:33Z,26JUL07SUICOL,team_total,team_total|switzerland|0.5,0.5,over,polymarket,0.6478,under,kalshi,0.35,0.9978,0.2218,-0.5964,False,False,dryrun,high,computed
2026-07-06T21:00:53Z,26JUL07ARGEGY,team_total,team_total|argentina|2.5,2.5,over,polymarket,0.31,under,kalshi,0.68,0.99,1.0101,-0.5964,False,False,dryrun,high,computed
2026-07-06T21:00:53Z,26JUL06USABEL,1h_total,1h_total|1.5,1.5,over,polymarket,0.34,under,kalshi,0.65,0.99,1.0101,-0.5964,False,False,dryrun,high,computed
2026-07-06T21:00:53Z,26JUL06USABEL,team_total,team_total|usa|1.5,1.5,over,polymarket,0.47,under,kalshi,0.52,0.99,1.0101,-0.7937,False,False,dryrun,high,computed
2026-07-06T21:00:53Z,26JUL07SUICOL,team_total,team_total|switzerland|0.5,0.5,over,polymarket,0.6478,under,kalshi,0.35,0.9978,0.2218,-0.5964,False,False,dryrun,high,computed
2026-07-06T21:01:13Z,26JUL07ARGEGY,team_total,team_total|argentina|2.5,2.5,over,polymarket,0.31,under,kalshi,0.68,0.99,1.0101,-0.5964,False,False,dryrun,high,computed
2026-07-06T21:01:13Z,26JUL06USABEL,1h_total,1h_total|1.5,1.5,over,polymarket,0.34,under,kalshi,0.65,0.99,1.0101,-0.5964,False,False,dryrun,high,computed
2026-07-06T21:01:13Z,26JUL06USABEL,team_total,team_total|usa|1.5,1.5,over,polymarket,0.47,under,kalshi,0.52,0.99,1.0101,-0.7937,False,False,dryrun,high,computed
2026-07-06T21:01:13Z,26JUL07SUICOL,team_total,team_total|switzerland|0.5,0.5,over,polymarket,0.6478,under,kalshi,0.35,0.9978,0.2218,-0.5964,False,False,dryrun,high,computed
2026-07-06T21:01:33Z,26JUL07ARGEGY,team_total,team_total|argentina|2.5,2.5,over,polymarket,0.31,under,kalshi,0.68,0.99,1.0101,-0.5964,False,False,dryrun,high,computed
2026-07-06T21:01:33Z,26JUL06USABEL,1h_total,1h_total|1.5,1.5,over,polymarket,0.34,under,kalshi,0.65,0.99,1.0101,-0.5964,False,False,dryrun,high,computed
2026-07-06T21:01:33Z,26JUL06USABEL,team_total,team_total|usa|1.5,1.5,over,polymarket,0.47,under,kalshi,0.52,0.99,1.0101,-0.7937,False,False,dryrun,high,computed
2026-07-06T21:01:33Z,26JUL07SUICOL,team_total,team_total|switzerland|0.5,0.5,over,polymarket,0.6478,under,kalshi,0.35,0.9978,0.2218,-0.5964,False,False,dryrun,high,computed
2026-07-06T21:01:53Z,26JUL07ARGEGY,team_total,team_total|argentina|2.5,2.5,over,polymarket,0.31,under,kalshi,0.68,0.99,1.0101,-0.5964,False,False,dryrun,high,computed
2026-07-06T21:01:53Z,26JUL06USABEL,1h_total,1h_total|1.5,1.5,over,polymarket,0.34,under,kalshi,0.65,0.99,1.0101,-0.5964,False,False,dryrun,high,computed
2026-07-06T21:01:53Z,26JUL06USABEL,team_total,team_total|usa|1.5,1.5,over,polymarket,0.47,under,kalshi,0.52,0.99,1.0101,-0.7937,False,False,dryrun,high,computed
2026-07-06T21:01:53Z,26JUL07SUICOL,team_total,team_total|switzerland|0.5,0.5,over,polymarket,0.6478,under,kalshi,0.35,0.9978,0.2218,-0.5964,False,False,dryrun,high,computed
2026-07-06T21:02:13Z,26JUL07ARGEGY,team_total,team_total|argentina|2.5,2.5,over,polymarket,0.31,under,kalshi,0.68,0.99,1.0101,-0.5964,False,False,dryrun,high,computed
2026-07-06T21:02:13Z,26JUL06USABEL,1h_total,1h_total|1.5,1.5,over,polymarket,0.34,under,kalshi,0.65,0.99,1.0101,-0.5964,False,False,dryrun,high,computed
2026-07-06T21:02:13Z,26JUL06USABEL,team_total,team_total|usa|1.5,1.5,over,polymarket,0.47,under,kalshi,0.52,0.99,1.0101,-0.7937,False,False,dryrun,high,computed
2026-07-06T21:02:13Z,26JUL07SUICOL,team_total,team_total|switzerland|0.5,0.5,over,polymarket,0.6478,under,kalshi,0.35,0.9978,0.2218,-0.5964,False,False,dryrun,high,computed
2026-07-06T21:02:33Z,26JUL07ARGEGY,team_total,team_total|argentina|2.5,2.5,over,polymarket,0.31,under,kalshi,0.68,0.99,1.0101,-0.5964,False,False,dryrun,high,computed
2026-07-06T21:02:33Z,26JUL06USABEL,1h_total,1h_total|1.5,1.5,over,polymarket,0.34,under,kalshi,0.65,0.99,1.0101,-0.5964,False,False,dryrun,high,computed
2026-07-06T21:02:33Z,26JUL06USABEL,team_total,team_total|usa|1.5,1.5,over,polymarket,0.47,under,kalshi,0.52,0.99,1.0101,-0.7937,False,False,dryrun,high,computed
2026-07-06T21:02:33Z,26JUL07SUICOL,team_total,team_total|switzerland|0.5,0.5,over,polymarket,0.6478,under,kalshi,0.35,0.9978,0.2218,-0.5964,False,False,dryrun,high,computed
2026-07-06T21:02:53Z,26JUL07ARGEGY,team_total,team_total|argentina|2.5,2.5,over,polymarket,0.31,under,kalshi,0.68,0.99,1.0101,-0.5964,False,False,dryrun,high,computed
2026-07-06T21:02:53Z,26JUL06USABEL,1h_total,1h_total|1.5,1.5,over,polymarket,0.34,under,kalshi,0.65,0.99,1.0101,-0.5964,False,False,dryrun,high,computed
2026-07-06T21:02:53Z,26JUL06USABEL,team_total,team_total|usa|1.5,1.5,over,polymarket,0.47,under,kalshi,0.52,0.99,1.0101,-0.7937,False,False,dryrun,high,computed
2026-07-06T21:02:53Z,26JUL07SUICOL,team_total,team_total|switzerland|0.5,0.5,over,polymarket,0.6478,under,kalshi,0.35,0.9978,0.2218,-0.5964,False,False,dryrun,high,computed
2026-07-06T21:03:13Z,26JUL07ARGEGY,team_total,team_total|argentina|2.5,2.5,over,polymarket,0.31,under,kalshi,0.68,0.99,1.0101,-0.5964,False,False,dryrun,high,computed
2026-07-06T21:03:13Z,26JUL06USABEL,1h_total,1h_total|1.5,1.5,over,polymarket,0.34,under,kalshi,0.65,0.99,1.0101,-0.5964,False,False,dryrun,high,computed
2026-07-06T21:03:13Z,26JUL06USABEL,team_total,team_total|usa|1.5,1.5,over,polymarket,0.47,under,kalshi,0.52,0.99,1.0101,-0.7937,False,False,dryrun,high,computed
2026-07-06T21:03:13Z,26JUL07SUICOL,team_total,team_total|switzerland|0.5,0.5,over,polymarket,0.6478,under,kalshi,0.35,0.9978,0.2218,-0.5964,False,False,dryrun,high,computed
2026-07-06T21:03:33Z,26JUL07ARGEGY,team_total,team_total|argentina|2.5,2.5,over,polymarket,0.31,under,kalshi,0.68,0.99,1.0101,-0.5964,False,False,dryrun,high,computed
2026-07-06T21:03:33Z,26JUL06USABEL,1h_total,1h_total|1.5,1.5,over,polymarket,0.34,under,kalshi,0.65,0.99,1.0101,-0.5964,False,False,dryrun,high,computed
2026-07-06T21:03:33Z,26JUL06USABEL,team_total,team_total|usa|1.5,1.5,over,polymarket,0.47,under,kalshi,0.52,0.99,1.0101,-0.7937,False,False,dryrun,high,computed
2026-07-06T21:03:33Z,26JUL07SUICOL,team_total,team_total|switzerland|0.5,0.5,over,polymarket,0.6478,under,kalshi,0.35,0.9978,0.2218,-0.5964,False,False,dryrun,high,computed
2026-07-06T21:03:53Z,26JUL07ARGEGY,team_total,team_total|argentina|2.5,2.5,over,polymarket,0.31,under,kalshi,0.68,0.99,1.0101,-0.5964,False,False,dryrun,high,computed
2026-07-06T21:03:53Z,26JUL06USABEL,1h_total,1h_total|1.5,1.5,over,polymarket,0.34,under,kalshi,0.65,0.99,1.0101,-0.5964,False,False,dryrun,high,computed
2026-07-06T21:03:53Z,26JUL06USABEL,team_total,team_total|usa|1.5,1.5,over,polymarket,0.47,under,kalshi,0.52,0.99,1.0101,-0.7937,False,False,dryrun,high,computed
2026-07-06T21:03:53Z,26JUL07SUICOL,team_total,team_total|switzerland|0.5,0.5,over,polymarket,0.6478,under,kalshi,0.35,0.9978,0.2218,-0.5964,False,False,dryrun,high,computed
2026-07-06T21:04:13Z,26JUL07ARGEGY,team_total,team_total|argentina|2.5,2.5,over,polymarket,0.31,under,kalshi,0.68,0.99,1.0101,-0.5964,False,False,dryrun,high,computed
2026-07-06T21:04:13Z,26JUL06USABEL,1h_total,1h_total|1.5,1.5,over,polymarket,0.34,under,kalshi,0.65,0.99,1.0101,-0.5964,False,False,dryrun,high,computed
2026-07-06T21:04:13Z,26JUL06USABEL,team_total,team_total|usa|1.5,1.5,over,polymarket,0.47,under,kalshi,0.52,0.99,1.0101,-0.7937,False,False,dryrun,high,computed
2026-07-06T21:04:13Z,26JUL07SUICOL,team_total,team_total|switzerland|0.5,0.5,over,polymarket,0.6483,under,kalshi,0.35,0.9983,0.1716,-0.5964,False,False,dryrun,high,computed
2026-07-06T21:04:33Z,26JUL07ARGEGY,team_total,team_total|argentina|2.5,2.5,over,polymarket,0.31,under,kalshi,0.68,0.99,1.0101,-0.5964,False,False,dryrun,high,computed
2026-07-06T21:04:33Z,26JUL06USABEL,1h_total,1h_total|1.5,1.5,over,polymarket,0.34,under,kalshi,0.65,0.99,1.0101,-0.5964,False,False,dryrun,high,computed
2026-07-06T21:04:33Z,26JUL06USABEL,team_total,team_total|usa|1.5,1.5,over,polymarket,0.47,under,kalshi,0.52,0.99,1.0101,-0.7937,False,False,dryrun,high,computed
2026-07-06T21:04:33Z,26JUL07SUICOL,team_total,team_total|switzerland|0.5,0.5,over,polymarket,0.6483,under,kalshi,0.35,0.9983,0.1716,-0.5964,False,False,dryrun,high,computed
2026-07-06T21:04:53Z,26JUL07ARGEGY,team_total,team_total|argentina|2.5,2.5,over,polymarket,0.31,under,kalshi,0.68,0.99,1.0101,-0.5964,False,False,dryrun,high,computed
2026-07-06T21:04:53Z,26JUL06USABEL,1h_total,1h_total|1.5,1.5,over,polymarket,0.34,under,kalshi,0.65,0.99,1.0101,-0.5964,False,False,dryrun,high,computed
2026-07-06T21:04:53Z,26JUL06USABEL,team_total,team_total|usa|1.5,1.5,over,polymarket,0.47,under,kalshi,0.52,0.99,1.0101,-0.7937,False,False,dryrun,high,computed
2026-07-06T21:04:53Z,26JUL07SUICOL,team_total,team_total|switzerland|0.5,0.5,over,polymarket,0.6483,under,kalshi,0.35,0.9983,0.1716,-0.5964,False,False,dryrun,high,computed
2026-07-06T21:05:13Z,26JUL07ARGEGY,team_total,team_total|argentina|2.5,2.5,over,polymarket,0.31,under,kalshi,0.68,0.99,1.0101,-0.5964,False,False,dryrun,high,computed
2026-07-06T21:05:13Z,26JUL06USABEL,1h_total,1h_total|1.5,1.5,over,polymarket,0.34,under,kalshi,0.65,0.99,1.0101,-0.5964,False,False,dryrun,high,computed
2026-07-06T21:05:13Z,26JUL06USABEL,team_total,team_total|usa|1.5,1.5,over,polymarket,0.47,under,kalshi,0.52,0.99,1.0101,-0.7937,False,False,dryrun,high,computed
2026-07-06T21:05:13Z,26JUL07SUICOL,team_total,team_total|switzerland|0.5,0.5,over,polymarket,0.6483,under,kalshi,0.35,0.9983,0.1716,-0.5964,False,False,dryrun,high,computed
2026-07-06T21:05:33Z,26JUL07ARGEGY,team_total,team_total|argentina|2.5,2.5,over,polymarket,0.31,under,kalshi,0.68,0.99,1.0101,-0.5964,False,False,dryrun,high,computed
2026-07-06T21:05:33Z,26JUL06USABEL,1h_total,1h_total|1.5,1.5,over,polymarket,0.34,under,kalshi,0.65,0.99,1.0101,-0.5964,False,False,dryrun,high,computed
2026-07-06T21:05:33Z,26JUL06USABEL,team_total,team_total|usa|1.5,1.5,over,polymarket,0.47,under,kalshi,0.52,0.99,1.0101,-0.7937,False,False,dryrun,high,computed
2026-07-06T21:05:33Z,26JUL07SUICOL,team_total,team_total|switzerland|0.5,0.5,over,polymarket,0.6483,under,kalshi,0.35,0.9983,0.1716,-0.5964,False,False,dryrun,high,computed
2026-07-06T21:05:53Z,26JUL07ARGEGY,team_total,team_total|argentina|2.5,2.5,over,polymarket,0.31,under,kalshi,0.68,0.99,1.0101,-0.5964,False,False,dryrun,high,computed
2026-07-06T21:05:53Z,26JUL06USABEL,1h_total,1h_total|1.5,1.5,over,polymarket,0.34,under,kalshi,0.65,0.99,1.0101,-0.5964,False,False,dryrun,high,computed
2026-07-06T21:05:53Z,26JUL06USABEL,team_total,team_total|usa|1.5,1.5,over,polymarket,0.47,under,kalshi,0.52,0.99,1.0101,-0.7937,False,False,dryrun,high,computed
2026-07-06T21:05:53Z,26JUL07SUICOL,team_total,team_total|switzerland|0.5,0.5,over,polymarket,0.6483,under,kalshi,0.35,0.9983,0.1716,-0.5964,False,False,dryrun,high,computed
2026-07-06T21:06:13Z,26JUL07ARGEGY,team_total,team_total|argentina|2.5,2.5,over,polymarket,0.31,under,kalshi,0.68,0.99,1.0101,-0.5964,False,False,dryrun,high,computed
2026-07-06T21:06:13Z,26JUL06USABEL,1h_total,1h_total|1.5,1.5,over,polymarket,0.34,under,kalshi,0.65,0.99,1.0101,-0.5964,False,False,dryrun,high,computed
2026-07-06T21:06:13Z,26JUL06USABEL,team_total,team_total|usa|1.5,1.5,over,polymarket,0.47,under,kalshi,0.52,0.99,1.0101,-0.7937,False,False,dryrun,high,computed
2026-07-06T21:06:13Z,26JUL07SUICOL,team_total,team_total|switzerland|0.5,0.5,over,polymarket,0.6483,under,kalshi,0.35,0.9983,0.1716,-0.5964,False,False,dryrun,high,computed
2026-07-06T21:06:33Z,26JUL07ARGEGY,team_total,team_total|argentina|2.5,2.5,over,polymarket,0.31,under,kalshi,0.68,0.99,1.0101,-0.5964,False,False,dryrun,high,computed
2026-07-06T21:06:33Z,26JUL06USABEL,1h_total,1h_total|1.5,1.5,over,polymarket,0.34,under,kalshi,0.65,0.99,1.0101,-0.5964,False,False,dryrun,high,computed
2026-07-06T21:06:33Z,26JUL06USABEL,team_total,team_total|usa|1.5,1.5,over,polymarket,0.47,under,kalshi,0.52,0.99,1.0101,-0.7937,False,False,dryrun,high,computed
2026-07-06T21:06:33Z,26JUL07SUICOL,team_total,team_total|switzerland|0.5,0.5,over,polymarket,0.6483,under,kalshi,0.35,0.9983,0.1716,-0.5964,False,False,dryrun,high,computed
2026-07-06T21:06:53Z,26JUL07ARGEGY,team_total,team_total|argentina|2.5,2.5,over,polymarket,0.31,under,kalshi,0.68,0.99,1.0101,-0.5964,False,False,dryrun,high,computed
2026-07-06T21:06:53Z,26JUL06USABEL,1h_total,1h_total|1.5,1.5,over,polymarket,0.34,under,kalshi,0.65,0.99,1.0101,-0.5964,False,False,dryrun,high,computed
2026-07-06T21:06:53Z,26JUL06USABEL,team_total,team_total|usa|1.5,1.5,over,polymarket,0.47,under,kalshi,0.52,0.99,1.0101,-0.7937,False,False,dryrun,high,computed
2026-07-06T21:06:53Z,26JUL07SUICOL,team_total,team_total|switzerland|0.5,0.5,over,polymarket,0.6483,under,kalshi,0.35,0.9983,0.1716,-0.5964,False,False,dryrun,high,computed
2026-07-06T21:07:13Z,26JUL07ARGEGY,team_total,team_total|argentina|2.5,2.5,over,polymarket,0.31,under,kalshi,0.68,0.99,1.0101,-0.5964,False,False,dryrun,high,computed
2026-07-06T21:07:13Z,26JUL06USABEL,team_total,team_total|usa|1.5,1.5,over,polymarket,0.47,under,kalshi,0.52,0.99,1.0101,-0.7937,False,False,dryrun,high,computed
2026-07-06T21:07:13Z,26JUL07SUICOL,team_total,team_total|switzerland|0.5,0.5,over,polymarket,0.6483,under,kalshi,0.35,0.9983,0.1716,-0.5964,False,False,dryrun,high,computed
2026-07-06T21:07:33Z,26JUL07ARGEGY,team_total,team_total|argentina|2.5,2.5,over,polymarket,0.31,under,kalshi,0.68,0.99,1.0101,-0.5964,False,False,dryrun,high,computed
2026-07-06T21:07:33Z,26JUL06USABEL,team_total,team_total|usa|1.5,1.5,over,polymarket,0.47,under,kalshi,0.52,0.99,1.0101,-0.7937,False,False,dryrun,high,computed
2026-07-06T21:07:33Z,26JUL07SUICOL,team_total,team_total|switzerland|0.5,0.5,over,polymarket,0.6483,under,kalshi,0.35,0.9983,0.1716,-0.5964,False,False,dryrun,high,computed
2026-07-06T21:07:53Z,26JUL07ARGEGY,team_total,team_total|argentina|2.5,2.5,over,polymarket,0.31,under,kalshi,0.68,0.99,1.0101,-0.5964,False,False,dryrun,high,computed
2026-07-06T21:07:53Z,26JUL06USABEL,team_total,team_total|usa|1.5,1.5,over,polymarket,0.47,under,kalshi,0.52,0.99,1.0101,-0.7937,False,False,dryrun,high,computed
2026-07-06T21:07:53Z,26JUL07SUICOL,team_total,team_total|switzerland|0.5,0.5,over,polymarket,0.6483,under,kalshi,0.35,0.9983,0.1716,-0.5964,False,False,dryrun,high,computed
2026-07-06T21:08:13Z,26JUL07ARGEGY,team_total,team_total|argentina|2.5,2.5,over,polymarket,0.31,under,kalshi,0.68,0.99,1.0101,-0.5964,False,False,dryrun,high,computed
2026-07-06T21:08:13Z,26JUL06USABEL,team_total,team_total|usa|1.5,1.5,over,polymarket,0.47,under,kalshi,0.52,0.99,1.0101,-0.7937,False,False,dryrun,high,computed
2026-07-06T21:08:13Z,26JUL07SUICOL,team_total,team_total|switzerland|0.5,0.5,over,polymarket,0.6483,under,kalshi,0.35,0.9983,0.1716,-0.5964,False,False,dryrun,high,computed
2026-07-06T21:08:33Z,26JUL07ARGEGY,team_total,team_total|argentina|2.5,2.5,over,polymarket,0.31,under,kalshi,0.68,0.99,1.0101,-0.5964,False,False,dryrun,high,computed
2026-07-06T21:08:33Z,26JUL06USABEL,team_total,team_total|usa|1.5,1.5,over,polymarket,0.47,under,kalshi,0.52,0.99,1.0101,-0.7937,False,False,dryrun,high,computed
2026-07-06T21:08:33Z,26JUL07SUICOL,team_total,team_total|switzerland|0.5,0.5,over,polymarket,0.6483,under,kalshi,0.35,0.9983,0.1716,-0.5964,False,False,dryrun,high,computed
2026-07-06T21:08:53Z,26JUL07ARGEGY,team_total,team_total|argentina|2.5,2.5,over,polymarket,0.31,under,kalshi,0.68,0.99,1.0101,-0.5964,False,False,dryrun,high,computed
2026-07-06T21:08:53Z,26JUL06USABEL,team_total,team_total|usa|1.5,1.5,over,polymarket,0.47,under,kalshi,0.52,0.99,1.0101,-0.7937,False,False,dryrun,high,computed
2026-07-06T21:08:53Z,26JUL07SUICOL,team_total,team_total|switzerland|0.5,0.5,over,polymarket,0.649,under,kalshi,0.35,0.999,0.0975,-0.5964,False,False,dryrun,high,computed
2026-07-06T21:09:13Z,26JUL07ARGEGY,team_total,team_total|argentina|2.5,2.5,over,polymarket,0.31,under,kalshi,0.68,0.99,1.0101,-0.5964,False,False,dryrun,high,computed
2026-07-06T21:09:13Z,26JUL06USABEL,team_total,team_total|usa|1.5,1.5,over,polymarket,0.47,under,kalshi,0.52,0.99,1.0101,-0.7937,False,False,dryrun,high,computed
2026-07-06T21:09:13Z,26JUL07SUICOL,team_total,team_total|switzerland|0.5,0.5,over,polymarket,0.6489,under,kalshi,0.35,0.9989,0.1122,-0.5964,False,False,dryrun,high,computed
2026-07-06T21:09:33Z,26JUL07ARGEGY,team_total,team_total|argentina|2.5,2.5,over,polymarket,0.31,under,kalshi,0.68,0.99,1.0101,-0.5964,False,False,dryrun,high,computed
2026-07-06T21:09:33Z,26JUL06USABEL,team_total,team_total|usa|1.5,1.5,over,polymarket,0.47,under,kalshi,0.52,0.99,1.0101,-0.7937,False,False,dryrun,high,computed
2026-07-06T21:09:33Z,26JUL07SUICOL,team_total,team_total|switzerland|0.5,0.5,over,polymarket,0.6489,under,kalshi,0.35,0.9989,0.1122,-0.5964,False,False,dryrun,high,computed
2026-07-06T21:09:53Z,26JUL07ARGEGY,team_total,team_total|argentina|2.5,2.5,over,polymarket,0.31,under,kalshi,0.68,0.99,1.0101,-0.5964,False,False,dryrun,high,computed
2026-07-06T21:09:53Z,26JUL06USABEL,team_total,team_total|usa|1.5,1.5,over,polymarket,0.47,under,kalshi,0.52,0.99,1.0101,-0.7937,False,False,dryrun,high,computed
2026-07-06T21:09:53Z,26JUL07SUICOL,team_total,team_total|switzerland|0.5,0.5,over,polymarket,0.6489,under,kalshi,0.35,0.9989,0.1122,-0.5964,False,False,dryrun,high,computed
2026-07-06T21:10:13Z,26JUL07ARGEGY,team_total,team_total|argentina|2.5,2.5,over,polymarket,0.31,under,kalshi,0.68,0.99,1.0101,-0.5964,False,False,dryrun,high,computed
2026-07-06T21:10:13Z,26JUL06USABEL,team_total,team_total|usa|1.5,1.5,over,polymarket,0.47,under,kalshi,0.52,0.99,1.0101,-0.7937,False,False,dryrun,high,computed
2026-07-06T21:10:13Z,26JUL07SUICOL,team_total,team_total|switzerland|0.5,0.5,over,polymarket,0.6489,under,kalshi,0.35,0.9989,0.1122,-0.5964,False,False,dryrun,high,computed
2026-07-06T21:10:33Z,26JUL07ARGEGY,team_total,team_total|argentina|2.5,2.5,over,polymarket,0.31,under,kalshi,0.68,0.99,1.0101,-0.5964,False,False,dryrun,high,computed
2026-07-06T21:10:33Z,26JUL06USABEL,team_total,team_total|usa|1.5,1.5,over,polymarket,0.47,under,kalshi,0.52,0.99,1.0101,-0.7937,False,False,dryrun,high,computed
2026-07-06T21:10:33Z,26JUL07SUICOL,team_total,team_total|switzerland|0.5,0.5,over,polymarket,0.6489,under,kalshi,0.35,0.9989,0.1122,-0.5964,False,False,dryrun,high,computed
2026-07-06T21:10:53Z,26JUL07ARGEGY,team_total,team_total|argentina|2.5,2.5,over,polymarket,0.31,under,kalshi,0.68,0.99,1.0101,-0.5964,False,False,dryrun,high,computed
2026-07-06T21:10:53Z,26JUL06USABEL,team_total,team_total|usa|1.5,1.5,over,polymarket,0.47,under,kalshi,0.52,0.99,1.0101,-0.7937,False,False,dryrun,high,computed
2026-07-06T21:10:53Z,26JUL07SUICOL,team_total,team_total|switzerland|0.5,0.5,over,polymarket,0.6489,under,kalshi,0.35,0.9989,0.1122,-0.5964,False,False,dryrun,high,computed
2026-07-06T21:11:13Z,26JUL06USABEL,team_total,team_total|usa|1.5,1.5,over,polymarket,0.46,under,kalshi,0.52,0.98,2.0408,0.2004,True,True,dryrun,high,computed
2026-07-06T21:11:13Z,26JUL07ARGEGY,team_total,team_total|argentina|2.5,2.5,over,polymarket,0.31,under,kalshi,0.68,0.99,1.0101,-0.5964,False,False,dryrun,high,computed
2026-07-06T21:11:13Z,26JUL06USABEL,1h_btts,1h_btts,,no,kalshi,0.77,yes,polymarket,0.2287,0.9987,0.1318,-0.2991,False,False,dryrun,high,computed
2026-07-06T21:11:13Z,26JUL07SUICOL,team_total,team_total|switzerland|0.5,0.5,over,polymarket,0.6489,under,kalshi,0.35,0.9989,0.1122,-0.5964,False,False,dryrun,high,computed
2026-07-06T21:11:33Z,26JUL06USABEL,team_total,team_total|usa|1.5,1.5,over,polymarket,0.46,under,kalshi,0.52,0.98,2.0408,0.2004,True,True,dryrun,high,computed
2026-07-06T21:11:33Z,26JUL07ARGEGY,team_total,team_total|argentina|2.5,2.5,over,polymarket,0.31,under,kalshi,0.68,0.99,1.0101,-0.5964,False,False,dryrun,high,computed
2026-07-06T21:11:33Z,26JUL06USABEL,1h_btts,1h_btts,,no,kalshi,0.77,yes,polymarket,0.2287,0.9987,0.1318,-0.2991,False,False,dryrun,high,computed
2026-07-06T21:11:33Z,26JUL07SUICOL,team_total,team_total|switzerland|0.5,0.5,over,polymarket,0.6489,under,kalshi,0.35,0.9989,0.1122,-0.5964,False,False,dryrun,high,computed
2026-07-06T21:11:53Z,26JUL06USABEL,team_total,team_total|usa|1.5,1.5,over,polymarket,0.46,under,kalshi,0.52,0.98,2.0408,0.2004,True,True,dryrun,high,computed
2026-07-06T21:11:53Z,26JUL07ARGEGY,team_total,team_total|argentina|2.5,2.5,over,polymarket,0.31,under,kalshi,0.68,0.99,1.0101,-0.5964,False,False,dryrun,high,computed
2026-07-06T21:11:53Z,26JUL06USABEL,1h_btts,1h_btts,,no,kalshi,0.77,yes,polymarket,0.2287,0.9987,0.1318,-0.2991,False,False,dryrun,high,computed
2026-07-06T21:11:53Z,26JUL07SUICOL,team_total,team_total|switzerland|0.5,0.5,over,polymarket,0.6489,under,kalshi,0.35,0.9989,0.1122,-0.5964,False,False,dryrun,high,computed
2026-07-06T21:12:13Z,26JUL06USABEL,team_total,team_total|usa|1.5,1.5,over,polymarket,0.46,under,kalshi,0.52,0.98,2.0408,0.2004,True,True,dryrun,high,computed
2026-07-06T21:12:13Z,26JUL07ARGEGY,team_total,team_total|argentina|2.5,2.5,over,polymarket,0.31,under,kalshi,0.68,0.99,1.0101,-0.5964,False,False,dryrun,high,computed
2026-07-06T21:12:13Z,26JUL06USABEL,1h_btts,1h_btts,,no,kalshi,0.77,yes,polymarket,0.2287,0.9987,0.1318,-0.2991,False,False,dryrun,high,computed
2026-07-06T21:12:13Z,26JUL07SUICOL,team_total,team_total|switzerland|0.5,0.5,over,polymarket,0.6489,under,kalshi,0.35,0.9989,0.1122,-0.5964,False,False,dryrun,high,computed
2026-07-06T21:12:33Z,26JUL06USABEL,team_total,team_total|usa|1.5,1.5,over,polymarket,0.46,under,kalshi,0.52,0.98,2.0408,0.2004,True,True,dryrun,high,computed
2026-07-06T21:12:33Z,26JUL07ARGEGY,team_total,team_total|argentina|2.5,2.5,over,polymarket,0.31,under,kalshi,0.68,0.99,1.0101,-0.5964,False,False,dryrun,high,computed
2026-07-06T21:12:33Z,26JUL06USABEL,1h_btts,1h_btts,,no,kalshi,0.77,yes,polymarket,0.2287,0.9987,0.1318,-0.2991,False,False,dryrun,high,computed
2026-07-06T21:12:33Z,26JUL07SUICOL,team_total,team_total|switzerland|0.5,0.5,over,polymarket,0.6489,under,kalshi,0.35,0.9989,0.1122,-0.5964,False,False,dryrun,high,computed
2026-07-06T21:12:53Z,26JUL06USABEL,team_total,team_total|usa|1.5,1.5,over,polymarket,0.4672,under,kalshi,0.52,0.9872,1.2965,0.2004,True,True,dryrun,high,computed
2026-07-06T21:12:53Z,26JUL07ARGEGY,team_total,team_total|argentina|2.5,2.5,over,polymarket,0.31,under,kalshi,0.68,0.99,1.0101,-0.5964,False,False,dryrun,high,computed
2026-07-06T21:12:53Z,26JUL06USABEL,1h_btts,1h_btts,,no,kalshi,0.77,yes,polymarket,0.2287,0.9987,0.1318,-0.2991,False,False,dryrun,high,computed
2026-07-06T21:12:53Z,26JUL07SUICOL,team_total,team_total|switzerland|0.5,0.5,over,polymarket,0.6489,under,kalshi,0.35,0.9989,0.1122,-0.5964,False,False,dryrun,high,computed
2026-07-06T21:13:13Z,26JUL07ARGEGY,team_total,team_total|argentina|2.5,2.5,over,polymarket,0.31,under,kalshi,0.68,0.99,1.0101,-0.5964,False,False,dryrun,high,computed
2026-07-06T21:13:13Z,26JUL06USABEL,team_total,team_total|usa|1.5,1.5,over,polymarket,0.47,under,kalshi,0.52,0.99,1.0101,-0.7937,False,False,dryrun,high,computed
2026-07-06T21:13:13Z,26JUL07SUICOL,team_total,team_total|switzerland|0.5,0.5,over,polymarket,0.6489,under,kalshi,0.35,0.9989,0.1122,-0.5964,False,False,dryrun,high,computed
2026-07-06T21:13:13Z,26JUL06USABEL,1h_btts,1h_btts,,no,kalshi,0.77,yes,polymarket,0.2294,0.9994,0.0634,-1.2833,False,False,dryrun,high,computed
2026-07-06T21:13:33Z,26JUL07ARGEGY,team_total,team_total|argentina|2.5,2.5,over,polymarket,0.31,under,kalshi,0.68,0.99,1.0101,-0.5964,False,False,dryrun,high,computed
2026-07-06T21:13:33Z,26JUL06USABEL,team_total,team_total|usa|1.5,1.5,over,polymarket,0.47,under,kalshi,0.52,0.99,1.0101,-0.7937,False,False,dryrun,high,computed
2026-07-06T21:13:33Z,26JUL07SUICOL,team_total,team_total|switzerland|0.5,0.5,over,polymarket,0.6489,under,kalshi,0.35,0.9989,0.1122,-0.5964,False,False,dryrun,high,computed
2026-07-06T21:13:33Z,26JUL06USABEL,1h_btts,1h_btts,,no,kalshi,0.77,yes,polymarket,0.2294,0.9994,0.0625,-0.2991,False,False,dryrun,high,computed
2026-07-06T21:13:53Z,26JUL07ARGEGY,team_total,team_total|argentina|2.5,2.5,over,polymarket,0.31,under,kalshi,0.68,0.99,1.0101,-0.5964,False,False,dryrun,high,computed
2026-07-06T21:13:53Z,26JUL06USABEL,team_total,team_total|usa|1.5,1.5,over,polymarket,0.47,under,kalshi,0.52,0.99,1.0101,-0.7937,False,False,dryrun,high,computed
2026-07-06T21:13:53Z,26JUL07SUICOL,team_total,team_total|switzerland|0.5,0.5,over,polymarket,0.6489,under,kalshi,0.35,0.9989,0.1122,-0.5964,False,False,dryrun,high,computed
2026-07-06T21:14:13Z,26JUL07ARGEGY,team_total,team_total|argentina|2.5,2.5,over,polymarket,0.31,under,kalshi,0.68,0.99,1.0101,-0.5964,False,False,dryrun,high,computed
2026-07-06T21:14:13Z,26JUL06USABEL,team_total,team_total|usa|1.5,1.5,over,polymarket,0.47,under,kalshi,0.52,0.99,1.0101,-0.7937,False,False,dryrun,high,computed
2026-07-06T21:14:13Z,26JUL07SUICOL,team_total,team_total|switzerland|0.5,0.5,over,polymarket,0.6489,under,kalshi,0.35,0.9989,0.1122,-0.5964,False,False,dryrun,high,computed
2026-07-06T21:14:33Z,26JUL07ARGEGY,team_total,team_total|argentina|2.5,2.5,over,polymarket,0.31,under,kalshi,0.68,0.99,1.0101,-0.5964,False,False,dryrun,high,computed
2026-07-06T21:14:33Z,26JUL06USABEL,team_total,team_total|usa|1.5,1.5,over,polymarket,0.47,under,kalshi,0.52,0.99,1.0101,-0.7937,False,False,dryrun,high,computed
2026-07-06T21:14:33Z,26JUL07SUICOL,team_total,team_total|switzerland|0.5,0.5,over,polymarket,0.6489,under,kalshi,0.35,0.9989,0.1122,-0.5964,False,False,dryrun,high,computed
2026-07-06T21:14:53Z,26JUL07ARGEGY,team_total,team_total|argentina|2.5,2.5,over,polymarket,0.31,under,kalshi,0.68,0.99,1.0101,-0.5964,False,False,dryrun,high,computed
2026-07-06T21:14:53Z,26JUL06USABEL,team_total,team_total|usa|1.5,1.5,over,polymarket,0.47,under,kalshi,0.52,0.99,1.0101,-0.7937,False,False,dryrun,high,computed
2026-07-06T21:14:53Z,26JUL07SUICOL,team_total,team_total|switzerland|0.5,0.5,over,polymarket,0.6489,under,kalshi,0.35,0.9989,0.1122,-0.5964,False,False,dryrun,high,computed
2026-07-06T21:15:13Z,26JUL07ARGEGY,team_total,team_total|argentina|2.5,2.5,over,polymarket,0.31,under,kalshi,0.68,0.99,1.0101,-0.5964,False,False,dryrun,high,computed
2026-07-06T21:15:13Z,26JUL06USABEL,team_total,team_total|usa|1.5,1.5,over,polymarket,0.47,under,kalshi,0.52,0.99,1.0101,-0.7937,False,False,dryrun,high,computed
2026-07-06T21:15:13Z,26JUL07SUICOL,team_total,team_total|switzerland|0.5,0.5,over,polymarket,0.6489,under,kalshi,0.35,0.9989,0.1122,-0.5964,False,False,dryrun,high,computed
2026-07-06T21:15:33Z,26JUL07ARGEGY,team_total,team_total|argentina|2.5,2.5,over,polymarket,0.31,under,kalshi,0.68,0.99,1.0101,-0.5964,False,False,dryrun,high,computed
2026-07-06T21:15:33Z,26JUL06USABEL,team_total,team_total|usa|1.5,1.5,over,polymarket,0.47,under,kalshi,0.52,0.99,1.0101,-0.7937,False,False,dryrun,high,computed
2026-07-06T21:15:33Z,26JUL07SUICOL,team_total,team_total|switzerland|0.5,0.5,over,polymarket,0.6489,under,kalshi,0.35,0.9989,0.1122,-0.5964,False,False,dryrun,high,computed
2026-07-06T21:15:53Z,26JUL07ARGEGY,team_total,team_total|argentina|2.5,2.5,over,polymarket,0.31,under,kalshi,0.68,0.99,1.0101,-0.5964,False,False,dryrun,high,computed
2026-07-06T21:15:53Z,26JUL06USABEL,team_total,team_total|usa|1.5,1.5,over,polymarket,0.47,under,kalshi,0.52,0.99,1.0101,-0.7937,False,False,dryrun,high,computed
2026-07-06T21:15:53Z,26JUL07SUICOL,team_total,team_total|switzerland|0.5,0.5,over,polymarket,0.6489,under,kalshi,0.35,0.9989,0.1122,-0.5964,False,False,dryrun,high,computed
2026-07-06T21:16:13Z,26JUL07ARGEGY,team_total,team_total|argentina|2.5,2.5,over,polymarket,0.31,under,kalshi,0.68,0.99,1.0101,-0.5964,False,False,dryrun,high,computed
2026-07-06T21:16:13Z,26JUL06USABEL,team_total,team_total|usa|1.5,1.5,over,polymarket,0.47,under,kalshi,0.52,0.99,1.0101,-0.7937,False,False,dryrun,high,computed
2026-07-06T21:16:13Z,26JUL07SUICOL,team_total,team_total|switzerland|0.5,0.5,over,polymarket,0.6489,under,kalshi,0.35,0.9989,0.1122,-0.5964,False,False,dryrun,high,computed
2026-07-06T21:16:33Z,26JUL07ARGEGY,team_total,team_total|argentina|2.5,2.5,over,polymarket,0.31,under,kalshi,0.68,0.99,1.0101,-0.5964,False,False,dryrun,high,computed
2026-07-06T21:16:33Z,26JUL06USABEL,team_total,team_total|usa|1.5,1.5,over,polymarket,0.47,under,kalshi,0.52,0.99,1.0101,-0.7937,False,False,dryrun,high,computed
2026-07-06T21:16:33Z,26JUL07SUICOL,team_total,team_total|switzerland|0.5,0.5,over,polymarket,0.6489,under,kalshi,0.35,0.9989,0.1122,-0.5964,False,False,dryrun,high,computed
2026-07-06T21:16:53Z,26JUL07ARGEGY,team_total,team_total|argentina|2.5,2.5,over,polymarket,0.31,under,kalshi,0.68,0.99,1.0101,-0.5964,False,False,dryrun,high,computed
2026-07-06T21:16:53Z,26JUL06USABEL,team_total,team_total|usa|1.5,1.5,over,polymarket,0.47,under,kalshi,0.52,0.99,1.0101,-0.7937,False,False,dryrun,high,computed
2026-07-06T21:16:53Z,26JUL07SUICOL,team_total,team_total|switzerland|0.5,0.5,over,polymarket,0.6489,under,kalshi,0.35,0.9989,0.1122,-0.5964,False,False,dryrun,high,computed
2026-07-06T21:17:13Z,26JUL07ARGEGY,team_total,team_total|argentina|2.5,2.5,over,polymarket,0.31,under,kalshi,0.68,0.99,1.0101,-0.5964,False,False,dryrun,high,computed
2026-07-06T21:17:13Z,26JUL06USABEL,team_total,team_total|usa|1.5,1.5,over,polymarket,0.47,under,kalshi,0.52,0.99,1.0101,-0.7937,False,False,dryrun,high,computed
2026-07-06T21:17:13Z,26JUL07SUICOL,team_total,team_total|switzerland|0.5,0.5,over,polymarket,0.6489,under,kalshi,0.35,0.9989,0.1122,-0.5964,False,False,dryrun,high,computed
2026-07-06T21:17:33Z,26JUL07ARGEGY,team_total,team_total|argentina|2.5,2.5,over,polymarket,0.31,under,kalshi,0.68,0.99,1.0101,-0.5964,False,False,dryrun,high,computed
2026-07-06T21:17:33Z,26JUL06USABEL,team_total,team_total|usa|1.5,1.5,over,polymarket,0.47,under,kalshi,0.52,0.99,1.0101,-0.7937,False,False,dryrun,high,computed
2026-07-06T21:17:33Z,26JUL07SUICOL,team_total,team_total|switzerland|0.5,0.5,over,polymarket,0.6489,under,kalshi,0.35,0.9989,0.1122,-0.5964,False,False,dryrun,high,computed
2026-07-06T21:17:53Z,26JUL07ARGEGY,team_total,team_total|argentina|2.5,2.5,over,polymarket,0.31,under,kalshi,0.68,0.99,1.0101,-0.5964,False,False,dryrun,high,computed
2026-07-06T21:17:53Z,26JUL06USABEL,team_total,team_total|usa|1.5,1.5,over,polymarket,0.47,under,kalshi,0.52,0.99,1.0101,-0.7937,False,False,dryrun,high,computed
2026-07-06T21:17:53Z,26JUL07SUICOL,team_total,team_total|switzerland|0.5,0.5,over,polymarket,0.6489,under,kalshi,0.35,0.9989,0.1122,-0.5964,False,False,dryrun,high,computed
2026-07-06T21:18:13Z,26JUL07ARGEGY,team_total,team_total|argentina|2.5,2.5,over,polymarket,0.31,under,kalshi,0.68,0.99,1.0101,-0.5964,False,False,dryrun,high,computed
2026-07-06T21:18:13Z,26JUL06USABEL,team_total,team_total|usa|1.5,1.5,over,polymarket,0.47,under,kalshi,0.52,0.99,1.0101,-0.7937,False,False,dryrun,high,computed
2026-07-06T21:18:13Z,26JUL07SUICOL,team_total,team_total|switzerland|0.5,0.5,over,polymarket,0.6489,under,kalshi,0.35,0.9989,0.1122,-0.5964,False,False,dryrun,high,computed
2026-07-06T21:18:33Z,26JUL07ARGEGY,team_total,team_total|argentina|2.5,2.5,over,polymarket,0.31,under,kalshi,0.68,0.99,1.0101,-0.5964,False,False,dryrun,high,computed
2026-07-06T21:18:33Z,26JUL06USABEL,team_total,team_total|usa|1.5,1.5,over,polymarket,0.47,under,kalshi,0.52,0.99,1.0101,-0.7937,False,False,dryrun,high,computed
2026-07-06T21:18:33Z,26JUL07SUICOL,team_total,team_total|switzerland|0.5,0.5,over,polymarket,0.6489,under,kalshi,0.35,0.9989,0.1122,-0.5964,False,False,dryrun,high,computed
2026-07-06T21:18:53Z,26JUL07ARGEGY,team_total,team_total|argentina|2.5,2.5,over,polymarket,0.31,under,kalshi,0.68,0.99,1.0101,-0.5964,False,False,dryrun,high,computed
2026-07-06T21:18:53Z,26JUL06USABEL,team_total,team_total|usa|1.5,1.5,over,polymarket,0.47,under,kalshi,0.52,0.99,1.0101,-0.7937,False,False,dryrun,high,computed
2026-07-06T21:18:53Z,26JUL07SUICOL,team_total,team_total|switzerland|0.5,0.5,over,polymarket,0.6489,under,kalshi,0.35,0.9989,0.1122,-0.5964,False,False,dryrun,high,computed
2026-07-06T21:19:13Z,26JUL07ARGEGY,team_total,team_total|argentina|2.5,2.5,over,polymarket,0.31,under,kalshi,0.68,0.99,1.0101,-0.5964,False,False,dryrun,high,computed
2026-07-06T21:19:13Z,26JUL06USABEL,team_total,team_total|usa|1.5,1.5,over,polymarket,0.47,under,kalshi,0.52,0.99,1.0101,-0.7937,False,False,dryrun,high,computed
2026-07-06T21:19:13Z,26JUL07SUICOL,team_total,team_total|switzerland|0.5,0.5,over,polymarket,0.6489,under,kalshi,0.35,0.9989,0.1122,-0.5964,False,False,dryrun,high,computed
2026-07-06T21:19:33Z,26JUL07ARGEGY,team_total,team_total|argentina|2.5,2.5,over,polymarket,0.31,under,kalshi,0.68,0.99,1.0101,-0.5964,False,False,dryrun,high,computed
2026-07-06T21:19:33Z,26JUL06USABEL,team_total,team_total|usa|1.5,1.5,over,polymarket,0.47,under,kalshi,0.52,0.99,1.0101,-0.7937,False,False,dryrun,high,computed
2026-07-06T21:19:33Z,26JUL07SUICOL,team_total,team_total|switzerland|0.5,0.5,over,polymarket,0.6489,under,kalshi,0.35,0.9989,0.1122,-0.5964,False,False,dryrun,high,computed
2026-07-06T21:19:53Z,26JUL07ARGEGY,team_total,team_total|argentina|2.5,2.5,over,polymarket,0.31,under,kalshi,0.68,0.99,1.0101,-0.5964,False,False,dryrun,high,computed
2026-07-06T21:19:53Z,26JUL06USABEL,team_total,team_total|usa|1.5,1.5,over,polymarket,0.47,under,kalshi,0.52,0.99,1.0101,-0.7937,False,False,dryrun,high,computed
2026-07-06T21:19:53Z,26JUL07SUICOL,team_total,team_total|switzerland|0.5,0.5,over,polymarket,0.6489,under,kalshi,0.35,0.9989,0.1122,-0.5964,False,False,dryrun,high,computed
2026-07-06T21:20:13Z,26JUL07ARGEGY,team_total,team_total|argentina|2.5,2.5,over,polymarket,0.31,under,kalshi,0.68,0.99,1.0101,-0.5964,False,False,dryrun,high,computed
2026-07-06T21:20:13Z,26JUL06USABEL,team_total,team_total|usa|1.5,1.5,over,polymarket,0.47,under,kalshi,0.52,0.99,1.0101,-0.7937,False,False,dryrun,high,computed
2026-07-06T21:20:13Z,26JUL07SUICOL,team_total,team_total|switzerland|0.5,0.5,over,polymarket,0.6489,under,kalshi,0.35,0.9989,0.1122,-0.5964,False,False,dryrun,high,computed
2026-07-06T21:20:33Z,26JUL07ARGEGY,team_total,team_total|argentina|2.5,2.5,over,polymarket,0.31,under,kalshi,0.68,0.99,1.0101,-0.5964,False,False,dryrun,high,computed
2026-07-06T21:20:33Z,26JUL06USABEL,1h_btts,1h_btts,,no,kalshi,0.77,yes,polymarket,0.22,0.99,1.0101,-0.2991,False,False,dryrun,high,computed
2026-07-06T21:20:33Z,26JUL06USABEL,team_total,team_total|usa|1.5,1.5,over,polymarket,0.47,under,kalshi,0.52,0.99,1.0101,-0.7937,False,False,dryrun,high,computed
2026-07-06T21:20:33Z,26JUL07SUICOL,team_total,team_total|switzerland|0.5,0.5,over,polymarket,0.6489,under,kalshi,0.35,0.9989,0.1122,-0.5964,False,False,dryrun,high,computed
2026-07-06T21:20:53Z,26JUL07ARGEGY,team_total,team_total|argentina|2.5,2.5,over,polymarket,0.31,under,kalshi,0.68,0.99,1.0101,-0.5964,False,False,dryrun,high,computed
2026-07-06T21:20:53Z,26JUL06USABEL,1h_btts,1h_btts,,no,kalshi,0.77,yes,polymarket,0.22,0.99,1.0101,-0.2991,False,False,dryrun,high,computed
2026-07-06T21:20:53Z,26JUL06USABEL,team_total,team_total|usa|1.5,1.5,over,polymarket,0.47,under,kalshi,0.52,0.99,1.0101,-0.7937,False,False,dryrun,high,computed
2026-07-06T21:20:53Z,26JUL07SUICOL,team_total,team_total|switzerland|0.5,0.5,over,polymarket,0.6489,under,kalshi,0.35,0.9989,0.1122,-0.5964,False,False,dryrun,high,computed
2026-07-06T21:21:13Z,26JUL07ARGEGY,team_total,team_total|argentina|2.5,2.5,over,polymarket,0.31,under,kalshi,0.68,0.99,1.0101,-0.5964,False,False,dryrun,high,computed
2026-07-06T21:21:13Z,26JUL06USABEL,1h_btts,1h_btts,,no,kalshi,0.77,yes,polymarket,0.22,0.99,1.0101,-0.2991,False,False,dryrun,high,computed
2026-07-06T21:21:13Z,26JUL06USABEL,team_total,team_total|usa|1.5,1.5,over,polymarket,0.47,under,kalshi,0.52,0.99,1.0101,-0.7937,False,False,dryrun,high,computed
2026-07-06T21:21:13Z,26JUL07SUICOL,team_total,team_total|switzerland|0.5,0.5,over,polymarket,0.6489,under,kalshi,0.35,0.9989,0.1122,-0.5964,False,False,dryrun,high,computed
2026-07-06T21:21:33Z,26JUL07ARGEGY,team_total,team_total|argentina|2.5,2.5,over,polymarket,0.31,under,kalshi,0.68,0.99,1.0101,-0.5964,False,False,dryrun,high,computed
2026-07-06T21:21:33Z,26JUL06USABEL,1h_btts,1h_btts,,no,kalshi,0.77,yes,polymarket,0.22,0.99,1.0101,-0.2991,False,False,dryrun,high,computed
2026-07-06T21:21:33Z,26JUL06USABEL,team_total,team_total|usa|1.5,1.5,over,polymarket,0.47,under,kalshi,0.52,0.99,1.0101,-0.7937,False,False,dryrun,high,computed
2026-07-06T21:21:33Z,26JUL07SUICOL,team_total,team_total|switzerland|0.5,0.5,over,polymarket,0.6489,under,kalshi,0.35,0.9989,0.1122,-0.5964,False,False,dryrun,high,computed
2026-07-06T21:21:53Z,26JUL07ARGEGY,team_total,team_total|argentina|2.5,2.5,over,polymarket,0.31,under,kalshi,0.68,0.99,1.0101,-0.5964,False,False,dryrun,high,computed
2026-07-06T21:21:53Z,26JUL06USABEL,1h_btts,1h_btts,,no,kalshi,0.77,yes,polymarket,0.22,0.99,1.0101,-0.2991,False,False,dryrun,high,computed
2026-07-06T21:21:53Z,26JUL06USABEL,team_total,team_total|usa|1.5,1.5,over,polymarket,0.47,under,kalshi,0.52,0.99,1.0101,-0.7937,False,False,dryrun,high,computed
2026-07-06T21:21:53Z,26JUL07SUICOL,team_total,team_total|switzerland|0.5,0.5,over,polymarket,0.6489,under,kalshi,0.35,0.9989,0.1122,-0.5964,False,False,dryrun,high,computed
2026-07-06T21:22:13Z,26JUL07ARGEGY,team_total,team_total|argentina|2.5,2.5,over,polymarket,0.31,under,kalshi,0.68,0.99,1.0101,-0.5964,False,False,dryrun,high,computed
2026-07-06T21:22:13Z,26JUL06USABEL,1h_btts,1h_btts,,no,kalshi,0.77,yes,polymarket,0.22,0.99,1.0101,-0.2991,False,False,dryrun,high,computed
2026-07-06T21:22:13Z,26JUL06USABEL,team_total,team_total|usa|1.5,1.5,over,polymarket,0.47,under,kalshi,0.52,0.99,1.0101,-0.7937,False,False,dryrun,high,computed
2026-07-06T21:22:13Z,26JUL07SUICOL,team_total,team_total|switzerland|0.5,0.5,over,polymarket,0.6489,under,kalshi,0.35,0.9989,0.1122,-0.5964,False,False,dryrun,high,computed
2026-07-06T21:22:33Z,26JUL07ARGEGY,team_total,team_total|argentina|2.5,2.5,over,polymarket,0.31,under,kalshi,0.68,0.99,1.0101,-0.5964,False,False,dryrun,high,computed
2026-07-06T21:22:33Z,26JUL06USABEL,1h_btts,1h_btts,,no,kalshi,0.77,yes,polymarket,0.22,0.99,1.0101,-0.2991,False,False,dryrun,high,computed
2026-07-06T21:22:33Z,26JUL06USABEL,team_total,team_total|usa|1.5,1.5,over,polymarket,0.47,under,kalshi,0.52,0.99,1.0101,-0.7937,False,False,dryrun,high,computed
2026-07-06T21:22:33Z,26JUL07SUICOL,team_total,team_total|switzerland|0.5,0.5,over,polymarket,0.6488,under,kalshi,0.35,0.9988,0.1156,-0.5964,False,False,dryrun,high,computed
2026-07-06T21:22:53Z,26JUL07ARGEGY,team_total,team_total|argentina|2.5,2.5,over,polymarket,0.31,under,kalshi,0.68,0.99,1.0101,-0.5964,False,False,dryrun,high,computed
2026-07-06T21:22:53Z,26JUL06USABEL,1h_btts,1h_btts,,no,kalshi,0.77,yes,polymarket,0.22,0.99,1.0101,-0.2991,False,False,dryrun,high,computed
2026-07-06T21:22:53Z,26JUL06USABEL,team_total,team_total|usa|1.5,1.5,over,polymarket,0.47,under,kalshi,0.52,0.99,1.0101,-0.7937,False,False,dryrun,high,computed
2026-07-06T21:22:53Z,26JUL07SUICOL,team_total,team_total|switzerland|0.5,0.5,over,polymarket,0.6486,under,kalshi,0.35,0.9986,0.1361,-0.5964,False,False,dryrun,high,computed
2026-07-06T21:23:13Z,26JUL07ARGEGY,team_total,team_total|argentina|2.5,2.5,over,polymarket,0.31,under,kalshi,0.68,0.99,1.0101,-0.5964,False,False,dryrun,high,computed
2026-07-06T21:23:13Z,26JUL06USABEL,1h_btts,1h_btts,,no,kalshi,0.77,yes,polymarket,0.22,0.99,1.0101,-0.2991,False,False,dryrun,high,computed
2026-07-06T21:23:13Z,26JUL06USABEL,team_total,team_total|usa|1.5,1.5,over,polymarket,0.47,under,kalshi,0.52,0.99,1.0101,-0.7937,False,False,dryrun,high,computed
2026-07-06T21:23:13Z,26JUL07SUICOL,team_total,team_total|switzerland|0.5,0.5,over,polymarket,0.6488,under,kalshi,0.35,0.9988,0.1207,-0.5964,False,False,dryrun,high,computed
2026-07-06T21:23:33Z,26JUL07SUICOL,team_total,team_total|switzerland|0.5,0.5,over,polymarket,0.64,under,kalshi,0.35,0.99,1.0101,-0.5964,False,False,dryrun,high,computed
2026-07-06T21:23:33Z,26JUL07ARGEGY,team_total,team_total|argentina|2.5,2.5,over,polymarket,0.31,under,kalshi,0.68,0.99,1.0101,-0.5964,False,False,dryrun,high,computed
2026-07-06T21:23:33Z,26JUL06USABEL,1h_btts,1h_btts,,no,kalshi,0.77,yes,polymarket,0.22,0.99,1.0101,-0.2991,False,False,dryrun,high,computed
2026-07-06T21:23:33Z,26JUL06USABEL,team_total,team_total|usa|1.5,1.5,over,polymarket,0.47,under,kalshi,0.52,0.99,1.0101,-0.7937,False,False,dryrun,high,computed
2026-07-06T21:23:53Z,26JUL07SUICOL,team_total,team_total|switzerland|0.5,0.5,over,polymarket,0.64,under,kalshi,0.35,0.99,1.0101,-0.5964,False,False,dryrun,high,computed
2026-07-06T21:23:53Z,26JUL07ARGEGY,team_total,team_total|argentina|2.5,2.5,over,polymarket,0.31,under,kalshi,0.68,0.99,1.0101,-0.5964,False,False,dryrun,high,computed
2026-07-06T21:23:53Z,26JUL06USABEL,1h_btts,1h_btts,,no,kalshi,0.77,yes,polymarket,0.22,0.99,1.0101,-0.2991,False,False,dryrun,high,computed
2026-07-06T21:23:53Z,26JUL06USABEL,team_total,team_total|usa|1.5,1.5,over,polymarket,0.47,under,kalshi,0.52,0.99,1.0101,-0.7937,False,False,dryrun,high,computed
2026-07-06T21:23:53Z,26JUL06USABEL,1h_total,1h_total|1.5,1.5,over,polymarket,0.34,under,kalshi,0.66,1.0,0.0,-1.5748,False,False,dryrun,high,computed
2026-07-06T21:24:13Z,26JUL07SUICOL,team_total,team_total|switzerland|0.5,0.5,over,polymarket,0.64,under,kalshi,0.35,0.99,1.0101,-0.5964,False,False,dryrun,high,computed
2026-07-06T21:24:13Z,26JUL07ARGEGY,team_total,team_total|argentina|2.5,2.5,over,polymarket,0.31,under,kalshi,0.68,0.99,1.0101,-0.5964,False,False,dryrun,high,computed
2026-07-06T21:24:13Z,26JUL06USABEL,1h_btts,1h_btts,,no,kalshi,0.77,yes,polymarket,0.22,0.99,1.0101,-0.2991,False,False,dryrun,high,computed
2026-07-06T21:24:13Z,26JUL06USABEL,team_total,team_total|usa|1.5,1.5,over,polymarket,0.47,under,kalshi,0.52,0.99,1.0101,-0.7937,False,False,dryrun,high,computed
2026-07-06T21:24:13Z,26JUL06USABEL,1h_total,1h_total|1.5,1.5,over,polymarket,0.34,under,kalshi,0.66,1.0,0.0,-1.5748,False,False,dryrun,high,computed
2026-07-06T21:24:33Z,26JUL07SUICOL,team_total,team_total|switzerland|0.5,0.5,over,polymarket,0.64,under,kalshi,0.35,0.99,1.0101,-0.5964,False,False,dryrun,high,computed
2026-07-06T21:24:33Z,26JUL07ARGEGY,team_total,team_total|argentina|2.5,2.5,over,polymarket,0.31,under,kalshi,0.68,0.99,1.0101,-0.5964,False,False,dryrun,high,computed
2026-07-06T21:24:33Z,26JUL06USABEL,1h_btts,1h_btts,,no,kalshi,0.77,yes,polymarket,0.22,0.99,1.0101,-0.2991,False,False,dryrun,high,computed
2026-07-06T21:24:33Z,26JUL06USABEL,team_total,team_total|usa|1.5,1.5,over,polymarket,0.47,under,kalshi,0.52,0.99,1.0101,-0.7937,False,False,dryrun,high,computed
2026-07-06T21:24:33Z,26JUL06USABEL,1h_total,1h_total|1.5,1.5,over,polymarket,0.34,under,kalshi,0.66,1.0,0.0,-1.5748,False,False,dryrun,high,computed
2026-07-06T21:24:53Z,26JUL07SUICOL,team_total,team_total|switzerland|0.5,0.5,over,polymarket,0.64,under,kalshi,0.35,0.99,1.0101,-0.5964,False,False,dryrun,high,computed
2026-07-06T21:24:53Z,26JUL07ARGEGY,team_total,team_total|argentina|2.5,2.5,over,polymarket,0.31,under,kalshi,0.68,0.99,1.0101,-0.5964,False,False,dryrun,high,computed
2026-07-06T21:24:53Z,26JUL06USABEL,1h_btts,1h_btts,,no,kalshi,0.77,yes,polymarket,0.22,0.99,1.0101,-0.2991,False,False,dryrun,high,computed
2026-07-06T21:24:53Z,26JUL06USABEL,team_total,team_total|usa|1.5,1.5,over,polymarket,0.47,under,kalshi,0.52,0.99,1.0101,-0.7937,False,False,dryrun,high,computed
2026-07-06T21:24:53Z,26JUL06USABEL,1h_total,1h_total|1.5,1.5,over,polymarket,0.34,under,kalshi,0.66,1.0,0.0,-1.5748,False,False,dryrun,high,computed
2026-07-06T21:25:13Z,26JUL07SUICOL,team_total,team_total|switzerland|0.5,0.5,over,polymarket,0.64,under,kalshi,0.35,0.99,1.0101,-0.5964,False,False,dryrun,high,computed
2026-07-06T21:25:13Z,26JUL07ARGEGY,team_total,team_total|argentina|2.5,2.5,over,polymarket,0.31,under,kalshi,0.68,0.99,1.0101,-0.5964,False,False,dryrun,high,computed
2026-07-06T21:25:13Z,26JUL06USABEL,1h_btts,1h_btts,,no,kalshi,0.77,yes,polymarket,0.22,0.99,1.0101,-0.2991,False,False,dryrun,high,computed
2026-07-06T21:25:13Z,26JUL06USABEL,team_total,team_total|usa|1.5,1.5,over,polymarket,0.47,under,kalshi,0.52,0.99,1.0101,-0.7937,False,False,dryrun,high,computed
2026-07-06T21:25:13Z,26JUL06USABEL,1h_total,1h_total|1.5,1.5,over,polymarket,0.34,under,kalshi,0.66,1.0,0.0,-1.5748,False,False,dryrun,high,computed
2026-07-06T21:25:33Z,26JUL07SUICOL,team_total,team_total|switzerland|0.5,0.5,over,polymarket,0.64,under,kalshi,0.35,0.99,1.0101,-0.5964,False,False,dryrun,high,computed
2026-07-06T21:25:33Z,26JUL07ARGEGY,team_total,team_total|argentina|2.5,2.5,over,polymarket,0.31,under,kalshi,0.68,0.99,1.0101,-0.5964,False,False,dryrun,high,computed
2026-07-06T21:25:33Z,26JUL06USABEL,1h_btts,1h_btts,,no,kalshi,0.77,yes,polymarket,0.22,0.99,1.0101,-0.2991,False,False,dryrun,high,computed
2026-07-06T21:25:33Z,26JUL06USABEL,team_total,team_total|usa|1.5,1.5,over,polymarket,0.47,under,kalshi,0.52,0.99,1.0101,-0.7937,False,False,dryrun,high,computed
2026-07-06T21:25:33Z,26JUL06USABEL,1h_total,1h_total|1.5,1.5,over,polymarket,0.34,under,kalshi,0.66,1.0,0.0,-1.5748,False,False,dryrun,high,computed
2026-07-06T21:25:53Z,26JUL07SUICOL,team_total,team_total|switzerland|0.5,0.5,over,polymarket,0.64,under,kalshi,0.35,0.99,1.0101,-0.5964,False,False,dryrun,high,computed
2026-07-06T21:25:53Z,26JUL07ARGEGY,team_total,team_total|argentina|2.5,2.5,over,polymarket,0.31,under,kalshi,0.68,0.99,1.0101,-0.5964,False,False,dryrun,high,computed
2026-07-06T21:25:53Z,26JUL06USABEL,1h_btts,1h_btts,,no,kalshi,0.77,yes,polymarket,0.22,0.99,1.0101,-0.2991,False,False,dryrun,high,computed
2026-07-06T21:25:53Z,26JUL06USABEL,team_total,team_total|usa|1.5,1.5,over,polymarket,0.47,under,kalshi,0.52,0.99,1.0101,-0.7937,False,False,dryrun,high,computed
2026-07-06T21:25:53Z,26JUL06USABEL,1h_total,1h_total|1.5,1.5,over,polymarket,0.34,under,kalshi,0.66,1.0,0.0,-1.5748,False,False,dryrun,high,computed
2026-07-06T21:26:13Z,26JUL07SUICOL,team_total,team_total|switzerland|0.5,0.5,over,polymarket,0.64,under,kalshi,0.35,0.99,1.0101,-0.5964,False,False,dryrun,high,computed
2026-07-06T21:26:13Z,26JUL07ARGEGY,team_total,team_total|argentina|2.5,2.5,over,polymarket,0.31,under,kalshi,0.68,0.99,1.0101,-0.5964,False,False,dryrun,high,computed
2026-07-06T21:26:13Z,26JUL06USABEL,1h_btts,1h_btts,,no,kalshi,0.77,yes,polymarket,0.22,0.99,1.0101,-0.2991,False,False,dryrun,high,computed
2026-07-06T21:26:13Z,26JUL06USABEL,team_total,team_total|usa|1.5,1.5,over,polymarket,0.47,under,kalshi,0.52,0.99,1.0101,-0.7937,False,False,dryrun,high,computed
2026-07-06T21:26:13Z,26JUL06USABEL,1h_total,1h_total|1.5,1.5,over,polymarket,0.34,under,kalshi,0.66,1.0,0.0,-1.5748,False,False,dryrun,high,computed
2026-07-06T21:26:33Z,26JUL07SUICOL,team_total,team_total|switzerland|0.5,0.5,over,polymarket,0.64,under,kalshi,0.35,0.99,1.0101,-0.5964,False,False,dryrun,high,computed
2026-07-06T21:26:33Z,26JUL07ARGEGY,team_total,team_total|argentina|2.5,2.5,over,polymarket,0.31,under,kalshi,0.68,0.99,1.0101,-0.5964,False,False,dryrun,high,computed
2026-07-06T21:26:33Z,26JUL06USABEL,1h_btts,1h_btts,,no,kalshi,0.77,yes,polymarket,0.22,0.99,1.0101,-0.2991,False,False,dryrun,high,computed
2026-07-06T21:26:33Z,26JUL06USABEL,team_total,team_total|usa|1.5,1.5,over,polymarket,0.47,under,kalshi,0.52,0.99,1.0101,-0.7937,False,False,dryrun,high,computed
2026-07-06T21:26:33Z,26JUL06USABEL,1h_total,1h_total|1.5,1.5,over,polymarket,0.34,under,kalshi,0.66,1.0,0.0,-1.5748,False,False,dryrun,high,computed
2026-07-06T21:26:53Z,26JUL07SUICOL,team_total,team_total|switzerland|0.5,0.5,over,polymarket,0.64,under,kalshi,0.35,0.99,1.0101,-0.5964,False,False,dryrun,high,computed
2026-07-06T21:26:53Z,26JUL07ARGEGY,team_total,team_total|argentina|2.5,2.5,over,polymarket,0.31,under,kalshi,0.68,0.99,1.0101,-0.5964,False,False,dryrun,high,computed
2026-07-06T21:26:53Z,26JUL06USABEL,1h_btts,1h_btts,,no,kalshi,0.77,yes,polymarket,0.22,0.99,1.0101,-0.2991,False,False,dryrun,high,computed
2026-07-06T21:26:53Z,26JUL06USABEL,team_total,team_total|usa|1.5,1.5,over,polymarket,0.47,under,kalshi,0.52,0.99,1.0101,-0.7937,False,False,dryrun,high,computed
2026-07-06T21:26:53Z,26JUL06USABEL,1h_total,1h_total|1.5,1.5,over,polymarket,0.34,under,kalshi,0.66,1.0,0.0,-1.5748,False,False,dryrun,high,computed
2026-07-06T21:27:13Z,26JUL07SUICOL,team_total,team_total|switzerland|0.5,0.5,over,polymarket,0.64,under,kalshi,0.35,0.99,1.0101,-0.5964,False,False,dryrun,high,computed
2026-07-06T21:27:13Z,26JUL07ARGEGY,team_total,team_total|argentina|2.5,2.5,over,polymarket,0.31,under,kalshi,0.68,0.99,1.0101,-0.5964,False,False,dryrun,high,computed
2026-07-06T21:27:13Z,26JUL06USABEL,1h_btts,1h_btts,,no,kalshi,0.77,yes,polymarket,0.22,0.99,1.0101,-0.2991,False,False,dryrun,high,computed
2026-07-06T21:27:13Z,26JUL06USABEL,team_total,team_total|usa|1.5,1.5,over,polymarket,0.47,under,kalshi,0.52,0.99,1.0101,-0.7937,False,False,dryrun,high,computed
2026-07-06T21:27:13Z,26JUL06USABEL,1h_total,1h_total|1.5,1.5,over,polymarket,0.34,under,kalshi,0.66,1.0,0.0,-1.5748,False,False,dryrun,high,computed
2026-07-06T21:27:33Z,26JUL07SUICOL,team_total,team_total|switzerland|0.5,0.5,over,polymarket,0.64,under,kalshi,0.35,0.99,1.0101,-0.5964,False,False,dryrun,high,computed
2026-07-06T21:27:33Z,26JUL07ARGEGY,team_total,team_total|argentina|2.5,2.5,over,polymarket,0.31,under,kalshi,0.68,0.99,1.0101,-0.5964,False,False,dryrun,high,computed
2026-07-06T21:27:33Z,26JUL06USABEL,1h_btts,1h_btts,,no,kalshi,0.77,yes,polymarket,0.22,0.99,1.0101,-0.2991,False,False,dryrun,high,computed
2026-07-06T21:27:33Z,26JUL06USABEL,team_total,team_total|usa|1.5,1.5,over,polymarket,0.47,under,kalshi,0.52,0.99,1.0101,-0.7937,False,False,dryrun,high,computed
2026-07-06T21:27:33Z,26JUL06USABEL,1h_total,1h_total|1.5,1.5,over,polymarket,0.34,under,kalshi,0.66,1.0,0.0,-1.5748,False,False,dryrun,high,computed
2026-07-06T21:27:53Z,26JUL07SUICOL,team_total,team_total|switzerland|0.5,0.5,over,polymarket,0.64,under,kalshi,0.35,0.99,1.0101,-0.5964,False,False,dryrun,high,computed
2026-07-06T21:27:53Z,26JUL07ARGEGY,team_total,team_total|argentina|2.5,2.5,over,polymarket,0.31,under,kalshi,0.68,0.99,1.0101,-0.5964,False,False,dryrun,high,computed
2026-07-06T21:27:53Z,26JUL06USABEL,1h_btts,1h_btts,,no,kalshi,0.77,yes,polymarket,0.22,0.99,1.0101,-0.2991,False,False,dryrun,high,computed
2026-07-06T21:27:53Z,26JUL06USABEL,team_total,team_total|usa|1.5,1.5,over,polymarket,0.47,under,kalshi,0.52,0.99,1.0101,-0.7937,False,False,dryrun,high,computed
2026-07-06T21:27:53Z,26JUL06USABEL,1h_total,1h_total|1.5,1.5,over,polymarket,0.34,under,kalshi,0.66,1.0,0.0,-1.5748,False,False,dryrun,high,computed
2026-07-06T21:28:13Z,26JUL07SUICOL,team_total,team_total|switzerland|0.5,0.5,over,polymarket,0.64,under,kalshi,0.35,0.99,1.0101,-0.5964,False,False,dryrun,high,computed
2026-07-06T21:28:13Z,26JUL07ARGEGY,team_total,team_total|argentina|2.5,2.5,over,polymarket,0.31,under,kalshi,0.68,0.99,1.0101,-0.5964,False,False,dryrun,high,computed
2026-07-06T21:28:13Z,26JUL06USABEL,1h_btts,1h_btts,,no,kalshi,0.77,yes,polymarket,0.22,0.99,1.0101,-0.2991,False,False,dryrun,high,computed
2026-07-06T21:28:13Z,26JUL06USABEL,team_total,team_total|usa|1.5,1.5,over,polymarket,0.47,under,kalshi,0.52,0.99,1.0101,-0.7937,False,False,dryrun,high,computed
2026-07-06T21:28:13Z,26JUL06USABEL,1h_total,1h_total|1.5,1.5,over,polymarket,0.34,under,kalshi,0.66,1.0,0.0,-1.5748,False,False,dryrun,high,computed
2026-07-06T21:28:33Z,26JUL07SUICOL,team_total,team_total|switzerland|0.5,0.5,over,polymarket,0.64,under,kalshi,0.35,0.99,1.0101,-0.5964,False,False,dryrun,high,computed
2026-07-06T21:28:33Z,26JUL07ARGEGY,team_total,team_total|argentina|2.5,2.5,over,polymarket,0.31,under,kalshi,0.68,0.99,1.0101,-0.5964,False,False,dryrun,high,computed
2026-07-06T21:28:33Z,26JUL06USABEL,1h_btts,1h_btts,,no,kalshi,0.77,yes,polymarket,0.22,0.99,1.0101,-0.2991,False,False,dryrun,high,computed
2026-07-06T21:28:33Z,26JUL06USABEL,team_total,team_total|usa|1.5,1.5,over,polymarket,0.47,under,kalshi,0.52,0.99,1.0101,-0.7937,False,False,dryrun,high,computed
2026-07-06T21:28:33Z,26JUL06USABEL,1h_total,1h_total|1.5,1.5,over,polymarket,0.34,under,kalshi,0.66,1.0,0.0,-1.5748,False,False,dryrun,high,computed
2026-07-06T21:28:53Z,26JUL07SUICOL,team_total,team_total|switzerland|0.5,0.5,over,polymarket,0.64,under,kalshi,0.35,0.99,1.0101,-0.5964,False,False,dryrun,high,computed
2026-07-06T21:28:53Z,26JUL07ARGEGY,team_total,team_total|argentina|2.5,2.5,over,polymarket,0.31,under,kalshi,0.68,0.99,1.0101,-0.5964,False,False,dryrun,high,computed
2026-07-06T21:28:53Z,26JUL06USABEL,1h_btts,1h_btts,,no,kalshi,0.77,yes,polymarket,0.22,0.99,1.0101,-0.2991,False,False,dryrun,high,computed
2026-07-06T21:28:53Z,26JUL06USABEL,team_total,team_total|usa|1.5,1.5,over,polymarket,0.47,under,kalshi,0.52,0.99,1.0101,-0.7937,False,False,dryrun,high,computed
2026-07-06T21:28:53Z,26JUL06USABEL,1h_total,1h_total|1.5,1.5,over,polymarket,0.34,under,kalshi,0.66,1.0,0.0,-1.5748,False,False,dryrun,high,computed
2026-07-06T21:29:13Z,26JUL07SUICOL,team_total,team_total|switzerland|0.5,0.5,over,polymarket,0.64,under,kalshi,0.35,0.99,1.0101,-0.5964,False,False,dryrun,high,computed
2026-07-06T21:29:13Z,26JUL07ARGEGY,team_total,team_total|argentina|2.5,2.5,over,polymarket,0.31,under,kalshi,0.68,0.99,1.0101,-0.5964,False,False,dryrun,high,computed
2026-07-06T21:29:13Z,26JUL06USABEL,1h_btts,1h_btts,,no,kalshi,0.77,yes,polymarket,0.22,0.99,1.0101,-0.2991,False,False,dryrun,high,computed
2026-07-06T21:29:13Z,26JUL06USABEL,team_total,team_total|usa|1.5,1.5,over,polymarket,0.47,under,kalshi,0.52,0.99,1.0101,-0.7937,False,False,dryrun,high,computed
2026-07-06T21:29:13Z,26JUL06USABEL,1h_total,1h_total|1.5,1.5,over,polymarket,0.34,under,kalshi,0.66,1.0,0.0,-1.5748,False,False,dryrun,high,computed
2026-07-06T21:29:33Z,26JUL07SUICOL,team_total,team_total|switzerland|0.5,0.5,over,polymarket,0.64,under,kalshi,0.35,0.99,1.0101,-0.5964,False,False,dryrun,high,computed
2026-07-06T21:29:33Z,26JUL07ARGEGY,team_total,team_total|argentina|2.5,2.5,over,polymarket,0.31,under,kalshi,0.68,0.99,1.0101,-0.5964,False,False,dryrun,high,computed
2026-07-06T21:29:33Z,26JUL06USABEL,1h_btts,1h_btts,,no,kalshi,0.77,yes,polymarket,0.22,0.99,1.0101,-0.2991,False,False,dryrun,high,computed
2026-07-06T21:29:33Z,26JUL06USABEL,team_total,team_total|usa|1.5,1.5,over,polymarket,0.47,under,kalshi,0.52,0.99,1.0101,-0.7937,False,False,dryrun,high,computed
2026-07-06T21:29:33Z,26JUL06USABEL,1h_total,1h_total|1.5,1.5,over,polymarket,0.34,under,kalshi,0.66,1.0,0.0,-1.5748,False,False,dryrun,high,computed
2026-07-06T21:29:53Z,26JUL07SUICOL,team_total,team_total|switzerland|0.5,0.5,over,polymarket,0.64,under,kalshi,0.35,0.99,1.0101,-0.5964,False,False,dryrun,high,computed
2026-07-06T21:29:53Z,26JUL07ARGEGY,team_total,team_total|argentina|2.5,2.5,over,polymarket,0.31,under,kalshi,0.68,0.99,1.0101,-0.5964,False,False,dryrun,high,computed
2026-07-06T21:29:53Z,26JUL06USABEL,1h_btts,1h_btts,,no,kalshi,0.77,yes,polymarket,0.22,0.99,1.0101,-0.2991,False,False,dryrun,high,computed
2026-07-06T21:29:53Z,26JUL06USABEL,team_total,team_total|usa|1.5,1.5,over,polymarket,0.47,under,kalshi,0.52,0.99,1.0101,-0.7937,False,False,dryrun,high,computed
2026-07-06T21:29:53Z,26JUL06USABEL,1h_total,1h_total|1.5,1.5,over,polymarket,0.34,under,kalshi,0.66,1.0,0.0,-1.5748,False,False,dryrun,high,computed
2026-07-06T21:30:13Z,26JUL07SUICOL,team_total,team_total|switzerland|0.5,0.5,over,polymarket,0.64,under,kalshi,0.35,0.99,1.0101,-0.5964,False,False,dryrun,high,computed
2026-07-06T21:30:13Z,26JUL07ARGEGY,team_total,team_total|argentina|2.5,2.5,over,polymarket,0.31,under,kalshi,0.68,0.99,1.0101,-0.5964,False,False,dryrun,high,computed
2026-07-06T21:30:13Z,26JUL06USABEL,1h_btts,1h_btts,,no,kalshi,0.77,yes,polymarket,0.22,0.99,1.0101,-0.2991,False,False,dryrun,high,computed
2026-07-06T21:30:13Z,26JUL06USABEL,team_total,team_total|usa|1.5,1.5,over,polymarket,0.47,under,kalshi,0.52,0.99,1.0101,-0.7937,False,False,dryrun,high,computed
2026-07-06T21:30:13Z,26JUL06USABEL,1h_total,1h_total|1.5,1.5,over,polymarket,0.34,under,kalshi,0.66,1.0,0.0,-1.5748,False,False,dryrun,high,computed
2026-07-06T21:30:33Z,26JUL07SUICOL,team_total,team_total|switzerland|0.5,0.5,over,polymarket,0.64,under,kalshi,0.35,0.99,1.0101,-0.5964,False,False,dryrun,high,computed
2026-07-06T21:30:33Z,26JUL07ARGEGY,team_total,team_total|argentina|2.5,2.5,over,polymarket,0.31,under,kalshi,0.68,0.99,1.0101,-0.5964,False,False,dryrun,high,computed
2026-07-06T21:30:33Z,26JUL06USABEL,1h_btts,1h_btts,,no,kalshi,0.77,yes,polymarket,0.22,0.99,1.0101,-0.2991,False,False,dryrun,high,computed
2026-07-06T21:30:33Z,26JUL06USABEL,team_total,team_total|usa|1.5,1.5,over,polymarket,0.47,under,kalshi,0.52,0.99,1.0101,-0.7937,False,False,dryrun,high,computed
2026-07-06T21:30:33Z,26JUL06USABEL,1h_total,1h_total|1.5,1.5,over,polymarket,0.34,under,kalshi,0.66,1.0,0.0,-1.5748,False,False,dryrun,high,computed
2026-07-06T21:30:53Z,26JUL07SUICOL,team_total,team_total|switzerland|0.5,0.5,over,polymarket,0.64,under,kalshi,0.35,0.99,1.0101,-0.5964,False,False,dryrun,high,computed
2026-07-06T21:30:53Z,26JUL07ARGEGY,team_total,team_total|argentina|2.5,2.5,over,polymarket,0.31,under,kalshi,0.68,0.99,1.0101,-1.5748,False,False,dryrun,high,computed
2026-07-06T21:30:53Z,26JUL06USABEL,1h_btts,1h_btts,,no,kalshi,0.77,yes,polymarket,0.22,0.99,1.0101,-0.2991,False,False,dryrun,high,computed
2026-07-06T21:30:53Z,26JUL06USABEL,team_total,team_total|usa|1.5,1.5,over,polymarket,0.47,under,kalshi,0.52,0.99,1.0101,-0.7937,False,False,dryrun,high,computed
2026-07-06T21:30:53Z,26JUL06USABEL,1h_total,1h_total|1.5,1.5,over,polymarket,0.34,under,kalshi,0.66,1.0,0.0,-1.5748,False,False,dryrun,high,computed
2026-07-06T21:31:13Z,26JUL07SUICOL,team_total,team_total|switzerland|0.5,0.5,over,polymarket,0.64,under,kalshi,0.35,0.99,1.0101,-0.5964,False,False,dryrun,high,computed
2026-07-06T21:31:13Z,26JUL06USABEL,1h_btts,1h_btts,,no,kalshi,0.77,yes,polymarket,0.22,0.99,1.0101,-0.2991,False,False,dryrun,high,computed
2026-07-06T21:31:13Z,26JUL06USABEL,team_total,team_total|usa|1.5,1.5,over,polymarket,0.47,under,kalshi,0.52,0.99,1.0101,-0.7937,False,False,dryrun,high,computed
2026-07-06T21:31:13Z,26JUL06USABEL,1h_total,1h_total|1.5,1.5,over,polymarket,0.34,under,kalshi,0.66,1.0,0.0,-1.5748,False,False,dryrun,high,computed
2026-07-06T21:31:33Z,26JUL07SUICOL,team_total,team_total|switzerland|0.5,0.5,over,polymarket,0.64,under,kalshi,0.35,0.99,1.0101,-0.5964,False,False,dryrun,high,computed
2026-07-06T21:31:33Z,26JUL06USABEL,1h_btts,1h_btts,,no,kalshi,0.77,yes,polymarket,0.22,0.99,1.0101,-0.2991,False,False,dryrun,high,computed
2026-07-06T21:31:33Z,26JUL06USABEL,team_total,team_total|usa|1.5,1.5,over,polymarket,0.47,under,kalshi,0.52,0.99,1.0101,-0.7937,False,False,dryrun,high,computed
2026-07-06T21:31:33Z,26JUL06USABEL,1h_total,1h_total|1.5,1.5,over,polymarket,0.34,under,kalshi,0.66,1.0,0.0,-1.5748,False,False,dryrun,high,computed
2026-07-06T21:31:53Z,26JUL07SUICOL,team_total,team_total|switzerland|0.5,0.5,over,polymarket,0.64,under,kalshi,0.35,0.99,1.0101,-0.5964,False,False,dryrun,high,computed
2026-07-06T21:31:53Z,26JUL06USABEL,1h_btts,1h_btts,,no,kalshi,0.77,yes,polymarket,0.22,0.99,1.0101,-0.2991,False,False,dryrun,high,computed
2026-07-06T21:31:53Z,26JUL06USABEL,team_total,team_total|usa|1.5,1.5,over,polymarket,0.47,under,kalshi,0.52,0.99,1.0101,-0.7937,False,False,dryrun,high,computed
2026-07-06T21:31:53Z,26JUL06USABEL,1h_total,1h_total|1.5,1.5,over,polymarket,0.34,under,kalshi,0.66,1.0,0.0,-1.5748,False,False,dryrun,high,computed
2026-07-06T21:32:13Z,26JUL07SUICOL,team_total,team_total|switzerland|0.5,0.5,over,polymarket,0.64,under,kalshi,0.35,0.99,1.0101,-0.5964,False,False,dryrun,high,computed
2026-07-06T21:32:13Z,26JUL06USABEL,1h_btts,1h_btts,,no,kalshi,0.77,yes,polymarket,0.22,0.99,1.0101,-0.2991,False,False,dryrun,high,computed
2026-07-06T21:32:13Z,26JUL06USABEL,team_total,team_total|usa|1.5,1.5,over,polymarket,0.47,under,kalshi,0.52,0.99,1.0101,-0.7937,False,False,dryrun,high,computed
2026-07-06T21:32:13Z,26JUL06USABEL,1h_total,1h_total|1.5,1.5,over,polymarket,0.34,under,kalshi,0.66,1.0,0.0,-1.5748,False,False,dryrun,high,computed
2026-07-06T21:32:33Z,26JUL07SUICOL,team_total,team_total|switzerland|0.5,0.5,over,polymarket,0.64,under,kalshi,0.35,0.99,1.0101,-0.5964,False,False,dryrun,high,computed
2026-07-06T21:32:33Z,26JUL06USABEL,1h_btts,1h_btts,,no,kalshi,0.77,yes,polymarket,0.22,0.99,1.0101,-0.2991,False,False,dryrun,high,computed
2026-07-06T21:32:33Z,26JUL06USABEL,team_total,team_total|usa|1.5,1.5,over,polymarket,0.47,under,kalshi,0.52,0.99,1.0101,-0.7937,False,False,dryrun,high,computed
2026-07-06T21:32:33Z,26JUL06USABEL,1h_total,1h_total|1.5,1.5,over,polymarket,0.34,under,kalshi,0.66,1.0,0.0,-1.5748,False,False,dryrun,high,computed
2026-07-06T21:32:53Z,26JUL07SUICOL,team_total,team_total|switzerland|0.5,0.5,over,polymarket,0.64,under,kalshi,0.35,0.99,1.0101,-0.5964,False,False,dryrun,high,computed
2026-07-06T21:32:53Z,26JUL06USABEL,1h_btts,1h_btts,,no,kalshi,0.77,yes,polymarket,0.22,0.99,1.0101,-0.2991,False,False,dryrun,high,computed
2026-07-06T21:32:53Z,26JUL06USABEL,team_total,team_total|usa|1.5,1.5,over,polymarket,0.47,under,kalshi,0.52,0.99,1.0101,-0.7937,False,False,dryrun,high,computed
2026-07-06T21:32:53Z,26JUL06USABEL,1h_total,1h_total|1.5,1.5,over,polymarket,0.34,under,kalshi,0.66,1.0,0.0,-1.5748,False,False,dryrun,high,computed
2026-07-06T21:33:13Z,26JUL07SUICOL,team_total,team_total|switzerland|0.5,0.5,over,polymarket,0.64,under,kalshi,0.35,0.99,1.0101,-0.5964,False,False,dryrun,high,computed
2026-07-06T21:33:13Z,26JUL06USABEL,1h_btts,1h_btts,,no,kalshi,0.77,yes,polymarket,0.22,0.99,1.0101,-0.2991,False,False,dryrun,high,computed
2026-07-06T21:33:13Z,26JUL06USABEL,team_total,team_total|usa|1.5,1.5,over,polymarket,0.47,under,kalshi,0.52,0.99,1.0101,-0.7937,False,False,dryrun,high,computed
2026-07-06T21:33:13Z,26JUL06USABEL,1h_total,1h_total|1.5,1.5,over,polymarket,0.34,under,kalshi,0.66,1.0,0.0,-1.5748,False,False,dryrun,high,computed
2026-07-06T21:33:33Z,26JUL07SUICOL,team_total,team_total|switzerland|0.5,0.5,over,polymarket,0.64,under,kalshi,0.35,0.99,1.0101,-0.5964,False,False,dryrun,high,computed
2026-07-06T21:33:33Z,26JUL06USABEL,1h_btts,1h_btts,,no,kalshi,0.77,yes,polymarket,0.22,0.99,1.0101,-0.2991,False,False,dryrun,high,computed
2026-07-06T21:33:33Z,26JUL06USABEL,team_total,team_total|usa|1.5,1.5,over,polymarket,0.47,under,kalshi,0.52,0.99,1.0101,-0.7937,False,False,dryrun,high,computed
2026-07-06T21:33:33Z,26JUL06USABEL,1h_total,1h_total|1.5,1.5,over,polymarket,0.34,under,kalshi,0.66,1.0,0.0,-1.5748,False,False,dryrun,high,computed
2026-07-06T21:33:53Z,26JUL07SUICOL,team_total,team_total|switzerland|0.5,0.5,over,polymarket,0.64,under,kalshi,0.35,0.99,1.0101,-0.5964,False,False,dryrun,high,computed
2026-07-06T21:33:53Z,26JUL06USABEL,1h_btts,1h_btts,,no,kalshi,0.77,yes,polymarket,0.22,0.99,1.0101,-0.2991,False,False,dryrun,high,computed
2026-07-06T21:33:53Z,26JUL06USABEL,team_total,team_total|usa|1.5,1.5,over,polymarket,0.47,under,kalshi,0.52,0.99,1.0101,-0.7937,False,False,dryrun,high,computed
2026-07-06T21:33:53Z,26JUL06USABEL,team_total,team_total|usa|0.5,0.5,over,polymarket,0.8082,under,kalshi,0.19,0.9982,0.1826,-0.0999,False,False,dryrun,high,computed
2026-07-06T21:33:53Z,26JUL06USABEL,1h_total,1h_total|1.5,1.5,over,polymarket,0.34,under,kalshi,0.66,1.0,0.0,-1.5748,False,False,dryrun,high,computed
2026-07-06T21:34:13Z,26JUL07SUICOL,team_total,team_total|switzerland|0.5,0.5,over,polymarket,0.64,under,kalshi,0.35,0.99,1.0101,-0.5964,False,False,dryrun,high,computed
2026-07-06T21:34:13Z,26JUL06USABEL,1h_btts,1h_btts,,no,kalshi,0.77,yes,polymarket,0.22,0.99,1.0101,-0.2991,False,False,dryrun,high,computed
2026-07-06T21:34:13Z,26JUL06USABEL,team_total,team_total|usa|0.5,0.5,over,polymarket,0.8,under,kalshi,0.19,0.99,1.0101,-0.0999,False,False,dryrun,high,computed
2026-07-06T21:34:13Z,26JUL06USABEL,team_total,team_total|usa|1.5,1.5,over,polymarket,0.47,under,kalshi,0.52,0.99,1.0101,-0.7937,False,False,dryrun,high,computed
2026-07-06T21:34:13Z,26JUL06USABEL,1h_total,1h_total|1.5,1.5,over,polymarket,0.34,under,kalshi,0.66,1.0,0.0,-1.5748,False,False,dryrun,high,computed
2026-07-06T21:34:33Z,26JUL07SUICOL,team_total,team_total|switzerland|0.5,0.5,over,polymarket,0.64,under,kalshi,0.35,0.99,1.0101,-0.5964,False,False,dryrun,high,computed
2026-07-06T21:34:33Z,26JUL06USABEL,1h_btts,1h_btts,,no,kalshi,0.77,yes,polymarket,0.22,0.99,1.0101,-0.2991,False,False,dryrun,high,computed
2026-07-06T21:34:33Z,26JUL06USABEL,team_total,team_total|usa|0.5,0.5,over,polymarket,0.8,under,kalshi,0.19,0.99,1.0101,-0.0999,False,False,dryrun,high,computed
2026-07-06T21:34:33Z,26JUL06USABEL,team_total,team_total|usa|1.5,1.5,over,polymarket,0.47,under,kalshi,0.52,0.99,1.0101,-0.7937,False,False,dryrun,high,computed
2026-07-06T21:34:33Z,26JUL06USABEL,1h_total,1h_total|1.5,1.5,over,polymarket,0.34,under,kalshi,0.66,1.0,0.0,-1.5748,False,False,dryrun,high,computed
2026-07-06T21:34:53Z,26JUL07SUICOL,team_total,team_total|switzerland|0.5,0.5,over,polymarket,0.64,under,kalshi,0.35,0.99,1.0101,-0.5964,False,False,dryrun,high,computed
2026-07-06T21:34:53Z,26JUL06USABEL,1h_btts,1h_btts,,no,kalshi,0.77,yes,polymarket,0.22,0.99,1.0101,-0.2991,False,False,dryrun,high,computed
2026-07-06T21:34:53Z,26JUL06USABEL,team_total,team_total|usa|0.5,0.5,over,polymarket,0.8,under,kalshi,0.19,0.99,1.0101,-0.0999,False,False,dryrun,high,computed
2026-07-06T21:34:53Z,26JUL06USABEL,team_total,team_total|usa|1.5,1.5,over,polymarket,0.47,under,kalshi,0.52,0.99,1.0101,-0.7937,False,False,dryrun,high,computed
2026-07-06T21:34:53Z,26JUL06USABEL,1h_total,1h_total|1.5,1.5,over,polymarket,0.34,under,kalshi,0.66,1.0,0.0,-1.5748,False,False,dryrun,high,computed
2026-07-06T21:35:13Z,26JUL07SUICOL,team_total,team_total|switzerland|0.5,0.5,over,polymarket,0.64,under,kalshi,0.35,0.99,1.0101,-0.5964,False,False,dryrun,high,computed
2026-07-06T21:35:13Z,26JUL06USABEL,1h_btts,1h_btts,,no,kalshi,0.77,yes,polymarket,0.22,0.99,1.0101,-0.2991,False,False,dryrun,high,computed
2026-07-06T21:35:13Z,26JUL06USABEL,team_total,team_total|usa|0.5,0.5,over,polymarket,0.8,under,kalshi,0.19,0.99,1.0101,-0.0999,False,False,dryrun,high,computed
2026-07-06T21:35:13Z,26JUL06USABEL,team_total,team_total|usa|1.5,1.5,over,polymarket,0.47,under,kalshi,0.52,0.99,1.0101,-0.7937,False,False,dryrun,high,computed
2026-07-06T21:35:13Z,26JUL06USABEL,1h_total,1h_total|1.5,1.5,over,polymarket,0.34,under,kalshi,0.66,1.0,0.0,-1.5748,False,False,dryrun,high,computed
2026-07-06T21:35:33Z,26JUL07SUICOL,team_total,team_total|switzerland|0.5,0.5,over,polymarket,0.64,under,kalshi,0.35,0.99,1.0101,-0.5964,False,False,dryrun,high,computed
2026-07-06T21:35:33Z,26JUL06USABEL,1h_btts,1h_btts,,no,kalshi,0.77,yes,polymarket,0.22,0.99,1.0101,-0.2991,False,False,dryrun,high,computed
2026-07-06T21:35:33Z,26JUL06USABEL,team_total,team_total|usa|0.5,0.5,over,polymarket,0.8,under,kalshi,0.19,0.99,1.0101,-0.0999,False,False,dryrun,high,computed
2026-07-06T21:35:33Z,26JUL06USABEL,team_total,team_total|usa|1.5,1.5,over,polymarket,0.47,under,kalshi,0.52,0.99,1.0101,-0.7937,False,False,dryrun,high,computed
2026-07-06T21:35:33Z,26JUL06USABEL,1h_total,1h_total|1.5,1.5,over,polymarket,0.34,under,kalshi,0.66,1.0,0.0,-1.5748,False,False,dryrun,high,computed
2026-07-06T21:35:53Z,26JUL07SUICOL,team_total,team_total|switzerland|0.5,0.5,over,polymarket,0.64,under,kalshi,0.35,0.99,1.0101,-0.5964,False,False,dryrun,high,computed
2026-07-06T21:35:53Z,26JUL06USABEL,1h_btts,1h_btts,,no,kalshi,0.77,yes,polymarket,0.22,0.99,1.0101,-0.2991,False,False,dryrun,high,computed
2026-07-06T21:35:53Z,26JUL06USABEL,team_total,team_total|usa|0.5,0.5,over,polymarket,0.8,under,kalshi,0.19,0.99,1.0101,-0.0999,False,False,dryrun,high,computed
2026-07-06T21:35:53Z,26JUL06USABEL,team_total,team_total|usa|1.5,1.5,over,polymarket,0.47,under,kalshi,0.52,0.99,1.0101,-0.7937,False,False,dryrun,high,computed
2026-07-06T21:35:53Z,26JUL06USABEL,1h_total,1h_total|1.5,1.5,over,polymarket,0.34,under,kalshi,0.66,1.0,0.0,-1.5748,False,False,dryrun,high,computed
2026-07-06T21:36:13Z,26JUL07SUICOL,team_total,team_total|switzerland|0.5,0.5,over,polymarket,0.64,under,kalshi,0.35,0.99,1.0101,-0.5964,False,False,dryrun,high,computed
2026-07-06T21:36:13Z,26JUL06USABEL,1h_btts,1h_btts,,no,kalshi,0.77,yes,polymarket,0.22,0.99,1.0101,-0.2991,False,False,dryrun,high,computed
2026-07-06T21:36:13Z,26JUL06USABEL,team_total,team_total|usa|0.5,0.5,over,polymarket,0.8,under,kalshi,0.19,0.99,1.0101,-0.0999,False,False,dryrun,high,computed
2026-07-06T21:36:13Z,26JUL06USABEL,team_total,team_total|usa|1.5,1.5,over,polymarket,0.47,under,kalshi,0.52,0.99,1.0101,-0.7937,False,False,dryrun,high,computed
2026-07-06T21:36:13Z,26JUL06USABEL,1h_total,1h_total|1.5,1.5,over,polymarket,0.34,under,kalshi,0.66,1.0,0.0,-1.5748,False,False,dryrun,high,computed
2026-07-06T21:36:33Z,26JUL07SUICOL,team_total,team_total|switzerland|0.5,0.5,over,polymarket,0.64,under,kalshi,0.35,0.99,1.0101,-0.5964,False,False,dryrun,high,computed
2026-07-06T21:36:33Z,26JUL06USABEL,1h_btts,1h_btts,,no,kalshi,0.77,yes,polymarket,0.22,0.99,1.0101,-0.2991,False,False,dryrun,high,computed
2026-07-06T21:36:33Z,26JUL06USABEL,team_total,team_total|usa|0.5,0.5,over,polymarket,0.8,under,kalshi,0.19,0.99,1.0101,-0.0999,False,False,dryrun,high,computed
2026-07-06T21:36:33Z,26JUL06USABEL,team_total,team_total|usa|1.5,1.5,over,polymarket,0.47,under,kalshi,0.52,0.99,1.0101,-0.7937,False,False,dryrun,high,computed
2026-07-06T21:36:33Z,26JUL06USABEL,1h_total,1h_total|1.5,1.5,over,polymarket,0.34,under,kalshi,0.66,1.0,0.0,-1.5748,False,False,dryrun,high,computed
2026-07-06T21:36:53Z,26JUL07SUICOL,team_total,team_total|switzerland|0.5,0.5,over,polymarket,0.64,under,kalshi,0.35,0.99,1.0101,-0.5964,False,False,dryrun,high,computed
2026-07-06T21:36:53Z,26JUL06USABEL,1h_btts,1h_btts,,no,kalshi,0.77,yes,polymarket,0.22,0.99,1.0101,-0.2991,False,False,dryrun,high,computed
2026-07-06T21:36:53Z,26JUL06USABEL,team_total,team_total|usa|0.5,0.5,over,polymarket,0.8,under,kalshi,0.19,0.99,1.0101,-0.0999,False,False,dryrun,high,computed
2026-07-06T21:36:53Z,26JUL06USABEL,team_total,team_total|usa|1.5,1.5,over,polymarket,0.47,under,kalshi,0.52,0.99,1.0101,-0.7937,False,False,dryrun,high,computed
2026-07-06T21:36:53Z,26JUL06USABEL,1h_total,1h_total|1.5,1.5,over,polymarket,0.34,under,kalshi,0.66,1.0,0.0,-1.5748,False,False,dryrun,high,computed
2026-07-06T21:37:13Z,26JUL07SUICOL,team_total,team_total|switzerland|0.5,0.5,over,polymarket,0.64,under,kalshi,0.35,0.99,1.0101,-0.5964,False,False,dryrun,high,computed
2026-07-06T21:37:13Z,26JUL06USABEL,1h_btts,1h_btts,,no,kalshi,0.77,yes,polymarket,0.22,0.99,1.0101,-0.2991,False,False,dryrun,high,computed
2026-07-06T21:37:13Z,26JUL06USABEL,team_total,team_total|usa|0.5,0.5,over,polymarket,0.8,under,kalshi,0.19,0.99,1.0101,-0.0999,False,False,dryrun,high,computed
2026-07-06T21:37:13Z,26JUL06USABEL,team_total,team_total|usa|1.5,1.5,over,polymarket,0.47,under,kalshi,0.52,0.99,1.0101,-0.7937,False,False,dryrun,high,computed
2026-07-06T21:37:13Z,26JUL06USABEL,1h_total,1h_total|1.5,1.5,over,polymarket,0.34,under,kalshi,0.66,1.0,0.0,-1.5748,False,False,dryrun,high,computed
2026-07-06T21:37:33Z,26JUL07SUICOL,team_total,team_total|switzerland|0.5,0.5,over,polymarket,0.64,under,kalshi,0.35,0.99,1.0101,-0.5964,False,False,dryrun,high,computed
2026-07-06T21:37:33Z,26JUL06USABEL,1h_btts,1h_btts,,no,kalshi,0.77,yes,polymarket,0.22,0.99,1.0101,-0.2991,False,False,dryrun,high,computed
2026-07-06T21:37:33Z,26JUL06USABEL,team_total,team_total|usa|0.5,0.5,over,polymarket,0.8,under,kalshi,0.19,0.99,1.0101,-0.0999,False,False,dryrun,high,computed
2026-07-06T21:37:33Z,26JUL06USABEL,team_total,team_total|usa|1.5,1.5,over,polymarket,0.47,under,kalshi,0.52,0.99,1.0101,-0.7937,False,False,dryrun,high,computed
2026-07-06T21:37:33Z,26JUL06USABEL,1h_total,1h_total|1.5,1.5,over,polymarket,0.34,under,kalshi,0.66,1.0,0.0,-1.5748,False,False,dryrun,high,computed
2026-07-06T21:37:53Z,26JUL07SUICOL,team_total,team_total|switzerland|0.5,0.5,over,polymarket,0.64,under,kalshi,0.35,0.99,1.0101,-0.5964,False,False,dryrun,high,computed
2026-07-06T21:37:53Z,26JUL06USABEL,1h_btts,1h_btts,,no,kalshi,0.77,yes,polymarket,0.22,0.99,1.0101,-0.2991,False,False,dryrun,high,computed
2026-07-06T21:37:53Z,26JUL06USABEL,team_total,team_total|usa|0.5,0.5,over,polymarket,0.8,under,kalshi,0.19,0.99,1.0101,-0.0999,False,False,dryrun,high,computed
2026-07-06T21:37:53Z,26JUL06USABEL,team_total,team_total|usa|1.5,1.5,over,polymarket,0.47,under,kalshi,0.52,0.99,1.0101,-0.7937,False,False,dryrun,high,computed
2026-07-06T21:37:53Z,26JUL06USABEL,1h_total,1h_total|1.5,1.5,over,polymarket,0.34,under,kalshi,0.66,1.0,0.0,-1.5748,False,False,dryrun,high,computed
2026-07-06T21:38:13Z,26JUL07SUICOL,team_total,team_total|switzerland|0.5,0.5,over,polymarket,0.64,under,kalshi,0.35,0.99,1.0101,-0.5964,False,False,dryrun,high,computed
2026-07-06T21:38:13Z,26JUL06USABEL,1h_btts,1h_btts,,no,kalshi,0.77,yes,polymarket,0.22,0.99,1.0101,-0.2991,False,False,dryrun,high,computed
2026-07-06T21:38:13Z,26JUL06USABEL,team_total,team_total|usa|0.5,0.5,over,polymarket,0.8,under,kalshi,0.19,0.99,1.0101,-0.0999,False,False,dryrun,high,computed
2026-07-06T21:38:13Z,26JUL06USABEL,team_total,team_total|usa|1.5,1.5,over,polymarket,0.47,under,kalshi,0.52,0.99,1.0101,-0.7937,False,False,dryrun,high,computed
2026-07-06T21:38:13Z,26JUL06USABEL,1h_total,1h_total|1.5,1.5,over,polymarket,0.34,under,kalshi,0.66,1.0,0.0,-1.5748,False,False,dryrun,high,computed
2026-07-06T21:38:33Z,26JUL07SUICOL,team_total,team_total|switzerland|0.5,0.5,over,polymarket,0.64,under,kalshi,0.35,0.99,1.0101,-0.5964,False,False,dryrun,high,computed
2026-07-06T21:38:33Z,26JUL06USABEL,1h_btts,1h_btts,,no,kalshi,0.77,yes,polymarket,0.22,0.99,1.0101,-0.2991,False,False,dryrun,high,computed
2026-07-06T21:38:33Z,26JUL06USABEL,team_total,team_total|usa|0.5,0.5,over,polymarket,0.8,under,kalshi,0.19,0.99,1.0101,-0.0999,False,False,dryrun,high,computed
2026-07-06T21:38:33Z,26JUL06USABEL,team_total,team_total|usa|1.5,1.5,over,polymarket,0.47,under,kalshi,0.52,0.99,1.0101,-0.7937,False,False,dryrun,high,computed
2026-07-06T21:38:33Z,26JUL06USABEL,1h_total,1h_total|1.5,1.5,over,polymarket,0.34,under,kalshi,0.66,1.0,0.0,-1.5748,False,False,dryrun,high,computed
2026-07-06T21:38:53Z,26JUL07SUICOL,team_total,team_total|switzerland|0.5,0.5,over,polymarket,0.64,under,kalshi,0.35,0.99,1.0101,-0.5964,False,False,dryrun,high,computed
2026-07-06T21:38:53Z,26JUL06USABEL,1h_btts,1h_btts,,no,kalshi,0.77,yes,polymarket,0.22,0.99,1.0101,-0.2991,False,False,dryrun,high,computed
2026-07-06T21:38:53Z,26JUL06USABEL,team_total,team_total|usa|0.5,0.5,over,polymarket,0.8,under,kalshi,0.19,0.99,1.0101,-0.0999,False,False,dryrun,high,computed
2026-07-06T21:38:53Z,26JUL06USABEL,team_total,team_total|usa|1.5,1.5,over,polymarket,0.47,under,kalshi,0.52,0.99,1.0101,-0.7937,False,False,dryrun,high,computed
2026-07-06T21:38:53Z,26JUL06USABEL,1h_total,1h_total|1.5,1.5,over,polymarket,0.34,under,kalshi,0.66,1.0,0.0,-1.5748,False,False,dryrun,high,computed
2026-07-06T21:39:13Z,26JUL07SUICOL,team_total,team_total|switzerland|0.5,0.5,over,polymarket,0.64,under,kalshi,0.35,0.99,1.0101,-0.5964,False,False,dryrun,high,computed
2026-07-06T21:39:13Z,26JUL06USABEL,1h_btts,1h_btts,,no,kalshi,0.77,yes,polymarket,0.22,0.99,1.0101,-0.2991,False,False,dryrun,high,computed
2026-07-06T21:39:13Z,26JUL06USABEL,team_total,team_total|usa|0.5,0.5,over,polymarket,0.8,under,kalshi,0.19,0.99,1.0101,-0.0999,False,False,dryrun,high,computed
2026-07-06T21:39:13Z,26JUL06USABEL,team_total,team_total|usa|1.5,1.5,over,polymarket,0.47,under,kalshi,0.52,0.99,1.0101,-0.7937,False,False,dryrun,high,computed
2026-07-06T21:39:13Z,26JUL06USABEL,1h_total,1h_total|1.5,1.5,over,polymarket,0.34,under,kalshi,0.66,1.0,0.0,-1.5748,False,False,dryrun,high,computed
2026-07-06T21:39:33Z,26JUL07SUICOL,team_total,team_total|switzerland|0.5,0.5,over,polymarket,0.64,under,kalshi,0.35,0.99,1.0101,-0.5964,False,False,dryrun,high,computed
2026-07-06T21:39:33Z,26JUL06USABEL,1h_btts,1h_btts,,no,kalshi,0.77,yes,polymarket,0.22,0.99,1.0101,-0.2991,False,False,dryrun,high,computed
2026-07-06T21:39:33Z,26JUL06USABEL,team_total,team_total|usa|0.5,0.5,over,polymarket,0.8,under,kalshi,0.19,0.99,1.0101,-0.0999,False,False,dryrun,high,computed
2026-07-06T21:39:33Z,26JUL06USABEL,team_total,team_total|usa|1.5,1.5,over,polymarket,0.47,under,kalshi,0.52,0.99,1.0101,-0.7937,False,False,dryrun,high,computed
2026-07-06T21:39:33Z,26JUL06USABEL,1h_total,1h_total|1.5,1.5,over,polymarket,0.34,under,kalshi,0.66,1.0,0.0,-1.5748,False,False,dryrun,high,computed
2026-07-06T21:39:53Z,26JUL07SUICOL,team_total,team_total|switzerland|0.5,0.5,over,polymarket,0.64,under,kalshi,0.35,0.99,1.0101,-0.5964,False,False,dryrun,high,computed
2026-07-06T21:39:53Z,26JUL06USABEL,1h_btts,1h_btts,,no,kalshi,0.77,yes,polymarket,0.22,0.99,1.0101,-0.2991,False,False,dryrun,high,computed
2026-07-06T21:39:53Z,26JUL06USABEL,team_total,team_total|usa|0.5,0.5,over,polymarket,0.8,under,kalshi,0.19,0.99,1.0101,-0.0999,False,False,dryrun,high,computed
2026-07-06T21:39:53Z,26JUL06USABEL,team_total,team_total|usa|1.5,1.5,over,polymarket,0.47,under,kalshi,0.52,0.99,1.0101,-0.7937,False,False,dryrun,high,computed
2026-07-06T21:39:53Z,26JUL06USABEL,1h_total,1h_total|1.5,1.5,over,polymarket,0.34,under,kalshi,0.66,1.0,0.0,-1.5748,False,False,dryrun,high,computed
2026-07-06T21:40:13Z,26JUL07SUICOL,team_total,team_total|switzerland|0.5,0.5,over,polymarket,0.64,under,kalshi,0.35,0.99,1.0101,-0.5964,False,False,dryrun,high,computed
2026-07-06T21:40:13Z,26JUL06USABEL,1h_btts,1h_btts,,no,kalshi,0.77,yes,polymarket,0.22,0.99,1.0101,-0.2991,False,False,dryrun,high,computed
2026-07-06T21:40:13Z,26JUL06USABEL,team_total,team_total|usa|0.5,0.5,over,polymarket,0.8,under,kalshi,0.19,0.99,1.0101,-0.0999,False,False,dryrun,high,computed
2026-07-06T21:40:13Z,26JUL06USABEL,team_total,team_total|usa|1.5,1.5,over,polymarket,0.47,under,kalshi,0.52,0.99,1.0101,-0.7937,False,False,dryrun,high,computed
2026-07-06T21:40:13Z,26JUL06USABEL,1h_total,1h_total|1.5,1.5,over,polymarket,0.34,under,kalshi,0.66,1.0,0.0,-1.5748,False,False,dryrun,high,computed
2026-07-06T21:40:33Z,26JUL07SUICOL,team_total,team_total|switzerland|0.5,0.5,over,polymarket,0.64,under,kalshi,0.35,0.99,1.0101,-0.5964,False,False,dryrun,high,computed
2026-07-06T21:40:33Z,26JUL06USABEL,1h_btts,1h_btts,,no,kalshi,0.77,yes,polymarket,0.22,0.99,1.0101,-0.2991,False,False,dryrun,high,computed
2026-07-06T21:40:33Z,26JUL06USABEL,team_total,team_total|usa|0.5,0.5,over,polymarket,0.8,under,kalshi,0.19,0.99,1.0101,-0.0999,False,False,dryrun,high,computed
2026-07-06T21:40:33Z,26JUL06USABEL,team_total,team_total|usa|1.5,1.5,over,polymarket,0.47,under,kalshi,0.52,0.99,1.0101,-0.7937,False,False,dryrun,high,computed
2026-07-06T21:40:33Z,26JUL06USABEL,1h_total,1h_total|1.5,1.5,over,polymarket,0.34,under,kalshi,0.66,1.0,0.0,-1.5748,False,False,dryrun,high,computed
2026-07-06T21:40:53Z,26JUL07SUICOL,team_total,team_total|switzerland|0.5,0.5,over,polymarket,0.64,under,kalshi,0.35,0.99,1.0101,-0.5964,False,False,dryrun,high,computed
2026-07-06T21:40:53Z,26JUL06USABEL,1h_btts,1h_btts,,no,kalshi,0.77,yes,polymarket,0.22,0.99,1.0101,-0.2991,False,False,dryrun,high,computed
2026-07-06T21:40:53Z,26JUL06USABEL,team_total,team_total|usa|0.5,0.5,over,polymarket,0.8,under,kalshi,0.19,0.99,1.0101,-0.0999,False,False,dryrun,high,computed
2026-07-06T21:40:53Z,26JUL06USABEL,team_total,team_total|usa|1.5,1.5,over,polymarket,0.47,under,kalshi,0.52,0.99,1.0101,-0.7937,False,False,dryrun,high,computed
2026-07-06T21:40:53Z,26JUL06USABEL,1h_total,1h_total|1.5,1.5,over,polymarket,0.34,under,kalshi,0.66,1.0,0.0,-1.5748,False,False,dryrun,high,computed
2026-07-06T21:41:13Z,26JUL07SUICOL,team_total,team_total|switzerland|0.5,0.5,over,polymarket,0.64,under,kalshi,0.35,0.99,1.0101,-0.5964,False,False,dryrun,high,computed
2026-07-06T21:41:13Z,26JUL06USABEL,1h_btts,1h_btts,,no,kalshi,0.77,yes,polymarket,0.22,0.99,1.0101,-0.2991,False,False,dryrun,high,computed
2026-07-06T21:41:13Z,26JUL06USABEL,team_total,team_total|usa|0.5,0.5,over,polymarket,0.8,under,kalshi,0.19,0.99,1.0101,-0.0999,False,False,dryrun,high,computed
2026-07-06T21:41:13Z,26JUL06USABEL,team_total,team_total|usa|1.5,1.5,over,polymarket,0.47,under,kalshi,0.52,0.99,1.0101,-0.7937,False,False,dryrun,high,computed
2026-07-06T21:41:13Z,26JUL06USABEL,1h_total,1h_total|1.5,1.5,over,polymarket,0.34,under,kalshi,0.66,1.0,0.0,-1.5748,False,False,dryrun,high,computed
2026-07-06T21:41:33Z,26JUL07SUICOL,team_total,team_total|switzerland|0.5,0.5,over,polymarket,0.64,under,kalshi,0.35,0.99,1.0101,-0.5964,False,False,dryrun,high,computed
2026-07-06T21:41:33Z,26JUL06USABEL,1h_btts,1h_btts,,no,kalshi,0.77,yes,polymarket,0.22,0.99,1.0101,-0.2991,False,False,dryrun,high,computed
2026-07-06T21:41:33Z,26JUL06USABEL,team_total,team_total|usa|0.5,0.5,over,polymarket,0.8,under,kalshi,0.19,0.99,1.0101,-0.0999,False,False,dryrun,high,computed
2026-07-06T21:41:33Z,26JUL06USABEL,team_total,team_total|usa|1.5,1.5,over,polymarket,0.47,under,kalshi,0.52,0.99,1.0101,-0.7937,False,False,dryrun,high,computed
2026-07-06T21:41:33Z,26JUL06USABEL,1h_total,1h_total|1.5,1.5,over,polymarket,0.34,under,kalshi,0.66,1.0,0.0,-1.5748,False,False,dryrun,high,computed
2026-07-06T21:41:53Z,26JUL07SUICOL,team_total,team_total|switzerland|0.5,0.5,over,polymarket,0.64,under,kalshi,0.35,0.99,1.0101,-0.5964,False,False,dryrun,high,computed
2026-07-06T21:41:53Z,26JUL06USABEL,1h_btts,1h_btts,,no,kalshi,0.77,yes,polymarket,0.22,0.99,1.0101,-0.2991,False,False,dryrun,high,computed
2026-07-06T21:41:53Z,26JUL06USABEL,team_total,team_total|usa|0.5,0.5,over,polymarket,0.8,under,kalshi,0.19,0.99,1.0101,-0.0999,False,False,dryrun,high,computed
2026-07-06T21:41:53Z,26JUL06USABEL,team_total,team_total|usa|1.5,1.5,over,polymarket,0.47,under,kalshi,0.52,0.99,1.0101,-0.7937,False,False,dryrun,high,computed
2026-07-06T21:41:53Z,26JUL06USABEL,1h_total,1h_total|1.5,1.5,over,polymarket,0.34,under,kalshi,0.66,1.0,0.0,-1.5748,False,False,dryrun,high,computed
2026-07-06T21:42:13Z,26JUL07SUICOL,team_total,team_total|switzerland|0.5,0.5,over,polymarket,0.64,under,kalshi,0.35,0.99,1.0101,-0.5964,False,False,dryrun,high,computed
2026-07-06T21:42:13Z,26JUL06USABEL,1h_btts,1h_btts,,no,kalshi,0.77,yes,polymarket,0.22,0.99,1.0101,-0.2991,False,False,dryrun,high,computed
2026-07-06T21:42:13Z,26JUL06USABEL,team_total,team_total|usa|0.5,0.5,over,polymarket,0.8,under,kalshi,0.19,0.99,1.0101,-0.0999,False,False,dryrun,high,computed
2026-07-06T21:42:13Z,26JUL06USABEL,team_total,team_total|usa|1.5,1.5,over,polymarket,0.47,under,kalshi,0.52,0.99,1.0101,-0.7937,False,False,dryrun,high,computed
2026-07-06T21:42:13Z,26JUL07ARGEGY,team_total,team_total|argentina|1.5,1.5,over,polymarket,0.6074,under,kalshi,0.39,0.9974,0.2651,-0.6951,False,False,dryrun,high,computed
2026-07-06T21:42:13Z,26JUL06USABEL,1h_total,1h_total|1.5,1.5,over,polymarket,0.34,under,kalshi,0.66,1.0,0.0,-1.5748,False,False,dryrun,high,computed
2026-07-06T21:42:33Z,26JUL07SUICOL,team_total,team_total|switzerland|0.5,0.5,over,polymarket,0.64,under,kalshi,0.35,0.99,1.0101,-0.5964,False,False,dryrun,high,computed
2026-07-06T21:42:33Z,26JUL06USABEL,1h_btts,1h_btts,,no,kalshi,0.77,yes,polymarket,0.22,0.99,1.0101,-0.2991,False,False,dryrun,high,computed
2026-07-06T21:42:33Z,26JUL06USABEL,team_total,team_total|usa|0.5,0.5,over,polymarket,0.8,under,kalshi,0.19,0.99,1.0101,-0.0999,False,False,dryrun,high,computed
2026-07-06T21:42:33Z,26JUL06USABEL,team_total,team_total|usa|1.5,1.5,over,polymarket,0.47,under,kalshi,0.52,0.99,1.0101,-0.7937,False,False,dryrun,high,computed
2026-07-06T21:42:33Z,26JUL07ARGEGY,team_total,team_total|argentina|1.5,1.5,over,polymarket,0.6074,under,kalshi,0.39,0.9974,0.2651,-0.6951,False,False,dryrun,high,computed
2026-07-06T21:42:33Z,26JUL06USABEL,1h_total,1h_total|1.5,1.5,over,polymarket,0.34,under,kalshi,0.66,1.0,0.0,-1.5748,False,False,dryrun,high,computed
2026-07-06T21:42:53Z,26JUL07SUICOL,team_total,team_total|switzerland|0.5,0.5,over,polymarket,0.64,under,kalshi,0.35,0.99,1.0101,-0.5964,False,False,dryrun,high,computed
2026-07-06T21:42:53Z,26JUL06USABEL,1h_btts,1h_btts,,no,kalshi,0.77,yes,polymarket,0.22,0.99,1.0101,-0.2991,False,False,dryrun,high,computed
2026-07-06T21:42:53Z,26JUL06USABEL,team_total,team_total|usa|0.5,0.5,over,polymarket,0.8,under,kalshi,0.19,0.99,1.0101,-0.0999,False,False,dryrun,high,computed
2026-07-06T21:42:53Z,26JUL06USABEL,team_total,team_total|usa|1.5,1.5,over,polymarket,0.47,under,kalshi,0.52,0.99,1.0101,-0.7937,False,False,dryrun,high,computed
2026-07-06T21:42:53Z,26JUL07ARGEGY,team_total,team_total|argentina|1.5,1.5,over,polymarket,0.6075,under,kalshi,0.39,0.9975,0.2508,-0.6951,False,False,dryrun,high,computed
2026-07-06T21:42:53Z,26JUL06USABEL,1h_total,1h_total|1.5,1.5,over,polymarket,0.34,under,kalshi,0.66,1.0,0.0,-1.5748,False,False,dryrun,high,computed
2026-07-06T21:43:13Z,26JUL07SUICOL,team_total,team_total|switzerland|0.5,0.5,over,polymarket,0.64,under,kalshi,0.35,0.99,1.0101,-0.5964,False,False,dryrun,high,computed
2026-07-06T21:43:13Z,26JUL06USABEL,1h_btts,1h_btts,,no,kalshi,0.77,yes,polymarket,0.22,0.99,1.0101,-0.2991,False,False,dryrun,high,computed
2026-07-06T21:43:13Z,26JUL06USABEL,team_total,team_total|usa|0.5,0.5,over,polymarket,0.8,under,kalshi,0.19,0.99,1.0101,-0.0999,False,False,dryrun,high,computed
2026-07-06T21:43:13Z,26JUL06USABEL,team_total,team_total|usa|1.5,1.5,over,polymarket,0.47,under,kalshi,0.52,0.99,1.0101,-0.7937,False,False,dryrun,high,computed
2026-07-06T21:43:13Z,26JUL07ARGEGY,team_total,team_total|argentina|1.5,1.5,over,polymarket,0.6075,under,kalshi,0.39,0.9975,0.2508,-0.6951,False,False,dryrun,high,computed
2026-07-06T21:43:13Z,26JUL06USABEL,1h_total,1h_total|1.5,1.5,over,polymarket,0.34,under,kalshi,0.66,1.0,0.0,-1.5748,False,False,dryrun,high,computed
2026-07-06T21:43:33Z,26JUL07SUICOL,team_total,team_total|switzerland|0.5,0.5,over,polymarket,0.64,under,kalshi,0.35,0.99,1.0101,-0.5964,False,False,dryrun,high,computed
2026-07-06T21:43:33Z,26JUL06USABEL,1h_btts,1h_btts,,no,kalshi,0.77,yes,polymarket,0.22,0.99,1.0101,-0.2991,False,False,dryrun,high,computed
2026-07-06T21:43:33Z,26JUL06USABEL,team_total,team_total|usa|0.5,0.5,over,polymarket,0.8,under,kalshi,0.19,0.99,1.0101,-0.0999,False,False,dryrun,high,computed
2026-07-06T21:43:33Z,26JUL06USABEL,team_total,team_total|usa|1.5,1.5,over,polymarket,0.47,under,kalshi,0.52,0.99,1.0101,-0.7937,False,False,dryrun,high,computed
2026-07-06T21:43:33Z,26JUL07ARGEGY,team_total,team_total|argentina|1.5,1.5,over,polymarket,0.6089,under,kalshi,0.39,0.9989,0.1053,-0.6951,False,False,dryrun,high,computed
2026-07-06T21:43:33Z,26JUL06USABEL,1h_total,1h_total|1.5,1.5,over,polymarket,0.34,under,kalshi,0.66,1.0,0.0,-1.5748,False,False,dryrun,high,computed
2026-07-06T21:43:53Z,26JUL07SUICOL,team_total,team_total|switzerland|0.5,0.5,over,polymarket,0.64,under,kalshi,0.35,0.99,1.0101,-0.5964,False,False,dryrun,high,computed
2026-07-06T21:43:53Z,26JUL06USABEL,1h_btts,1h_btts,,no,kalshi,0.77,yes,polymarket,0.22,0.99,1.0101,-0.2991,False,False,dryrun,high,computed
2026-07-06T21:43:53Z,26JUL06USABEL,team_total,team_total|usa|0.5,0.5,over,polymarket,0.8,under,kalshi,0.19,0.99,1.0101,-0.0999,False,False,dryrun,high,computed
2026-07-06T21:43:53Z,26JUL06USABEL,team_total,team_total|usa|1.5,1.5,over,polymarket,0.47,under,kalshi,0.52,0.99,1.0101,-0.7937,False,False,dryrun,high,computed
2026-07-06T21:43:53Z,26JUL07ARGEGY,team_total,team_total|argentina|1.5,1.5,over,polymarket,0.6089,under,kalshi,0.39,0.9989,0.1053,-0.6951,False,False,dryrun,high,computed
2026-07-06T21:43:53Z,26JUL06USABEL,1h_total,1h_total|1.5,1.5,over,polymarket,0.34,under,kalshi,0.66,1.0,0.0,-1.5748,False,False,dryrun,high,computed
2026-07-06T21:44:13Z,26JUL07SUICOL,team_total,team_total|switzerland|0.5,0.5,over,polymarket,0.64,under,kalshi,0.35,0.99,1.0101,-0.5964,False,False,dryrun,high,computed
2026-07-06T21:44:13Z,26JUL06USABEL,1h_btts,1h_btts,,no,kalshi,0.77,yes,polymarket,0.22,0.99,1.0101,-0.2991,False,False,dryrun,high,computed
2026-07-06T21:44:13Z,26JUL06USABEL,team_total,team_total|usa|0.5,0.5,over,polymarket,0.8,under,kalshi,0.19,0.99,1.0101,-0.0999,False,False,dryrun,high,computed
2026-07-06T21:44:13Z,26JUL06USABEL,team_total,team_total|usa|1.5,1.5,over,polymarket,0.47,under,kalshi,0.52,0.99,1.0101,-0.7937,False,False,dryrun,high,computed
2026-07-06T21:44:13Z,26JUL07ARGEGY,team_total,team_total|argentina|1.5,1.5,over,polymarket,0.6086,under,kalshi,0.39,0.9986,0.1354,-0.6951,False,False,dryrun,high,computed
2026-07-06T21:44:13Z,26JUL06USABEL,1h_total,1h_total|1.5,1.5,over,polymarket,0.34,under,kalshi,0.66,1.0,0.0,-1.5748,False,False,dryrun,high,computed
2026-07-06T21:44:33Z,26JUL07SUICOL,team_total,team_total|switzerland|0.5,0.5,over,polymarket,0.64,under,kalshi,0.35,0.99,1.0101,-0.5964,False,False,dryrun,high,computed
2026-07-06T21:44:33Z,26JUL06USABEL,1h_btts,1h_btts,,no,kalshi,0.77,yes,polymarket,0.22,0.99,1.0101,-0.2991,False,False,dryrun,high,computed
2026-07-06T21:44:33Z,26JUL06USABEL,team_total,team_total|usa|0.5,0.5,over,polymarket,0.8,under,kalshi,0.19,0.99,1.0101,-0.0999,False,False,dryrun,high,computed
2026-07-06T21:44:33Z,26JUL06USABEL,team_total,team_total|usa|1.5,1.5,over,polymarket,0.47,under,kalshi,0.52,0.99,1.0101,-0.7937,False,False,dryrun,high,computed
2026-07-06T21:44:33Z,26JUL07ARGEGY,team_total,team_total|argentina|1.5,1.5,over,polymarket,0.6086,under,kalshi,0.39,0.9986,0.1354,-0.7937,False,False,dryrun,high,computed
2026-07-06T21:44:33Z,26JUL06USABEL,1h_total,1h_total|1.5,1.5,over,polymarket,0.34,under,kalshi,0.66,1.0,0.0,-1.5748,False,False,dryrun,high,computed
2026-07-06T21:44:53Z,26JUL07SUICOL,team_total,team_total|switzerland|0.5,0.5,over,polymarket,0.64,under,kalshi,0.35,0.99,1.0101,-0.5964,False,False,dryrun,high,computed
2026-07-06T21:44:53Z,26JUL06USABEL,1h_btts,1h_btts,,no,kalshi,0.77,yes,polymarket,0.22,0.99,1.0101,-0.2991,False,False,dryrun,high,computed
2026-07-06T21:44:53Z,26JUL06USABEL,team_total,team_total|usa|0.5,0.5,over,polymarket,0.8,under,kalshi,0.19,0.99,1.0101,-0.0999,False,False,dryrun,high,computed
2026-07-06T21:44:53Z,26JUL06USABEL,team_total,team_total|usa|1.5,1.5,over,polymarket,0.47,under,kalshi,0.52,0.99,1.0101,-0.7937,False,False,dryrun,high,computed
2026-07-06T21:44:53Z,26JUL06USABEL,1h_total,1h_total|1.5,1.5,over,polymarket,0.34,under,kalshi,0.66,1.0,0.0,-1.5748,False,False,dryrun,high,computed
2026-07-06T21:45:13Z,26JUL07SUICOL,team_total,team_total|switzerland|0.5,0.5,over,polymarket,0.64,under,kalshi,0.35,0.99,1.0101,-0.5964,False,False,dryrun,high,computed
2026-07-06T21:45:13Z,26JUL06USABEL,1h_btts,1h_btts,,no,kalshi,0.77,yes,polymarket,0.22,0.99,1.0101,-0.2991,False,False,dryrun,high,computed
2026-07-06T21:45:13Z,26JUL06USABEL,team_total,team_total|usa|0.5,0.5,over,polymarket,0.8,under,kalshi,0.19,0.99,1.0101,-0.0999,False,False,dryrun,high,computed
2026-07-06T21:45:13Z,26JUL06USABEL,team_total,team_total|usa|1.5,1.5,over,polymarket,0.47,under,kalshi,0.52,0.99,1.0101,-0.7937,False,False,dryrun,high,computed
2026-07-06T21:45:13Z,26JUL06USABEL,1h_total,1h_total|1.5,1.5,over,polymarket,0.34,under,kalshi,0.66,1.0,0.0,-1.5748,False,False,dryrun,high,computed
2026-07-06T21:45:33Z,26JUL07SUICOL,team_total,team_total|switzerland|0.5,0.5,over,polymarket,0.64,under,kalshi,0.35,0.99,1.0101,-0.5964,False,False,dryrun,high,computed
2026-07-06T21:45:33Z,26JUL06USABEL,1h_btts,1h_btts,,no,kalshi,0.77,yes,polymarket,0.22,0.99,1.0101,-0.2991,False,False,dryrun,high,computed
2026-07-06T21:45:33Z,26JUL06USABEL,team_total,team_total|usa|0.5,0.5,over,polymarket,0.8,under,kalshi,0.19,0.99,1.0101,-0.0999,False,False,dryrun,high,computed
2026-07-06T21:45:33Z,26JUL06USABEL,team_total,team_total|usa|1.5,1.5,over,polymarket,0.47,under,kalshi,0.52,0.99,1.0101,-0.7937,False,False,dryrun,high,computed
2026-07-06T21:45:33Z,26JUL06USABEL,1h_total,1h_total|1.5,1.5,over,polymarket,0.34,under,kalshi,0.66,1.0,0.0,-1.5748,False,False,dryrun,high,computed
2026-07-06T21:45:53Z,26JUL07SUICOL,team_total,team_total|switzerland|0.5,0.5,over,polymarket,0.64,under,kalshi,0.35,0.99,1.0101,-0.5964,False,False,dryrun,high,computed
2026-07-06T21:45:53Z,26JUL06USABEL,1h_btts,1h_btts,,no,kalshi,0.77,yes,polymarket,0.22,0.99,1.0101,-0.2991,False,False,dryrun,high,computed
2026-07-06T21:45:53Z,26JUL06USABEL,team_total,team_total|usa|0.5,0.5,over,polymarket,0.8,under,kalshi,0.19,0.99,1.0101,-0.0999,False,False,dryrun,high,computed
2026-07-06T21:45:53Z,26JUL06USABEL,team_total,team_total|usa|1.5,1.5,over,polymarket,0.47,under,kalshi,0.52,0.99,1.0101,-0.7937,False,False,dryrun,high,computed
2026-07-06T21:45:53Z,26JUL06USABEL,1h_total,1h_total|1.5,1.5,over,polymarket,0.34,under,kalshi,0.66,1.0,0.0,-1.5748,False,False,dryrun,high,computed
2026-07-06T21:46:13Z,26JUL07SUICOL,team_total,team_total|switzerland|0.5,0.5,over,polymarket,0.64,under,kalshi,0.35,0.99,1.0101,-0.5964,False,False,dryrun,high,computed
2026-07-06T21:46:13Z,26JUL06USABEL,1h_btts,1h_btts,,no,kalshi,0.77,yes,polymarket,0.22,0.99,1.0101,-0.2991,False,False,dryrun,high,computed
2026-07-06T21:46:13Z,26JUL06USABEL,team_total,team_total|usa|0.5,0.5,over,polymarket,0.8,under,kalshi,0.19,0.99,1.0101,-0.0999,False,False,dryrun,high,computed
2026-07-06T21:46:13Z,26JUL06USABEL,team_total,team_total|usa|1.5,1.5,over,polymarket,0.47,under,kalshi,0.52,0.99,1.0101,-0.7937,False,False,dryrun,high,computed
2026-07-06T21:46:13Z,26JUL06USABEL,1h_total,1h_total|1.5,1.5,over,polymarket,0.34,under,kalshi,0.66,1.0,0.0,-1.5748,False,False,dryrun,high,computed
2026-07-06T21:46:33Z,26JUL07SUICOL,team_total,team_total|switzerland|0.5,0.5,over,polymarket,0.64,under,kalshi,0.35,0.99,1.0101,-0.5964,False,False,dryrun,high,computed
2026-07-06T21:46:33Z,26JUL06USABEL,1h_btts,1h_btts,,no,kalshi,0.77,yes,polymarket,0.22,0.99,1.0101,-0.2991,False,False,dryrun,high,computed
2026-07-06T21:46:33Z,26JUL06USABEL,team_total,team_total|usa|0.5,0.5,over,polymarket,0.8,under,kalshi,0.19,0.99,1.0101,-0.0999,False,False,dryrun,high,computed
2026-07-06T21:46:33Z,26JUL06USABEL,team_total,team_total|usa|1.5,1.5,over,polymarket,0.47,under,kalshi,0.52,0.99,1.0101,-0.7937,False,False,dryrun,high,computed
2026-07-06T21:46:33Z,26JUL06USABEL,1h_total,1h_total|1.5,1.5,over,polymarket,0.34,under,kalshi,0.66,1.0,0.0,-1.5748,False,False,dryrun,high,computed
2026-07-06T21:46:53Z,26JUL07SUICOL,team_total,team_total|switzerland|0.5,0.5,over,polymarket,0.64,under,kalshi,0.35,0.99,1.0101,-0.5964,False,False,dryrun,high,computed
2026-07-06T21:46:53Z,26JUL06USABEL,1h_btts,1h_btts,,no,kalshi,0.77,yes,polymarket,0.22,0.99,1.0101,-0.2991,False,False,dryrun,high,computed
2026-07-06T21:46:53Z,26JUL06USABEL,team_total,team_total|usa|0.5,0.5,over,polymarket,0.8,under,kalshi,0.19,0.99,1.0101,-0.0999,False,False,dryrun,high,computed
2026-07-06T21:46:53Z,26JUL06USABEL,team_total,team_total|usa|1.5,1.5,over,polymarket,0.47,under,kalshi,0.52,0.99,1.0101,-0.7937,False,False,dryrun,high,computed
2026-07-06T21:46:53Z,26JUL06USABEL,1h_total,1h_total|1.5,1.5,over,polymarket,0.34,under,kalshi,0.66,1.0,0.0,-1.5748,False,False,dryrun,high,computed
2026-07-06T21:47:13Z,26JUL07SUICOL,team_total,team_total|switzerland|0.5,0.5,over,polymarket,0.64,under,kalshi,0.35,0.99,1.0101,-0.5964,False,False,dryrun,high,computed
2026-07-06T21:47:13Z,26JUL06USABEL,team_total,team_total|usa|0.5,0.5,over,polymarket,0.8,under,kalshi,0.19,0.99,1.0101,-0.0999,False,False,dryrun,high,computed
2026-07-06T21:47:13Z,26JUL06USABEL,team_total,team_total|usa|1.5,1.5,over,polymarket,0.47,under,kalshi,0.52,0.99,1.0101,-0.7937,False,False,dryrun,high,computed
2026-07-06T21:47:13Z,26JUL06USABEL,1h_total,1h_total|1.5,1.5,over,polymarket,0.34,under,kalshi,0.66,1.0,0.0,-1.5748,False,False,dryrun,high,computed
2026-07-06T21:47:33Z,26JUL07SUICOL,team_total,team_total|switzerland|0.5,0.5,over,polymarket,0.64,under,kalshi,0.35,0.99,1.0101,-0.5964,False,False,dryrun,high,computed
2026-07-06T21:47:33Z,26JUL06USABEL,team_total,team_total|usa|0.5,0.5,over,polymarket,0.8,under,kalshi,0.19,0.99,1.0101,-0.0999,False,False,dryrun,high,computed
2026-07-06T21:47:33Z,26JUL06USABEL,team_total,team_total|usa|1.5,1.5,over,polymarket,0.47,under,kalshi,0.52,0.99,1.0101,-0.7937,False,False,dryrun,high,computed
2026-07-06T21:47:33Z,26JUL06USABEL,1h_total,1h_total|1.5,1.5,over,polymarket,0.34,under,kalshi,0.66,1.0,0.0,-1.5748,False,False,dryrun,high,computed
2026-07-06T21:47:53Z,26JUL07SUICOL,team_total,team_total|switzerland|0.5,0.5,over,polymarket,0.64,under,kalshi,0.35,0.99,1.0101,-0.5964,False,False,dryrun,high,computed
2026-07-06T21:47:53Z,26JUL06USABEL,team_total,team_total|usa|0.5,0.5,over,polymarket,0.8,under,kalshi,0.19,0.99,1.0101,-0.0999,False,False,dryrun,high,computed
2026-07-06T21:47:53Z,26JUL06USABEL,team_total,team_total|usa|1.5,1.5,over,polymarket,0.47,under,kalshi,0.52,0.99,1.0101,-0.7937,False,False,dryrun,high,computed
2026-07-06T21:47:53Z,26JUL07ARGEGY,team_total,team_total|argentina|1.5,1.5,over,polymarket,0.6086,under,kalshi,0.39,0.9986,0.1354,-0.7937,False,False,dryrun,high,computed
2026-07-06T21:47:53Z,26JUL06USABEL,1h_total,1h_total|1.5,1.5,over,polymarket,0.34,under,kalshi,0.66,1.0,0.0,-1.5748,False,False,dryrun,high,computed
2026-07-06T21:48:13Z,26JUL07SUICOL,team_total,team_total|switzerland|0.5,0.5,over,polymarket,0.64,under,kalshi,0.35,0.99,1.0101,-0.5964,False,False,dryrun,high,computed
2026-07-06T21:48:13Z,26JUL06USABEL,team_total,team_total|usa|0.5,0.5,over,polymarket,0.8,under,kalshi,0.19,0.99,1.0101,-0.0999,False,False,dryrun,high,computed
2026-07-06T21:48:13Z,26JUL06USABEL,team_total,team_total|usa|1.5,1.5,over,polymarket,0.47,under,kalshi,0.52,0.99,1.0101,-0.7937,False,False,dryrun,high,computed
2026-07-06T21:48:13Z,26JUL06USABEL,1h_total,1h_total|1.5,1.5,over,polymarket,0.34,under,kalshi,0.66,1.0,0.0,-1.5748,False,False,dryrun,high,computed
2026-07-06T21:48:33Z,26JUL07SUICOL,team_total,team_total|switzerland|0.5,0.5,over,polymarket,0.64,under,kalshi,0.35,0.99,1.0101,-0.5964,False,False,dryrun,high,computed
2026-07-06T21:48:33Z,26JUL06USABEL,team_total,team_total|usa|0.5,0.5,over,polymarket,0.8,under,kalshi,0.19,0.99,1.0101,-0.0999,False,False,dryrun,high,computed
2026-07-06T21:48:33Z,26JUL06USABEL,team_total,team_total|usa|1.5,1.5,over,polymarket,0.47,under,kalshi,0.52,0.99,1.0101,-0.7937,False,False,dryrun,high,computed
2026-07-06T21:48:33Z,26JUL06USABEL,1h_total,1h_total|1.5,1.5,over,polymarket,0.34,under,kalshi,0.66,1.0,0.0,-1.5748,False,False,dryrun,high,computed
2026-07-06T21:48:53Z,26JUL07SUICOL,team_total,team_total|switzerland|0.5,0.5,over,polymarket,0.64,under,kalshi,0.35,0.99,1.0101,-0.5964,False,False,dryrun,high,computed
2026-07-06T21:48:53Z,26JUL06USABEL,team_total,team_total|usa|0.5,0.5,over,polymarket,0.8,under,kalshi,0.19,0.99,1.0101,-0.0999,False,False,dryrun,high,computed
2026-07-06T21:48:53Z,26JUL06USABEL,team_total,team_total|usa|1.5,1.5,over,polymarket,0.47,under,kalshi,0.52,0.99,1.0101,-0.7937,False,False,dryrun,high,computed
2026-07-06T21:48:53Z,26JUL06USABEL,1h_total,1h_total|1.5,1.5,over,polymarket,0.34,under,kalshi,0.66,1.0,0.0,-1.5748,False,False,dryrun,high,computed
2026-07-06T21:49:13Z,26JUL07SUICOL,team_total,team_total|switzerland|0.5,0.5,over,polymarket,0.64,under,kalshi,0.35,0.99,1.0101,-0.5964,False,False,dryrun,high,computed
2026-07-06T21:49:13Z,26JUL06USABEL,team_total,team_total|usa|0.5,0.5,over,polymarket,0.8,under,kalshi,0.19,0.99,1.0101,-0.0999,False,False,dryrun,high,computed
2026-07-06T21:49:13Z,26JUL06USABEL,team_total,team_total|usa|1.5,1.5,over,polymarket,0.47,under,kalshi,0.52,0.99,1.0101,-0.7937,False,False,dryrun,high,computed
2026-07-06T21:49:13Z,26JUL06USABEL,1h_total,1h_total|1.5,1.5,over,polymarket,0.34,under,kalshi,0.66,1.0,0.0,-1.5748,False,False,dryrun,high,computed
2026-07-06T21:49:33Z,26JUL07SUICOL,team_total,team_total|switzerland|0.5,0.5,over,polymarket,0.64,under,kalshi,0.35,0.99,1.0101,-0.5964,False,False,dryrun,high,computed
2026-07-06T21:49:33Z,26JUL06USABEL,team_total,team_total|usa|0.5,0.5,over,polymarket,0.8,under,kalshi,0.19,0.99,1.0101,-0.0999,False,False,dryrun,high,computed
2026-07-06T21:49:33Z,26JUL06USABEL,1h_total,1h_total|1.5,1.5,over,polymarket,0.34,under,kalshi,0.66,1.0,0.0,-1.5748,False,False,dryrun,high,computed
2026-07-06T21:49:53Z,26JUL07SUICOL,team_total,team_total|switzerland|0.5,0.5,over,polymarket,0.64,under,kalshi,0.35,0.99,1.0101,-0.5964,False,False,dryrun,high,computed
2026-07-06T21:49:53Z,26JUL06USABEL,1h_total,1h_total|1.5,1.5,over,polymarket,0.34,under,kalshi,0.66,1.0,0.0,-1.5748,False,False,dryrun,high,computed
2026-07-06T21:50:13Z,26JUL07SUICOL,team_total,team_total|switzerland|0.5,0.5,over,polymarket,0.64,under,kalshi,0.35,0.99,1.0101,-0.5964,False,False,dryrun,high,computed
2026-07-06T21:50:13Z,26JUL06USABEL,1h_total,1h_total|1.5,1.5,over,polymarket,0.34,under,kalshi,0.66,1.0,0.0,-1.5748,False,False,dryrun,high,computed
2026-07-06T21:50:33Z,26JUL07SUICOL,team_total,team_total|switzerland|0.5,0.5,over,polymarket,0.64,under,kalshi,0.35,0.99,1.0101,-0.5964,False,False,dryrun,high,computed
2026-07-06T21:50:33Z,26JUL06USABEL,1h_total,1h_total|1.5,1.5,over,polymarket,0.34,under,kalshi,0.66,1.0,0.0,-1.5748,False,False,dryrun,high,computed
2026-07-06T21:50:53Z,26JUL07SUICOL,team_total,team_total|switzerland|0.5,0.5,over,polymarket,0.64,under,kalshi,0.35,0.99,1.0101,-0.5964,False,False,dryrun,high,computed
2026-07-06T21:50:53Z,26JUL06USABEL,1h_total,1h_total|1.5,1.5,over,polymarket,0.34,under,kalshi,0.66,1.0,0.0,-1.5748,False,False,dryrun,high,computed
2026-07-06T21:51:13Z,26JUL07SUICOL,team_total,team_total|switzerland|0.5,0.5,over,polymarket,0.64,under,kalshi,0.35,0.99,1.0101,-0.5964,False,False,dryrun,high,computed
2026-07-06T21:51:13Z,26JUL06USABEL,1h_total,1h_total|1.5,1.5,over,polymarket,0.34,under,kalshi,0.66,1.0,0.0,-1.5748,False,False,dryrun,high,computed
2026-07-06T21:51:33Z,26JUL07SUICOL,team_total,team_total|switzerland|0.5,0.5,over,polymarket,0.64,under,kalshi,0.35,0.99,1.0101,-0.5964,False,False,dryrun,high,computed
2026-07-06T21:51:33Z,26JUL06USABEL,1h_total,1h_total|1.5,1.5,over,polymarket,0.34,under,kalshi,0.66,1.0,0.0,-1.5748,False,False,dryrun,high,computed
2026-07-06T21:51:53Z,26JUL07SUICOL,team_total,team_total|switzerland|0.5,0.5,over,polymarket,0.64,under,kalshi,0.35,0.99,1.0101,-0.5964,False,False,dryrun,high,computed
2026-07-06T21:51:53Z,26JUL06USABEL,1h_total,1h_total|1.5,1.5,over,polymarket,0.34,under,kalshi,0.66,1.0,0.0,-1.5748,False,False,dryrun,high,computed
2026-07-06T21:52:13Z,26JUL07SUICOL,team_total,team_total|switzerland|0.5,0.5,over,polymarket,0.64,under,kalshi,0.35,0.99,1.0101,-0.5964,False,False,dryrun,high,computed
2026-07-06T21:52:13Z,26JUL06USABEL,1h_total,1h_total|1.5,1.5,over,polymarket,0.34,under,kalshi,0.66,1.0,0.0,-1.5748,False,False,dryrun,high,computed
2026-07-06T21:52:33Z,26JUL07SUICOL,team_total,team_total|switzerland|0.5,0.5,over,polymarket,0.64,under,kalshi,0.35,0.99,1.0101,-0.5964,False,False,dryrun,high,computed
2026-07-06T21:52:33Z,26JUL06USABEL,1h_total,1h_total|1.5,1.5,over,polymarket,0.34,under,kalshi,0.66,1.0,0.0,-1.5748,False,False,dryrun,high,computed
2026-07-06T21:52:53Z,26JUL07SUICOL,team_total,team_total|switzerland|0.5,0.5,over,polymarket,0.64,under,kalshi,0.35,0.99,1.0101,-0.5964,False,False,dryrun,high,computed
2026-07-06T21:52:53Z,26JUL06USABEL,1h_total,1h_total|1.5,1.5,over,polymarket,0.34,under,kalshi,0.66,1.0,0.0,-1.5748,False,False,dryrun,high,computed
2026-07-06T21:53:13Z,26JUL07SUICOL,team_total,team_total|switzerland|0.5,0.5,over,polymarket,0.64,under,kalshi,0.35,0.99,1.0101,-0.5964,False,False,dryrun,high,computed
2026-07-06T21:53:13Z,26JUL06USABEL,1h_total,1h_total|1.5,1.5,over,polymarket,0.34,under,kalshi,0.66,1.0,0.0,-1.5748,False,False,dryrun,high,computed
2026-07-06T21:53:33Z,26JUL07SUICOL,team_total,team_total|switzerland|0.5,0.5,over,polymarket,0.64,under,kalshi,0.35,0.99,1.0101,-0.5964,False,False,dryrun,high,computed
2026-07-06T21:53:33Z,26JUL06USABEL,1h_total,1h_total|1.5,1.5,over,polymarket,0.34,under,kalshi,0.66,1.0,0.0,-1.5748,False,False,dryrun,high,computed
2026-07-06T21:53:53Z,26JUL07SUICOL,team_total,team_total|switzerland|0.5,0.5,over,polymarket,0.64,under,kalshi,0.35,0.99,1.0101,-0.5964,False,False,dryrun,high,computed
2026-07-06T21:53:53Z,26JUL06USABEL,1h_total,1h_total|1.5,1.5,over,polymarket,0.34,under,kalshi,0.66,1.0,0.0,-1.5748,False,False,dryrun,high,computed
2026-07-06T21:54:13Z,26JUL07SUICOL,team_total,team_total|switzerland|0.5,0.5,over,polymarket,0.64,under,kalshi,0.35,0.99,1.0101,-0.5964,False,False,dryrun,high,computed
2026-07-06T21:54:13Z,26JUL06USABEL,1h_total,1h_total|1.5,1.5,over,polymarket,0.34,under,kalshi,0.66,1.0,0.0,-1.5748,False,False,dryrun,high,computed
2026-07-06T21:54:33Z,26JUL07SUICOL,team_total,team_total|switzerland|0.5,0.5,over,polymarket,0.64,under,kalshi,0.35,0.99,1.0101,-0.5964,False,False,dryrun,high,computed
2026-07-06T21:54:33Z,26JUL06USABEL,1h_total,1h_total|1.5,1.5,over,polymarket,0.34,under,kalshi,0.66,1.0,0.0,-1.5748,False,False,dryrun,high,computed
2026-07-06T21:54:53Z,26JUL07SUICOL,team_total,team_total|switzerland|0.5,0.5,over,polymarket,0.64,under,kalshi,0.35,0.99,1.0101,-0.5964,False,False,dryrun,high,computed
2026-07-06T21:54:53Z,26JUL06USABEL,1h_total,1h_total|1.5,1.5,over,polymarket,0.34,under,kalshi,0.66,1.0,0.0,-1.5748,False,False,dryrun,high,computed
2026-07-06T21:55:13Z,26JUL07SUICOL,team_total,team_total|switzerland|0.5,0.5,over,polymarket,0.64,under,kalshi,0.35,0.99,1.0101,-0.5964,False,False,dryrun,high,computed
2026-07-06T21:55:13Z,26JUL07ARGEGY,team_total,team_total|argentina|1.5,1.5,over,polymarket,0.6085,under,kalshi,0.39,0.9985,0.1521,-0.7937,False,False,dryrun,high,computed
2026-07-06T21:55:13Z,26JUL06USABEL,1h_total,1h_total|1.5,1.5,over,polymarket,0.34,under,kalshi,0.66,1.0,0.0,-1.5748,False,False,dryrun,high,computed
2026-07-06T21:55:33Z,26JUL07SUICOL,team_total,team_total|switzerland|0.5,0.5,over,polymarket,0.64,under,kalshi,0.35,0.99,1.0101,-0.5964,False,False,dryrun,high,computed
2026-07-06T21:55:33Z,26JUL06USABEL,1h_total,1h_total|1.5,1.5,over,polymarket,0.34,under,kalshi,0.66,1.0,0.0,-1.5748,False,False,dryrun,high,computed
2026-07-06T21:55:53Z,26JUL07SUICOL,team_total,team_total|switzerland|0.5,0.5,over,polymarket,0.64,under,kalshi,0.35,0.99,1.0101,-0.5964,False,False,dryrun,high,computed
2026-07-06T21:55:53Z,26JUL06USABEL,1h_total,1h_total|1.5,1.5,over,polymarket,0.34,under,kalshi,0.66,1.0,0.0,-1.5748,False,False,dryrun,high,computed
2026-07-06T21:56:13Z,26JUL07SUICOL,team_total,team_total|switzerland|0.5,0.5,over,polymarket,0.64,under,kalshi,0.35,0.99,1.0101,-0.5964,False,False,dryrun,high,computed
2026-07-06T21:56:13Z,26JUL06USABEL,1h_total,1h_total|1.5,1.5,over,polymarket,0.34,under,kalshi,0.66,1.0,0.0,-1.5748,False,False,dryrun,high,computed
2026-07-06T21:56:33Z,26JUL07SUICOL,team_total,team_total|switzerland|0.5,0.5,over,polymarket,0.64,under,kalshi,0.35,0.99,1.0101,-0.5964,False,False,dryrun,high,computed
2026-07-06T21:56:33Z,26JUL06USABEL,1h_total,1h_total|1.5,1.5,over,polymarket,0.34,under,kalshi,0.66,1.0,0.0,-1.5748,False,False,dryrun,high,computed
2026-07-06T21:56:53Z,26JUL07SUICOL,team_total,team_total|switzerland|0.5,0.5,over,polymarket,0.64,under,kalshi,0.35,0.99,1.0101,-0.5964,False,False,dryrun,high,computed
2026-07-06T21:56:53Z,26JUL06USABEL,1h_total,1h_total|1.5,1.5,over,polymarket,0.34,under,kalshi,0.66,1.0,0.0,-1.5748,False,False,dryrun,high,computed
2026-07-06T21:57:13Z,26JUL07SUICOL,team_total,team_total|switzerland|0.5,0.5,over,polymarket,0.64,under,kalshi,0.35,0.99,1.0101,-0.5964,False,False,dryrun,high,computed
2026-07-06T21:57:13Z,26JUL06USABEL,1h_total,1h_total|1.5,1.5,over,polymarket,0.34,under,kalshi,0.66,1.0,0.0,-1.5748,False,False,dryrun,high,computed
2026-07-06T21:57:33Z,26JUL07SUICOL,team_total,team_total|switzerland|0.5,0.5,over,polymarket,0.64,under,kalshi,0.35,0.99,1.0101,-0.5964,False,False,dryrun,high,computed
2026-07-06T21:57:33Z,26JUL06USABEL,1h_total,1h_total|1.5,1.5,over,polymarket,0.34,under,kalshi,0.66,1.0,0.0,-1.5748,False,False,dryrun,high,computed
2026-07-06T21:57:53Z,26JUL07SUICOL,team_total,team_total|switzerland|0.5,0.5,over,polymarket,0.64,under,kalshi,0.35,0.99,1.0101,-0.5964,False,False,dryrun,high,computed
2026-07-06T21:57:53Z,26JUL06USABEL,1h_total,1h_total|1.5,1.5,over,polymarket,0.34,under,kalshi,0.66,1.0,0.0,-1.5748,False,False,dryrun,high,computed
2026-07-06T21:58:13Z,26JUL07SUICOL,team_total,team_total|switzerland|0.5,0.5,over,polymarket,0.64,under,kalshi,0.35,0.99,1.0101,-0.5964,False,False,dryrun,high,computed
2026-07-06T21:58:13Z,26JUL06USABEL,1h_total,1h_total|1.5,1.5,over,polymarket,0.34,under,kalshi,0.66,1.0,0.0,-1.5748,False,False,dryrun,high,computed
2026-07-06T21:58:33Z,26JUL07SUICOL,team_total,team_total|switzerland|0.5,0.5,over,polymarket,0.64,under,kalshi,0.35,0.99,1.0101,-0.5964,False,False,dryrun,high,computed
2026-07-06T21:58:33Z,26JUL06USABEL,1h_total,1h_total|1.5,1.5,over,polymarket,0.34,under,kalshi,0.66,1.0,0.0,-1.5748,False,False,dryrun,high,computed
2026-07-06T21:58:53Z,26JUL07SUICOL,team_total,team_total|switzerland|0.5,0.5,over,polymarket,0.64,under,kalshi,0.35,0.99,1.0101,-0.5964,False,False,dryrun,high,computed
2026-07-06T21:58:53Z,26JUL06USABEL,1h_total,1h_total|1.5,1.5,over,polymarket,0.34,under,kalshi,0.66,1.0,0.0,-1.5748,False,False,dryrun,high,computed
2026-07-06T21:59:13Z,26JUL07SUICOL,team_total,team_total|switzerland|0.5,0.5,over,polymarket,0.64,under,kalshi,0.35,0.99,1.0101,-0.5964,False,False,dryrun,high,computed
2026-07-06T21:59:13Z,26JUL06USABEL,1h_total,1h_total|1.5,1.5,over,polymarket,0.34,under,kalshi,0.66,1.0,0.0,-1.5748,False,False,dryrun,high,computed
2026-07-06T21:59:33Z,26JUL07SUICOL,team_total,team_total|switzerland|0.5,0.5,over,polymarket,0.64,under,kalshi,0.35,0.99,1.0101,-0.5964,False,False,dryrun,high,computed
2026-07-06T21:59:33Z,26JUL06USABEL,1h_total,1h_total|1.5,1.5,over,polymarket,0.34,under,kalshi,0.66,1.0,0.0,-1.5748,False,False,dryrun,high,computed
2026-07-06T21:59:53Z,26JUL07SUICOL,team_total,team_total|switzerland|0.5,0.5,over,polymarket,0.64,under,kalshi,0.35,0.99,1.0101,-0.5964,False,False,dryrun,high,computed
2026-07-06T21:59:53Z,26JUL06USABEL,1h_total,1h_total|1.5,1.5,over,polymarket,0.34,under,kalshi,0.66,1.0,0.0,-1.5748,False,False,dryrun,high,computed
2026-07-06T22:00:13Z,26JUL07SUICOL,team_total,team_total|switzerland|0.5,0.5,over,polymarket,0.64,under,kalshi,0.35,0.99,1.0101,-0.5964,False,False,dryrun,high,computed
2026-07-06T22:00:13Z,26JUL06USABEL,1h_total,1h_total|1.5,1.5,over,polymarket,0.34,under,kalshi,0.66,1.0,0.0,-1.5748,False,False,dryrun,high,computed
2026-07-06T22:00:33Z,26JUL07SUICOL,team_total,team_total|switzerland|0.5,0.5,over,polymarket,0.64,under,kalshi,0.35,0.99,1.0101,-0.5964,False,False,dryrun,high,computed
2026-07-06T22:00:33Z,26JUL06USABEL,1h_total,1h_total|1.5,1.5,over,polymarket,0.34,under,kalshi,0.66,1.0,0.0,-1.5748,False,False,dryrun,high,computed
2026-07-06T22:00:53Z,26JUL07SUICOL,team_total,team_total|switzerland|0.5,0.5,over,polymarket,0.64,under,kalshi,0.35,0.99,1.0101,-0.5964,False,False,dryrun,high,computed
2026-07-06T22:00:53Z,26JUL06USABEL,1h_total,1h_total|1.5,1.5,over,polymarket,0.34,under,kalshi,0.66,1.0,0.0,-1.5748,False,False,dryrun,high,computed
2026-07-06T22:01:13Z,26JUL07SUICOL,team_total,team_total|switzerland|0.5,0.5,over,polymarket,0.64,under,kalshi,0.35,0.99,1.0101,-0.5964,False,False,dryrun,high,computed
2026-07-06T22:01:13Z,26JUL06USABEL,1h_total,1h_total|1.5,1.5,over,polymarket,0.34,under,kalshi,0.66,1.0,0.0,-1.5748,False,False,dryrun,high,computed
2026-07-06T22:01:35Z,26JUL07SUICOL,team_total,team_total|switzerland|0.5,0.5,over,polymarket,0.64,under,kalshi,0.35,0.99,1.0101,-0.5964,False,False,dryrun,high,computed
2026-07-06T22:01:35Z,26JUL06USABEL,1h_total,1h_total|1.5,1.5,over,polymarket,0.34,under,kalshi,0.66,1.0,0.0,-1.5748,False,False,dryrun,high,computed
2026-07-06T22:01:55Z,26JUL07SUICOL,team_total,team_total|switzerland|0.5,0.5,over,polymarket,0.64,under,kalshi,0.35,0.99,1.0101,-0.5964,False,False,dryrun,high,computed
2026-07-06T22:01:55Z,26JUL06USABEL,1h_total,1h_total|1.5,1.5,over,polymarket,0.34,under,kalshi,0.66,1.0,0.0,-1.5748,False,False,dryrun,high,computed
2026-07-06T22:02:15Z,26JUL07SUICOL,team_total,team_total|switzerland|0.5,0.5,over,polymarket,0.64,under,kalshi,0.35,0.99,1.0101,-0.5964,False,False,dryrun,high,computed
2026-07-06T22:02:15Z,26JUL06USABEL,1h_total,1h_total|1.5,1.5,over,polymarket,0.34,under,kalshi,0.66,1.0,0.0,-1.5748,False,False,dryrun,high,computed
2026-07-06T22:02:35Z,26JUL07SUICOL,team_total,team_total|switzerland|0.5,0.5,over,polymarket,0.64,under,kalshi,0.35,0.99,1.0101,-0.5964,False,False,dryrun,high,computed
2026-07-06T22:02:35Z,26JUL06USABEL,1h_total,1h_total|1.5,1.5,over,polymarket,0.34,under,kalshi,0.66,1.0,0.0,-1.5748,False,False,dryrun,high,computed
2026-07-06T22:02:55Z,26JUL07SUICOL,team_total,team_total|switzerland|0.5,0.5,over,polymarket,0.64,under,kalshi,0.35,0.99,1.0101,-0.5964,False,False,dryrun,high,computed
2026-07-06T22:02:55Z,26JUL06USABEL,1h_total,1h_total|1.5,1.5,over,polymarket,0.34,under,kalshi,0.66,1.0,0.0,-1.5748,False,False,dryrun,high,computed
2026-07-06T22:03:15Z,26JUL07SUICOL,team_total,team_total|switzerland|0.5,0.5,over,polymarket,0.64,under,kalshi,0.35,0.99,1.0101,-0.5964,False,False,dryrun,high,computed
2026-07-06T22:03:15Z,26JUL06USABEL,1h_total,1h_total|1.5,1.5,over,polymarket,0.34,under,kalshi,0.66,1.0,0.0,-1.5748,False,False,dryrun,high,computed
2026-07-06T22:03:35Z,26JUL07SUICOL,team_total,team_total|switzerland|0.5,0.5,over,polymarket,0.64,under,kalshi,0.35,0.99,1.0101,-0.5964,False,False,dryrun,high,computed
2026-07-06T22:03:35Z,26JUL06USABEL,1h_total,1h_total|1.5,1.5,over,polymarket,0.34,under,kalshi,0.66,1.0,0.0,-1.5748,False,False,dryrun,high,computed
2026-07-06T22:03:55Z,26JUL07SUICOL,team_total,team_total|switzerland|0.5,0.5,over,polymarket,0.64,under,kalshi,0.35,0.99,1.0101,-0.5964,False,False,dryrun,high,computed
2026-07-06T22:03:55Z,26JUL06USABEL,1h_total,1h_total|1.5,1.5,over,polymarket,0.34,under,kalshi,0.66,1.0,0.0,-1.5748,False,False,dryrun,high,computed
2026-07-06T22:04:15Z,26JUL07SUICOL,team_total,team_total|switzerland|0.5,0.5,over,polymarket,0.64,under,kalshi,0.35,0.99,1.0101,-0.5964,False,False,dryrun,high,computed
2026-07-06T22:04:15Z,26JUL06USABEL,1h_total,1h_total|1.5,1.5,over,polymarket,0.34,under,kalshi,0.66,1.0,0.0,-1.5748,False,False,dryrun,high,computed
2026-07-06T22:04:35Z,26JUL07SUICOL,team_total,team_total|switzerland|0.5,0.5,over,polymarket,0.64,under,kalshi,0.35,0.99,1.0101,-0.5964,False,False,dryrun,high,computed
2026-07-06T22:04:35Z,26JUL06USABEL,1h_total,1h_total|1.5,1.5,over,polymarket,0.34,under,kalshi,0.66,1.0,0.0,-1.5748,False,False,dryrun,high,computed
2026-07-06T22:04:55Z,26JUL07SUICOL,team_total,team_total|switzerland|0.5,0.5,over,polymarket,0.64,under,kalshi,0.35,0.99,1.0101,-0.5964,False,False,dryrun,high,computed
2026-07-06T22:04:55Z,26JUL06USABEL,1h_total,1h_total|1.5,1.5,over,polymarket,0.34,under,kalshi,0.66,1.0,0.0,-1.5748,False,False,dryrun,high,computed
2026-07-06T22:05:15Z,26JUL07SUICOL,team_total,team_total|switzerland|0.5,0.5,over,polymarket,0.64,under,kalshi,0.35,0.99,1.0101,-0.5964,False,False,dryrun,high,computed
2026-07-06T22:05:15Z,26JUL06USABEL,1h_total,1h_total|1.5,1.5,over,polymarket,0.34,under,kalshi,0.66,1.0,0.0,-1.5748,False,False,dryrun,high,computed
2026-07-06T22:05:35Z,26JUL07SUICOL,team_total,team_total|switzerland|0.5,0.5,over,polymarket,0.64,under,kalshi,0.35,0.99,1.0101,-0.5964,False,False,dryrun,high,computed
2026-07-06T22:05:35Z,26JUL06USABEL,1h_total,1h_total|1.5,1.5,over,polymarket,0.34,under,kalshi,0.66,1.0,0.0,-1.5748,False,False,dryrun,high,computed
2026-07-06T22:05:55Z,26JUL07SUICOL,team_total,team_total|switzerland|0.5,0.5,over,polymarket,0.64,under,kalshi,0.35,0.99,1.0101,-0.5964,False,False,dryrun,high,computed
2026-07-06T22:05:55Z,26JUL06USABEL,1h_total,1h_total|1.5,1.5,over,polymarket,0.34,under,kalshi,0.66,1.0,0.0,-1.5748,False,False,dryrun,high,computed
2026-07-06T22:06:15Z,26JUL07SUICOL,team_total,team_total|switzerland|0.5,0.5,over,polymarket,0.64,under,kalshi,0.35,0.99,1.0101,-0.5964,False,False,dryrun,high,computed
2026-07-06T22:06:15Z,26JUL06USABEL,1h_total,1h_total|1.5,1.5,over,polymarket,0.34,under,kalshi,0.66,1.0,0.0,-1.5748,False,False,dryrun,high,computed
2026-07-06T22:06:35Z,26JUL07SUICOL,team_total,team_total|switzerland|0.5,0.5,over,polymarket,0.64,under,kalshi,0.35,0.99,1.0101,-0.5964,False,False,dryrun,high,computed
2026-07-06T22:06:35Z,26JUL06USABEL,1h_total,1h_total|1.5,1.5,over,polymarket,0.34,under,kalshi,0.66,1.0,0.0,-1.5748,False,False,dryrun,high,computed
2026-07-06T22:06:55Z,26JUL07SUICOL,team_total,team_total|switzerland|0.5,0.5,over,polymarket,0.64,under,kalshi,0.35,0.99,1.0101,-0.5964,False,False,dryrun,high,computed
2026-07-06T22:06:55Z,26JUL06USABEL,1h_total,1h_total|1.5,1.5,over,polymarket,0.34,under,kalshi,0.66,1.0,0.0,-1.5748,False,False,dryrun,high,computed
2026-07-06T22:07:15Z,26JUL07SUICOL,team_total,team_total|switzerland|0.5,0.5,over,polymarket,0.64,under,kalshi,0.35,0.99,1.0101,-0.5964,False,False,dryrun,high,computed
2026-07-06T22:07:15Z,26JUL06USABEL,1h_total,1h_total|1.5,1.5,over,polymarket,0.34,under,kalshi,0.66,1.0,0.0,-1.5748,False,False,dryrun,high,computed
2026-07-06T22:07:35Z,26JUL07SUICOL,team_total,team_total|switzerland|0.5,0.5,over,polymarket,0.64,under,kalshi,0.35,0.99,1.0101,-0.5964,False,False,dryrun,high,computed
2026-07-06T22:07:35Z,26JUL06USABEL,1h_total,1h_total|1.5,1.5,over,polymarket,0.34,under,kalshi,0.66,1.0,0.0,-1.5748,False,False,dryrun,high,computed
2026-07-06T22:07:55Z,26JUL07SUICOL,team_total,team_total|switzerland|0.5,0.5,over,polymarket,0.64,under,kalshi,0.35,0.99,1.0101,-0.5964,False,False,dryrun,high,computed
2026-07-06T22:07:55Z,26JUL06USABEL,1h_total,1h_total|1.5,1.5,over,polymarket,0.34,under,kalshi,0.66,1.0,0.0,-1.5748,False,False,dryrun,high,computed
2026-07-06T22:08:15Z,26JUL07SUICOL,team_total,team_total|switzerland|0.5,0.5,over,polymarket,0.64,under,kalshi,0.35,0.99,1.0101,-0.5964,False,False,dryrun,high,computed
2026-07-06T22:08:15Z,26JUL06USABEL,1h_total,1h_total|1.5,1.5,over,polymarket,0.34,under,kalshi,0.66,1.0,0.0,-1.5748,False,False,dryrun,high,computed
2026-07-06T22:08:35Z,26JUL07SUICOL,team_total,team_total|switzerland|0.5,0.5,over,polymarket,0.64,under,kalshi,0.35,0.99,1.0101,-0.5964,False,False,dryrun,high,computed
2026-07-06T22:08:35Z,26JUL06USABEL,1h_total,1h_total|1.5,1.5,over,polymarket,0.34,under,kalshi,0.66,1.0,0.0,-1.5748,False,False,dryrun,high,computed
2026-07-06T22:08:55Z,26JUL07SUICOL,team_total,team_total|switzerland|0.5,0.5,over,polymarket,0.64,under,kalshi,0.35,0.99,1.0101,-0.5964,False,False,dryrun,high,computed
2026-07-06T22:08:55Z,26JUL06USABEL,1h_total,1h_total|1.5,1.5,over,polymarket,0.34,under,kalshi,0.66,1.0,0.0,-1.5748,False,False,dryrun,high,computed
2026-07-06T22:09:15Z,26JUL07SUICOL,team_total,team_total|switzerland|0.5,0.5,over,polymarket,0.64,under,kalshi,0.35,0.99,1.0101,-0.5964,False,False,dryrun,high,computed
2026-07-06T22:09:15Z,26JUL06USABEL,1h_total,1h_total|1.5,1.5,over,polymarket,0.34,under,kalshi,0.66,1.0,0.0,-1.5748,False,False,dryrun,high,computed
2026-07-06T22:09:35Z,26JUL07SUICOL,team_total,team_total|switzerland|0.5,0.5,over,polymarket,0.64,under,kalshi,0.35,0.99,1.0101,-0.5964,False,False,dryrun,high,computed
2026-07-06T22:09:35Z,26JUL06USABEL,1h_total,1h_total|1.5,1.5,over,polymarket,0.34,under,kalshi,0.66,1.0,0.0,-1.5748,False,False,dryrun,high,computed
2026-07-06T22:09:55Z,26JUL07SUICOL,team_total,team_total|switzerland|0.5,0.5,over,polymarket,0.64,under,kalshi,0.35,0.99,1.0101,-0.5964,False,False,dryrun,high,computed
2026-07-06T22:09:55Z,26JUL06USABEL,1h_total,1h_total|1.5,1.5,over,polymarket,0.34,under,kalshi,0.66,1.0,0.0,-1.5748,False,False,dryrun,high,computed
2026-07-06T22:10:15Z,26JUL07SUICOL,team_total,team_total|switzerland|0.5,0.5,over,polymarket,0.64,under,kalshi,0.35,0.99,1.0101,-0.5964,False,False,dryrun,high,computed
2026-07-06T22:10:15Z,26JUL06USABEL,1h_total,1h_total|1.5,1.5,over,polymarket,0.34,under,kalshi,0.66,1.0,0.0,-1.5748,False,False,dryrun,high,computed
2026-07-06T22:10:35Z,26JUL07SUICOL,team_total,team_total|switzerland|0.5,0.5,over,polymarket,0.64,under,kalshi,0.35,0.99,1.0101,-0.5964,False,False,dryrun,high,computed
2026-07-06T22:10:35Z,26JUL06USABEL,1h_total,1h_total|1.5,1.5,over,polymarket,0.34,under,kalshi,0.66,1.0,0.0,-1.5748,False,False,dryrun,high,computed
2026-07-06T22:10:55Z,26JUL07SUICOL,team_total,team_total|switzerland|0.5,0.5,over,polymarket,0.64,under,kalshi,0.35,0.99,1.0101,-0.5964,False,False,dryrun,high,computed
2026-07-06T22:10:55Z,26JUL06USABEL,1h_total,1h_total|1.5,1.5,over,polymarket,0.34,under,kalshi,0.66,1.0,0.0,-1.5748,False,False,dryrun,high,computed
2026-07-06T22:11:15Z,26JUL07SUICOL,team_total,team_total|switzerland|0.5,0.5,over,polymarket,0.64,under,kalshi,0.35,0.99,1.0101,-0.5964,False,False,dryrun,high,computed
2026-07-06T22:11:15Z,26JUL06USABEL,1h_total,1h_total|1.5,1.5,over,polymarket,0.34,under,kalshi,0.66,1.0,0.0,-1.5748,False,False,dryrun,high,computed
2026-07-06T22:11:35Z,26JUL07SUICOL,team_total,team_total|switzerland|0.5,0.5,over,polymarket,0.64,under,kalshi,0.35,0.99,1.0101,-0.5964,False,False,dryrun,high,computed
2026-07-06T22:11:35Z,26JUL06USABEL,1h_total,1h_total|1.5,1.5,over,polymarket,0.34,under,kalshi,0.66,1.0,0.0,-1.5748,False,False,dryrun,high,computed
2026-07-06T22:11:55Z,26JUL07SUICOL,team_total,team_total|switzerland|0.5,0.5,over,polymarket,0.64,under,kalshi,0.35,0.99,1.0101,-0.5964,False,False,dryrun,high,computed
2026-07-06T22:11:55Z,26JUL06USABEL,1h_total,1h_total|1.5,1.5,over,polymarket,0.34,under,kalshi,0.66,1.0,0.0,-1.5748,False,False,dryrun,high,computed
2026-07-06T22:12:15Z,26JUL07SUICOL,team_total,team_total|switzerland|0.5,0.5,over,polymarket,0.64,under,kalshi,0.35,0.99,1.0101,-0.5964,False,False,dryrun,high,computed
2026-07-06T22:12:15Z,26JUL06USABEL,1h_total,1h_total|1.5,1.5,over,polymarket,0.34,under,kalshi,0.66,1.0,0.0,-1.5748,False,False,dryrun,high,computed
2026-07-06T22:12:35Z,26JUL07SUICOL,team_total,team_total|switzerland|0.5,0.5,over,polymarket,0.64,under,kalshi,0.35,0.99,1.0101,-0.5964,False,False,dryrun,high,computed
2026-07-06T22:12:35Z,26JUL06USABEL,1h_total,1h_total|1.5,1.5,over,polymarket,0.34,under,kalshi,0.66,1.0,0.0,-1.5748,False,False,dryrun,high,computed
2026-07-06T22:12:55Z,26JUL07SUICOL,team_total,team_total|switzerland|0.5,0.5,over,polymarket,0.64,under,kalshi,0.35,0.99,1.0101,-0.5964,False,False,dryrun,high,computed
2026-07-06T22:12:55Z,26JUL06USABEL,1h_total,1h_total|1.5,1.5,over,polymarket,0.34,under,kalshi,0.66,1.0,0.0,-1.5748,False,False,dryrun,high,computed
2026-07-06T22:13:15Z,26JUL07SUICOL,team_total,team_total|switzerland|0.5,0.5,over,polymarket,0.64,under,kalshi,0.35,0.99,1.0101,-0.5964,False,False,dryrun,high,computed
2026-07-06T22:13:15Z,26JUL06USABEL,1h_total,1h_total|1.5,1.5,over,polymarket,0.34,under,kalshi,0.66,1.0,0.0,-1.5748,False,False,dryrun,high,computed
2026-07-06T22:13:35Z,26JUL07SUICOL,team_total,team_total|switzerland|0.5,0.5,over,polymarket,0.64,under,kalshi,0.35,0.99,1.0101,-0.5964,False,False,dryrun,high,computed
2026-07-06T22:13:35Z,26JUL06USABEL,1h_total,1h_total|1.5,1.5,over,polymarket,0.34,under,kalshi,0.66,1.0,0.0,-1.5748,False,False,dryrun,high,computed
2026-07-06T22:13:55Z,26JUL07SUICOL,team_total,team_total|switzerland|0.5,0.5,over,polymarket,0.64,under,kalshi,0.35,0.99,1.0101,-0.5964,False,False,dryrun,high,computed
2026-07-06T22:13:55Z,26JUL06USABEL,1h_total,1h_total|1.5,1.5,over,polymarket,0.34,under,kalshi,0.66,1.0,0.0,-1.5748,False,False,dryrun,high,computed
2026-07-06T22:14:15Z,26JUL07SUICOL,team_total,team_total|switzerland|0.5,0.5,over,polymarket,0.64,under,kalshi,0.35,0.99,1.0101,-0.5964,False,False,dryrun,high,computed
2026-07-06T22:14:15Z,26JUL06USABEL,1h_btts,1h_btts,,no,kalshi,0.77,yes,polymarket,0.22,0.99,1.0101,-0.2991,False,False,dryrun,high,computed
2026-07-06T22:14:15Z,26JUL06USABEL,1h_total,1h_total|1.5,1.5,over,polymarket,0.34,under,kalshi,0.66,1.0,0.0,-1.5748,False,False,dryrun,high,computed
2026-07-06T22:14:35Z,26JUL07SUICOL,team_total,team_total|switzerland|0.5,0.5,over,polymarket,0.64,under,kalshi,0.35,0.99,1.0101,-0.5964,False,False,dryrun,high,computed
2026-07-06T22:14:35Z,26JUL06USABEL,1h_btts,1h_btts,,no,kalshi,0.77,yes,polymarket,0.22,0.99,1.0101,-0.2991,False,False,dryrun,high,computed
2026-07-06T22:14:35Z,26JUL06USABEL,1h_total,1h_total|1.5,1.5,over,polymarket,0.34,under,kalshi,0.66,1.0,0.0,-1.5748,False,False,dryrun,high,computed
2026-07-06T22:14:55Z,26JUL07SUICOL,team_total,team_total|switzerland|0.5,0.5,over,polymarket,0.64,under,kalshi,0.35,0.99,1.0101,-0.5964,False,False,dryrun,high,computed
2026-07-06T22:14:55Z,26JUL06USABEL,1h_total,1h_total|1.5,1.5,over,polymarket,0.34,under,kalshi,0.66,1.0,0.0,-1.5748,False,False,dryrun,high,computed
2026-07-06T22:15:15Z,26JUL07SUICOL,team_total,team_total|switzerland|0.5,0.5,over,polymarket,0.64,under,kalshi,0.35,0.99,1.0101,-0.5964,False,False,dryrun,high,computed
2026-07-06T22:15:15Z,26JUL06USABEL,1h_total,1h_total|1.5,1.5,over,polymarket,0.34,under,kalshi,0.66,1.0,0.0,-1.5748,False,False,dryrun,high,computed
2026-07-06T22:15:35Z,26JUL07SUICOL,team_total,team_total|switzerland|0.5,0.5,over,polymarket,0.64,under,kalshi,0.35,0.99,1.0101,-0.5964,False,False,dryrun,high,computed
2026-07-06T22:15:35Z,26JUL06USABEL,1h_total,1h_total|1.5,1.5,over,polymarket,0.34,under,kalshi,0.66,1.0,0.0,-1.5748,False,False,dryrun,high,computed
2026-07-06T22:15:55Z,26JUL07SUICOL,team_total,team_total|switzerland|0.5,0.5,over,polymarket,0.64,under,kalshi,0.35,0.99,1.0101,-0.5964,False,False,dryrun,high,computed
2026-07-06T22:15:55Z,26JUL06USABEL,1h_total,1h_total|1.5,1.5,over,polymarket,0.34,under,kalshi,0.66,1.0,0.0,-1.5748,False,False,dryrun,high,computed
2026-07-06T22:16:15Z,26JUL07SUICOL,team_total,team_total|switzerland|0.5,0.5,over,polymarket,0.64,under,kalshi,0.35,0.99,1.0101,-0.5964,False,False,dryrun,high,computed
2026-07-06T22:16:15Z,26JUL06USABEL,1h_total,1h_total|1.5,1.5,over,polymarket,0.34,under,kalshi,0.66,1.0,0.0,-1.5748,False,False,dryrun,high,computed
2026-07-06T22:16:35Z,26JUL07SUICOL,team_total,team_total|switzerland|0.5,0.5,over,polymarket,0.64,under,kalshi,0.35,0.99,1.0101,-0.5964,False,False,dryrun,high,computed
2026-07-06T22:16:35Z,26JUL06USABEL,1h_total,1h_total|1.5,1.5,over,polymarket,0.34,under,kalshi,0.66,1.0,0.0,-1.5748,False,False,dryrun,high,computed
2026-07-06T22:16:55Z,26JUL07SUICOL,team_total,team_total|switzerland|0.5,0.5,over,polymarket,0.64,under,kalshi,0.35,0.99,1.0101,-0.5964,False,False,dryrun,high,computed
2026-07-06T22:16:55Z,26JUL06USABEL,1h_total,1h_total|1.5,1.5,over,polymarket,0.34,under,kalshi,0.66,1.0,0.0,-1.5748,False,False,dryrun,high,computed
2026-07-06T22:17:15Z,26JUL07SUICOL,team_total,team_total|switzerland|0.5,0.5,over,polymarket,0.64,under,kalshi,0.35,0.99,1.0101,-0.5964,False,False,dryrun,high,computed
2026-07-06T22:17:15Z,26JUL06USABEL,1h_total,1h_total|1.5,1.5,over,polymarket,0.34,under,kalshi,0.66,1.0,0.0,-1.5748,False,False,dryrun,high,computed
2026-07-06T22:17:35Z,26JUL07SUICOL,team_total,team_total|switzerland|0.5,0.5,over,polymarket,0.64,under,kalshi,0.35,0.99,1.0101,-0.5964,False,False,dryrun,high,computed
2026-07-06T22:17:35Z,26JUL06USABEL,1h_total,1h_total|1.5,1.5,over,polymarket,0.34,under,kalshi,0.66,1.0,0.0,-1.5748,False,False,dryrun,high,computed
2026-07-06T22:17:55Z,26JUL07SUICOL,team_total,team_total|switzerland|0.5,0.5,over,polymarket,0.64,under,kalshi,0.35,0.99,1.0101,-0.5964,False,False,dryrun,high,computed
2026-07-06T22:17:55Z,26JUL06USABEL,1h_total,1h_total|1.5,1.5,over,polymarket,0.34,under,kalshi,0.66,1.0,0.0,-1.5748,False,False,dryrun,high,computed
2026-07-06T22:18:15Z,26JUL07SUICOL,team_total,team_total|switzerland|0.5,0.5,over,polymarket,0.64,under,kalshi,0.35,0.99,1.0101,-0.5964,False,False,dryrun,high,computed
2026-07-06T22:18:15Z,26JUL06USABEL,1h_btts,1h_btts,,no,kalshi,0.77,yes,polymarket,0.22,0.99,1.0101,-0.2991,False,False,dryrun,high,computed
2026-07-06T22:18:15Z,26JUL06USABEL,1h_total,1h_total|1.5,1.5,over,polymarket,0.34,under,kalshi,0.66,1.0,0.0,-1.5748,False,False,dryrun,high,computed
2026-07-06T22:18:35Z,26JUL07SUICOL,team_total,team_total|switzerland|0.5,0.5,over,polymarket,0.64,under,kalshi,0.35,0.99,1.0101,-0.5964,False,False,dryrun,high,computed
2026-07-06T22:18:35Z,26JUL06USABEL,1h_btts,1h_btts,,no,kalshi,0.77,yes,polymarket,0.22,0.99,1.0101,-0.2991,False,False,dryrun,high,computed
2026-07-06T22:18:35Z,26JUL06USABEL,1h_total,1h_total|1.5,1.5,over,polymarket,0.34,under,kalshi,0.66,1.0,0.0,-1.5748,False,False,dryrun,high,computed
2026-07-06T22:18:55Z,26JUL07SUICOL,team_total,team_total|switzerland|0.5,0.5,over,polymarket,0.64,under,kalshi,0.35,0.99,1.0101,-0.5964,False,False,dryrun,high,computed
2026-07-06T22:18:55Z,26JUL06USABEL,1h_btts,1h_btts,,no,kalshi,0.77,yes,polymarket,0.22,0.99,1.0101,-0.2991,False,False,dryrun,high,computed
2026-07-06T22:18:55Z,26JUL06USABEL,1h_total,1h_total|1.5,1.5,over,polymarket,0.34,under,kalshi,0.66,1.0,0.0,-1.5748,False,False,dryrun,high,computed
2026-07-06T22:19:15Z,26JUL07SUICOL,team_total,team_total|switzerland|0.5,0.5,over,polymarket,0.64,under,kalshi,0.35,0.99,1.0101,-0.5964,False,False,dryrun,high,computed
2026-07-06T22:19:15Z,26JUL06USABEL,1h_btts,1h_btts,,no,kalshi,0.77,yes,polymarket,0.22,0.99,1.0101,-0.2991,False,False,dryrun,high,computed
2026-07-06T22:19:15Z,26JUL06USABEL,1h_total,1h_total|1.5,1.5,over,polymarket,0.34,under,kalshi,0.66,1.0,0.0,-1.5748,False,False,dryrun,high,computed
2026-07-06T22:19:15Z,26JUL06USABEL,1h_total,1h_total|2.5,2.5,over,kalshi,0.12,under,polymarket,0.88,1.0,0.0,-0.7937,False,False,dryrun,high,computed
2026-07-06T22:19:35Z,26JUL07SUICOL,team_total,team_total|switzerland|0.5,0.5,over,polymarket,0.64,under,kalshi,0.35,0.99,1.0101,-0.5964,False,False,dryrun,high,computed
2026-07-06T22:19:35Z,26JUL06USABEL,1h_btts,1h_btts,,no,kalshi,0.77,yes,polymarket,0.22,0.99,1.0101,-0.2991,False,False,dryrun,high,computed
2026-07-06T22:19:35Z,26JUL06USABEL,1h_total,1h_total|1.5,1.5,over,polymarket,0.34,under,kalshi,0.66,1.0,0.0,-1.5748,False,False,dryrun,high,computed
2026-07-06T22:19:35Z,26JUL06USABEL,1h_total,1h_total|2.5,2.5,over,kalshi,0.12,under,polymarket,0.88,1.0,0.0,-0.7937,False,False,dryrun,high,computed
2026-07-06T22:19:55Z,26JUL07SUICOL,team_total,team_total|switzerland|0.5,0.5,over,polymarket,0.64,under,kalshi,0.35,0.99,1.0101,-0.5964,False,False,dryrun,high,computed
2026-07-06T22:19:55Z,26JUL06USABEL,1h_btts,1h_btts,,no,kalshi,0.77,yes,polymarket,0.22,0.99,1.0101,-0.2991,False,False,dryrun,high,computed
2026-07-06T22:19:55Z,26JUL06USABEL,1h_total,1h_total|1.5,1.5,over,polymarket,0.34,under,kalshi,0.66,1.0,0.0,-1.5748,False,False,dryrun,high,computed
2026-07-06T22:19:55Z,26JUL06USABEL,1h_total,1h_total|2.5,2.5,over,kalshi,0.12,under,polymarket,0.88,1.0,0.0,-0.7937,False,False,dryrun,high,computed
2026-07-06T22:20:15Z,26JUL07SUICOL,team_total,team_total|switzerland|0.5,0.5,over,polymarket,0.64,under,kalshi,0.35,0.99,1.0101,-0.5964,False,False,dryrun,high,computed
2026-07-06T22:20:15Z,26JUL06USABEL,1h_btts,1h_btts,,no,kalshi,0.77,yes,polymarket,0.22,0.99,1.0101,-0.2991,False,False,dryrun,high,computed
2026-07-06T22:20:15Z,26JUL06USABEL,1h_total,1h_total|1.5,1.5,over,polymarket,0.34,under,kalshi,0.66,1.0,0.0,-1.5748,False,False,dryrun,high,computed
2026-07-06T22:20:15Z,26JUL06USABEL,1h_total,1h_total|2.5,2.5,over,kalshi,0.12,under,polymarket,0.88,1.0,0.0,-1.7682,False,False,dryrun,high,computed
2026-07-06T22:20:35Z,26JUL07SUICOL,team_total,team_total|switzerland|0.5,0.5,over,polymarket,0.64,under,kalshi,0.35,0.99,1.0101,-0.5964,False,False,dryrun,high,computed
2026-07-06T22:20:35Z,26JUL06USABEL,1h_btts,1h_btts,,no,kalshi,0.77,yes,polymarket,0.22,0.99,1.0101,-0.2991,False,False,dryrun,high,computed
2026-07-06T22:20:35Z,26JUL06USABEL,1h_total,1h_total|1.5,1.5,over,polymarket,0.34,under,kalshi,0.66,1.0,0.0,-1.5748,False,False,dryrun,high,computed
2026-07-06T22:20:55Z,26JUL07SUICOL,team_total,team_total|switzerland|0.5,0.5,over,polymarket,0.64,under,kalshi,0.35,0.99,1.0101,-0.5964,False,False,dryrun,high,computed
2026-07-06T22:20:55Z,26JUL06USABEL,1h_btts,1h_btts,,no,kalshi,0.77,yes,polymarket,0.22,0.99,1.0101,-0.2991,False,False,dryrun,high,computed
2026-07-06T22:20:55Z,26JUL06USABEL,1h_total,1h_total|1.5,1.5,over,polymarket,0.34,under,kalshi,0.66,1.0,0.0,-1.5748,False,False,dryrun,high,computed
2026-07-06T22:21:15Z,26JUL07SUICOL,team_total,team_total|switzerland|0.5,0.5,over,polymarket,0.64,under,kalshi,0.35,0.99,1.0101,-0.5964,False,False,dryrun,high,computed
2026-07-06T22:21:15Z,26JUL06USABEL,1h_btts,1h_btts,,no,kalshi,0.77,yes,polymarket,0.22,0.99,1.0101,-0.2991,False,False,dryrun,high,computed
2026-07-06T22:21:15Z,26JUL06USABEL,1h_total,1h_total|1.5,1.5,over,polymarket,0.34,under,kalshi,0.66,1.0,0.0,-1.5748,False,False,dryrun,high,computed
2026-07-06T22:21:35Z,26JUL07SUICOL,team_total,team_total|switzerland|0.5,0.5,over,polymarket,0.64,under,kalshi,0.35,0.99,1.0101,-0.5964,False,False,dryrun,high,computed
2026-07-06T22:21:35Z,26JUL06USABEL,1h_btts,1h_btts,,no,kalshi,0.77,yes,polymarket,0.22,0.99,1.0101,-0.2991,False,False,dryrun,high,computed
2026-07-06T22:21:35Z,26JUL06USABEL,1h_total,1h_total|1.5,1.5,over,polymarket,0.34,under,kalshi,0.66,1.0,0.0,-1.5748,False,False,dryrun,high,computed
2026-07-06T22:21:55Z,26JUL07SUICOL,team_total,team_total|switzerland|0.5,0.5,over,polymarket,0.64,under,kalshi,0.35,0.99,1.0101,-0.5964,False,False,dryrun,high,computed
2026-07-06T22:21:55Z,26JUL06USABEL,1h_btts,1h_btts,,no,kalshi,0.77,yes,polymarket,0.22,0.99,1.0101,-0.2991,False,False,dryrun,high,computed
2026-07-06T22:21:55Z,26JUL06USABEL,1h_total,1h_total|1.5,1.5,over,polymarket,0.34,under,kalshi,0.66,1.0,0.0,-1.5748,False,False,dryrun,high,computed
2026-07-06T22:22:15Z,26JUL07SUICOL,team_total,team_total|switzerland|0.5,0.5,over,polymarket,0.64,under,kalshi,0.35,0.99,1.0101,-0.5964,False,False,dryrun,high,computed
2026-07-06T22:22:15Z,26JUL06USABEL,1h_btts,1h_btts,,no,kalshi,0.77,yes,polymarket,0.22,0.99,1.0101,-0.2991,False,False,dryrun,high,computed
2026-07-06T22:22:15Z,26JUL06USABEL,1h_total,1h_total|1.5,1.5,over,polymarket,0.34,under,kalshi,0.66,1.0,0.0,-1.5748,False,False,dryrun,high,computed
2026-07-06T22:22:35Z,26JUL07SUICOL,team_total,team_total|switzerland|0.5,0.5,over,polymarket,0.64,under,kalshi,0.35,0.99,1.0101,-0.5964,False,False,dryrun,high,computed
2026-07-06T22:22:35Z,26JUL06USABEL,1h_btts,1h_btts,,no,kalshi,0.77,yes,polymarket,0.22,0.99,1.0101,-0.2991,False,False,dryrun,high,computed
2026-07-06T22:22:35Z,26JUL06USABEL,1h_total,1h_total|1.5,1.5,over,polymarket,0.34,under,kalshi,0.66,1.0,0.0,-1.5748,False,False,dryrun,high,computed
2026-07-06T22:22:55Z,26JUL07SUICOL,team_total,team_total|switzerland|0.5,0.5,over,polymarket,0.64,under,kalshi,0.35,0.99,1.0101,-0.5964,False,False,dryrun,high,computed
2026-07-06T22:22:55Z,26JUL06USABEL,1h_btts,1h_btts,,no,kalshi,0.77,yes,polymarket,0.22,0.99,1.0101,-0.2991,False,False,dryrun,high,computed
2026-07-06T22:22:55Z,26JUL06USABEL,1h_total,1h_total|1.5,1.5,over,polymarket,0.34,under,kalshi,0.66,1.0,0.0,-1.5748,False,False,dryrun,high,computed
2026-07-06T22:23:15Z,26JUL07SUICOL,team_total,team_total|switzerland|0.5,0.5,over,polymarket,0.64,under,kalshi,0.35,0.99,1.0101,-0.5964,False,False,dryrun,high,computed
2026-07-06T22:23:15Z,26JUL06USABEL,1h_btts,1h_btts,,no,kalshi,0.77,yes,polymarket,0.22,0.99,1.0101,-0.2991,False,False,dryrun,high,computed
2026-07-06T22:23:15Z,26JUL06USABEL,1h_total,1h_total|1.5,1.5,over,polymarket,0.34,under,kalshi,0.66,1.0,0.0,-1.5748,False,False,dryrun,high,computed
2026-07-06T22:23:35Z,26JUL07SUICOL,team_total,team_total|switzerland|0.5,0.5,over,polymarket,0.64,under,kalshi,0.35,0.99,1.0101,-0.5964,False,False,dryrun,high,computed
2026-07-06T22:23:35Z,26JUL06USABEL,1h_btts,1h_btts,,no,kalshi,0.77,yes,polymarket,0.22,0.99,1.0101,-0.2991,False,False,dryrun,high,computed
2026-07-06T22:23:35Z,26JUL06USABEL,1h_total,1h_total|1.5,1.5,over,polymarket,0.34,under,kalshi,0.66,1.0,0.0,-1.5748,False,False,dryrun,high,computed
2026-07-06T22:23:55Z,26JUL07SUICOL,team_total,team_total|switzerland|0.5,0.5,over,polymarket,0.64,under,kalshi,0.35,0.99,1.0101,-0.5964,False,False,dryrun,high,computed
2026-07-06T22:23:55Z,26JUL06USABEL,1h_btts,1h_btts,,no,kalshi,0.77,yes,polymarket,0.22,0.99,1.0101,-0.2991,False,False,dryrun,high,computed
2026-07-06T22:23:55Z,26JUL06USABEL,1h_total,1h_total|1.5,1.5,over,polymarket,0.34,under,kalshi,0.66,1.0,0.0,-1.5748,False,False,dryrun,high,computed
2026-07-06T22:24:15Z,26JUL07SUICOL,team_total,team_total|switzerland|0.5,0.5,over,polymarket,0.64,under,kalshi,0.35,0.99,1.0101,-0.5964,False,False,dryrun,high,computed
2026-07-06T22:24:15Z,26JUL06USABEL,1h_btts,1h_btts,,no,kalshi,0.77,yes,polymarket,0.22,0.99,1.0101,-0.2991,False,False,dryrun,high,computed
2026-07-06T22:24:15Z,26JUL06USABEL,1h_total,1h_total|1.5,1.5,over,polymarket,0.34,under,kalshi,0.66,1.0,0.0,-1.5748,False,False,dryrun,high,computed
2026-07-06T22:24:35Z,26JUL07SUICOL,team_total,team_total|switzerland|0.5,0.5,over,polymarket,0.64,under,kalshi,0.35,0.99,1.0101,-0.5964,False,False,dryrun,high,computed
2026-07-06T22:24:35Z,26JUL06USABEL,1h_btts,1h_btts,,no,kalshi,0.77,yes,polymarket,0.22,0.99,1.0101,-0.2991,False,False,dryrun,high,computed
2026-07-06T22:24:35Z,26JUL06USABEL,1h_total,1h_total|1.5,1.5,over,polymarket,0.34,under,kalshi,0.66,1.0,0.0,-1.5748,False,False,dryrun,high,computed
2026-07-06T22:24:55Z,26JUL07SUICOL,team_total,team_total|switzerland|0.5,0.5,over,polymarket,0.64,under,kalshi,0.35,0.99,1.0101,-0.5964,False,False,dryrun,high,computed
2026-07-06T22:24:55Z,26JUL06USABEL,1h_btts,1h_btts,,no,kalshi,0.77,yes,polymarket,0.22,0.99,1.0101,-0.2991,False,False,dryrun,high,computed
2026-07-06T22:24:55Z,26JUL06USABEL,1h_total,1h_total|1.5,1.5,over,polymarket,0.34,under,kalshi,0.66,1.0,0.0,-1.5748,False,False,dryrun,high,computed
2026-07-06T22:25:15Z,26JUL07SUICOL,team_total,team_total|switzerland|0.5,0.5,over,polymarket,0.64,under,kalshi,0.35,0.99,1.0101,-0.5964,False,False,dryrun,high,computed
2026-07-06T22:25:15Z,26JUL06USABEL,1h_btts,1h_btts,,no,kalshi,0.77,yes,polymarket,0.22,0.99,1.0101,-0.2991,False,False,dryrun,high,computed
2026-07-06T22:25:15Z,26JUL06USABEL,1h_total,1h_total|1.5,1.5,over,polymarket,0.34,under,kalshi,0.66,1.0,0.0,-1.5748,False,False,dryrun,high,computed
2026-07-06T22:25:35Z,26JUL07SUICOL,team_total,team_total|switzerland|0.5,0.5,over,polymarket,0.64,under,kalshi,0.35,0.99,1.0101,-0.5964,False,False,dryrun,high,computed
2026-07-06T22:25:35Z,26JUL06USABEL,1h_btts,1h_btts,,no,kalshi,0.77,yes,polymarket,0.22,0.99,1.0101,-0.2991,False,False,dryrun,high,computed
2026-07-06T22:25:35Z,26JUL06USABEL,1h_total,1h_total|1.5,1.5,over,polymarket,0.34,under,kalshi,0.66,1.0,0.0,-1.5748,False,False,dryrun,high,computed
2026-07-06T22:25:55Z,26JUL07SUICOL,team_total,team_total|switzerland|0.5,0.5,over,polymarket,0.64,under,kalshi,0.35,0.99,1.0101,-0.5964,False,False,dryrun,high,computed
2026-07-06T22:25:55Z,26JUL06USABEL,1h_btts,1h_btts,,no,kalshi,0.77,yes,polymarket,0.22,0.99,1.0101,-0.2991,False,False,dryrun,high,computed
2026-07-06T22:25:55Z,26JUL06USABEL,1h_total,1h_total|1.5,1.5,over,polymarket,0.34,under,kalshi,0.66,1.0,0.0,-1.5748,False,False,dryrun,high,computed
2026-07-06T22:26:15Z,26JUL07SUICOL,team_total,team_total|switzerland|0.5,0.5,over,polymarket,0.64,under,kalshi,0.35,0.99,1.0101,-0.5964,False,False,dryrun,high,computed
2026-07-06T22:26:15Z,26JUL06USABEL,1h_btts,1h_btts,,no,kalshi,0.77,yes,polymarket,0.22,0.99,1.0101,-0.2991,False,False,dryrun,high,computed
2026-07-06T22:26:15Z,26JUL06USABEL,1h_total,1h_total|1.5,1.5,over,polymarket,0.34,under,kalshi,0.66,1.0,0.0,-1.5748,False,False,dryrun,high,computed
2026-07-06T22:26:35Z,26JUL07SUICOL,team_total,team_total|switzerland|0.5,0.5,over,polymarket,0.64,under,kalshi,0.35,0.99,1.0101,-0.5964,False,False,dryrun,high,computed
2026-07-06T22:26:35Z,26JUL06USABEL,1h_btts,1h_btts,,no,kalshi,0.77,yes,polymarket,0.22,0.99,1.0101,-0.2991,False,False,dryrun,high,computed
2026-07-06T22:26:35Z,26JUL06USABEL,1h_total,1h_total|1.5,1.5,over,polymarket,0.34,under,kalshi,0.66,1.0,0.0,-1.5748,False,False,dryrun,high,computed
2026-07-06T22:26:55Z,26JUL07SUICOL,team_total,team_total|switzerland|0.5,0.5,over,polymarket,0.64,under,kalshi,0.35,0.99,1.0101,-0.5964,False,False,dryrun,high,computed
2026-07-06T22:26:55Z,26JUL06USABEL,1h_btts,1h_btts,,no,kalshi,0.77,yes,polymarket,0.22,0.99,1.0101,-0.2991,False,False,dryrun,high,computed
2026-07-06T22:26:55Z,26JUL06USABEL,1h_total,1h_total|1.5,1.5,over,polymarket,0.34,under,kalshi,0.66,1.0,0.0,-1.5748,False,False,dryrun,high,computed
2026-07-06T22:27:15Z,26JUL07SUICOL,team_total,team_total|switzerland|0.5,0.5,over,polymarket,0.64,under,kalshi,0.35,0.99,1.0101,-0.5964,False,False,dryrun,high,computed
2026-07-06T22:27:15Z,26JUL06USABEL,1h_btts,1h_btts,,no,kalshi,0.77,yes,polymarket,0.22,0.99,1.0101,-0.2991,False,False,dryrun,high,computed
2026-07-06T22:27:15Z,26JUL06USABEL,1h_total,1h_total|1.5,1.5,over,polymarket,0.34,under,kalshi,0.66,1.0,0.0,-1.5748,False,False,dryrun,high,computed
2026-07-06T22:27:35Z,26JUL07SUICOL,team_total,team_total|switzerland|0.5,0.5,over,polymarket,0.64,under,kalshi,0.35,0.99,1.0101,-0.5964,False,False,dryrun,high,computed
2026-07-06T22:27:35Z,26JUL06USABEL,1h_btts,1h_btts,,no,kalshi,0.77,yes,polymarket,0.22,0.99,1.0101,-0.2991,False,False,dryrun,high,computed
2026-07-06T22:27:35Z,26JUL06USABEL,1h_total,1h_total|1.5,1.5,over,polymarket,0.34,under,kalshi,0.66,1.0,0.0,-1.5748,False,False,dryrun,high,computed
2026-07-06T22:27:55Z,26JUL07SUICOL,team_total,team_total|switzerland|0.5,0.5,over,polymarket,0.64,under,kalshi,0.35,0.99,1.0101,-0.5964,False,False,dryrun,high,computed
2026-07-06T22:27:55Z,26JUL06USABEL,1h_btts,1h_btts,,no,kalshi,0.77,yes,polymarket,0.22,0.99,1.0101,-0.2991,False,False,dryrun,high,computed
2026-07-06T22:27:55Z,26JUL06USABEL,1h_total,1h_total|1.5,1.5,over,polymarket,0.34,under,kalshi,0.66,1.0,0.0,-1.5748,False,False,dryrun,high,computed
2026-07-06T22:28:15Z,26JUL07SUICOL,team_total,team_total|switzerland|0.5,0.5,over,polymarket,0.64,under,kalshi,0.35,0.99,1.0101,-0.5964,False,False,dryrun,high,computed
2026-07-06T22:28:15Z,26JUL06USABEL,1h_btts,1h_btts,,no,kalshi,0.77,yes,polymarket,0.22,0.99,1.0101,-0.2991,False,False,dryrun,high,computed
2026-07-06T22:28:15Z,26JUL06USABEL,1h_total,1h_total|1.5,1.5,over,polymarket,0.34,under,kalshi,0.66,1.0,0.0,-1.5748,False,False,dryrun,high,computed
2026-07-06T22:28:35Z,26JUL07SUICOL,team_total,team_total|switzerland|0.5,0.5,over,polymarket,0.64,under,kalshi,0.35,0.99,1.0101,-0.5964,False,False,dryrun,high,computed
2026-07-06T22:28:35Z,26JUL06USABEL,1h_btts,1h_btts,,no,kalshi,0.77,yes,polymarket,0.22,0.99,1.0101,-0.2991,False,False,dryrun,high,computed
2026-07-06T22:28:35Z,26JUL06USABEL,1h_total,1h_total|1.5,1.5,over,polymarket,0.34,under,kalshi,0.66,1.0,0.0,-1.5748,False,False,dryrun,high,computed
2026-07-06T22:28:55Z,26JUL07SUICOL,team_total,team_total|switzerland|0.5,0.5,over,polymarket,0.64,under,kalshi,0.35,0.99,1.0101,-0.5964,False,False,dryrun,high,computed
2026-07-06T22:28:55Z,26JUL06USABEL,1h_btts,1h_btts,,no,kalshi,0.77,yes,polymarket,0.22,0.99,1.0101,-0.2991,False,False,dryrun,high,computed
2026-07-06T22:28:55Z,26JUL06USABEL,1h_total,1h_total|1.5,1.5,over,polymarket,0.34,under,kalshi,0.66,1.0,0.0,-1.5748,False,False,dryrun,high,computed
2026-07-06T22:29:15Z,26JUL07SUICOL,team_total,team_total|switzerland|0.5,0.5,over,polymarket,0.64,under,kalshi,0.35,0.99,1.0101,-0.5964,False,False,dryrun,high,computed
2026-07-06T22:29:15Z,26JUL06USABEL,1h_btts,1h_btts,,no,kalshi,0.77,yes,polymarket,0.22,0.99,1.0101,-0.2991,False,False,dryrun,high,computed
2026-07-06T22:29:15Z,26JUL06USABEL,1h_total,1h_total|1.5,1.5,over,polymarket,0.34,under,kalshi,0.66,1.0,0.0,-1.5748,False,False,dryrun,high,computed
2026-07-06T22:29:35Z,26JUL07SUICOL,team_total,team_total|switzerland|0.5,0.5,over,polymarket,0.64,under,kalshi,0.35,0.99,1.0101,-0.5964,False,False,dryrun,high,computed
2026-07-06T22:29:35Z,26JUL06USABEL,1h_btts,1h_btts,,no,kalshi,0.77,yes,polymarket,0.22,0.99,1.0101,-0.2991,False,False,dryrun,high,computed
2026-07-06T22:29:35Z,26JUL06USABEL,1h_total,1h_total|1.5,1.5,over,polymarket,0.34,under,kalshi,0.66,1.0,0.0,-1.5748,False,False,dryrun,high,computed
2026-07-06T22:29:55Z,26JUL07SUICOL,team_total,team_total|switzerland|0.5,0.5,over,polymarket,0.64,under,kalshi,0.35,0.99,1.0101,-0.5964,False,False,dryrun,high,computed
2026-07-06T22:29:55Z,26JUL06USABEL,1h_btts,1h_btts,,no,kalshi,0.77,yes,polymarket,0.22,0.99,1.0101,-0.2991,False,False,dryrun,high,computed
2026-07-06T22:29:55Z,26JUL06USABEL,1h_total,1h_total|1.5,1.5,over,polymarket,0.34,under,kalshi,0.66,1.0,0.0,-1.5748,False,False,dryrun,high,computed
2026-07-06T22:30:15Z,26JUL07SUICOL,team_total,team_total|switzerland|0.5,0.5,over,polymarket,0.64,under,kalshi,0.35,0.99,1.0101,-0.5964,False,False,dryrun,high,computed
2026-07-06T22:30:15Z,26JUL06USABEL,1h_btts,1h_btts,,no,kalshi,0.77,yes,polymarket,0.22,0.99,1.0101,-0.2991,False,False,dryrun,high,computed
2026-07-06T22:30:15Z,26JUL06USABEL,1h_total,1h_total|1.5,1.5,over,polymarket,0.34,under,kalshi,0.66,1.0,0.0,-1.5748,False,False,dryrun,high,computed
2026-07-06T22:30:35Z,26JUL07SUICOL,team_total,team_total|switzerland|0.5,0.5,over,polymarket,0.64,under,kalshi,0.35,0.99,1.0101,-0.5964,False,False,dryrun,high,computed
2026-07-06T22:30:35Z,26JUL06USABEL,1h_btts,1h_btts,,no,kalshi,0.77,yes,polymarket,0.22,0.99,1.0101,-0.2991,False,False,dryrun,high,computed
2026-07-06T22:30:35Z,26JUL06USABEL,1h_total,1h_total|1.5,1.5,over,polymarket,0.34,under,kalshi,0.66,1.0,0.0,-1.5748,False,False,dryrun,high,computed
2026-07-06T22:30:55Z,26JUL07SUICOL,team_total,team_total|switzerland|0.5,0.5,over,polymarket,0.64,under,kalshi,0.35,0.99,1.0101,-0.5964,False,False,dryrun,high,computed
2026-07-06T22:30:55Z,26JUL06USABEL,1h_btts,1h_btts,,no,kalshi,0.77,yes,polymarket,0.22,0.99,1.0101,-0.2991,False,False,dryrun,high,computed
2026-07-06T22:30:55Z,26JUL06USABEL,1h_total,1h_total|1.5,1.5,over,polymarket,0.34,under,kalshi,0.66,1.0,0.0,-1.5748,False,False,dryrun,high,computed
2026-07-06T22:31:15Z,26JUL07SUICOL,team_total,team_total|switzerland|0.5,0.5,over,polymarket,0.64,under,kalshi,0.35,0.99,1.0101,-0.5964,False,False,dryrun,high,computed
2026-07-06T22:31:15Z,26JUL06USABEL,1h_btts,1h_btts,,no,kalshi,0.77,yes,polymarket,0.22,0.99,1.0101,-0.2991,False,False,dryrun,high,computed
2026-07-06T22:31:15Z,26JUL06USABEL,1h_total,1h_total|1.5,1.5,over,polymarket,0.34,under,kalshi,0.66,1.0,0.0,-1.5748,False,False,dryrun,high,computed
2026-07-06T22:31:35Z,26JUL07SUICOL,team_total,team_total|switzerland|0.5,0.5,over,polymarket,0.64,under,kalshi,0.35,0.99,1.0101,-0.5964,False,False,dryrun,high,computed
2026-07-06T22:31:35Z,26JUL06USABEL,1h_btts,1h_btts,,no,kalshi,0.77,yes,polymarket,0.22,0.99,1.0101,-0.2991,False,False,dryrun,high,computed
2026-07-06T22:31:35Z,26JUL06USABEL,1h_total,1h_total|1.5,1.5,over,polymarket,0.34,under,kalshi,0.66,1.0,0.0,-1.5748,False,False,dryrun,high,computed
2026-07-06T22:31:55Z,26JUL07SUICOL,team_total,team_total|switzerland|0.5,0.5,over,polymarket,0.64,under,kalshi,0.35,0.99,1.0101,-0.5964,False,False,dryrun,high,computed
2026-07-06T22:31:55Z,26JUL06USABEL,1h_btts,1h_btts,,no,kalshi,0.77,yes,polymarket,0.22,0.99,1.0101,-0.2991,False,False,dryrun,high,computed
2026-07-06T22:31:55Z,26JUL06USABEL,1h_total,1h_total|1.5,1.5,over,polymarket,0.34,under,kalshi,0.66,1.0,0.0,-1.5748,False,False,dryrun,high,computed
2026-07-06T22:32:15Z,26JUL07SUICOL,team_total,team_total|switzerland|0.5,0.5,over,polymarket,0.64,under,kalshi,0.35,0.99,1.0101,-0.5964,False,False,dryrun,high,computed
2026-07-06T22:32:15Z,26JUL06USABEL,1h_btts,1h_btts,,no,kalshi,0.77,yes,polymarket,0.22,0.99,1.0101,-0.2991,False,False,dryrun,high,computed
2026-07-06T22:32:15Z,26JUL06USABEL,1h_total,1h_total|1.5,1.5,over,polymarket,0.34,under,kalshi,0.66,1.0,0.0,-1.5748,False,False,dryrun,high,computed
2026-07-06T22:32:35Z,26JUL07SUICOL,team_total,team_total|switzerland|0.5,0.5,over,polymarket,0.64,under,kalshi,0.35,0.99,1.0101,-0.5964,False,False,dryrun,high,computed
2026-07-06T22:32:35Z,26JUL06USABEL,1h_btts,1h_btts,,no,kalshi,0.77,yes,polymarket,0.22,0.99,1.0101,-0.2991,False,False,dryrun,high,computed
2026-07-06T22:32:35Z,26JUL06USABEL,1h_total,1h_total|1.5,1.5,over,polymarket,0.34,under,kalshi,0.66,1.0,0.0,-1.5748,False,False,dryrun,high,computed
2026-07-06T22:32:55Z,26JUL07SUICOL,team_total,team_total|switzerland|0.5,0.5,over,polymarket,0.64,under,kalshi,0.35,0.99,1.0101,-0.5964,False,False,dryrun,high,computed
2026-07-06T22:32:55Z,26JUL06USABEL,1h_btts,1h_btts,,no,kalshi,0.77,yes,polymarket,0.22,0.99,1.0101,-0.2991,False,False,dryrun,high,computed
2026-07-06T22:32:55Z,26JUL06USABEL,1h_total,1h_total|1.5,1.5,over,polymarket,0.34,under,kalshi,0.66,1.0,0.0,-1.5748,False,False,dryrun,high,computed
2026-07-06T22:33:15Z,26JUL07SUICOL,team_total,team_total|switzerland|0.5,0.5,over,polymarket,0.64,under,kalshi,0.35,0.99,1.0101,-0.5964,False,False,dryrun,high,computed
2026-07-06T22:33:15Z,26JUL06USABEL,1h_btts,1h_btts,,no,kalshi,0.77,yes,polymarket,0.22,0.99,1.0101,-0.2991,False,False,dryrun,high,computed
2026-07-06T22:33:15Z,26JUL06USABEL,1h_total,1h_total|1.5,1.5,over,polymarket,0.34,under,kalshi,0.66,1.0,0.0,-1.5748,False,False,dryrun,high,computed
2026-07-06T22:33:35Z,26JUL07SUICOL,team_total,team_total|switzerland|0.5,0.5,over,polymarket,0.64,under,kalshi,0.35,0.99,1.0101,-0.5964,False,False,dryrun,high,computed
2026-07-06T22:33:35Z,26JUL06USABEL,1h_btts,1h_btts,,no,kalshi,0.77,yes,polymarket,0.22,0.99,1.0101,-0.2991,False,False,dryrun,high,computed
2026-07-06T22:33:35Z,26JUL06USABEL,1h_total,1h_total|1.5,1.5,over,polymarket,0.34,under,kalshi,0.66,1.0,0.0,-1.5748,False,False,dryrun,high,computed
2026-07-06T22:33:55Z,26JUL07SUICOL,team_total,team_total|switzerland|0.5,0.5,over,polymarket,0.64,under,kalshi,0.35,0.99,1.0101,-0.5964,False,False,dryrun,high,computed
2026-07-06T22:33:55Z,26JUL06USABEL,1h_btts,1h_btts,,no,kalshi,0.77,yes,polymarket,0.22,0.99,1.0101,-0.2991,False,False,dryrun,high,computed
2026-07-06T22:33:55Z,26JUL06USABEL,1h_total,1h_total|1.5,1.5,over,polymarket,0.34,under,kalshi,0.66,1.0,0.0,-1.5748,False,False,dryrun,high,computed
2026-07-06T22:34:15Z,26JUL07SUICOL,team_total,team_total|switzerland|0.5,0.5,over,polymarket,0.64,under,kalshi,0.35,0.99,1.0101,-0.5964,False,False,dryrun,high,computed
2026-07-06T22:34:15Z,26JUL06USABEL,1h_btts,1h_btts,,no,kalshi,0.77,yes,polymarket,0.22,0.99,1.0101,-0.2991,False,False,dryrun,high,computed
2026-07-06T22:34:15Z,26JUL06USABEL,1h_total,1h_total|1.5,1.5,over,polymarket,0.34,under,kalshi,0.66,1.0,0.0,-1.5748,False,False,dryrun,high,computed
2026-07-06T22:34:35Z,26JUL07SUICOL,team_total,team_total|switzerland|0.5,0.5,over,polymarket,0.64,under,kalshi,0.35,0.99,1.0101,-0.5964,False,False,dryrun,high,computed
2026-07-06T22:34:35Z,26JUL06USABEL,1h_btts,1h_btts,,no,kalshi,0.77,yes,polymarket,0.22,0.99,1.0101,-0.2991,False,False,dryrun,high,computed
2026-07-06T22:34:35Z,26JUL06USABEL,2h_total,2h_total|2.5,2.5,over,kalshi,0.27,under,polymarket,0.7203,0.9903,0.9795,0.6036,True,False,dryrun,high,computed
2026-07-06T22:34:35Z,26JUL06USABEL,1h_total,1h_total|1.5,1.5,over,polymarket,0.34,under,kalshi,0.66,1.0,0.0,-1.5748,False,False,dryrun,high,computed
2026-07-06T22:34:55Z,26JUL07SUICOL,team_total,team_total|switzerland|0.5,0.5,over,polymarket,0.64,under,kalshi,0.35,0.99,1.0101,-0.5964,False,False,dryrun,high,computed
2026-07-06T22:34:55Z,26JUL06USABEL,1h_btts,1h_btts,,no,kalshi,0.77,yes,polymarket,0.22,0.99,1.0101,-0.2991,False,False,dryrun,high,computed
2026-07-06T22:34:55Z,26JUL06USABEL,2h_total,2h_total|2.5,2.5,over,kalshi,0.27,under,polymarket,0.7203,0.9903,0.9795,0.6036,True,False,dryrun,high,computed
2026-07-06T22:34:55Z,26JUL06USABEL,1h_total,1h_total|1.5,1.5,over,polymarket,0.34,under,kalshi,0.66,1.0,0.0,-1.5748,False,False,dryrun,high,computed
2026-07-06T22:35:15Z,26JUL07SUICOL,team_total,team_total|switzerland|0.5,0.5,over,polymarket,0.64,under,kalshi,0.35,0.99,1.0101,-0.5964,False,False,dryrun,high,computed
2026-07-06T22:35:15Z,26JUL06USABEL,1h_btts,1h_btts,,no,kalshi,0.77,yes,polymarket,0.22,0.99,1.0101,-0.2991,False,False,dryrun,high,computed
2026-07-06T22:35:15Z,26JUL06USABEL,2h_total,2h_total|2.5,2.5,over,kalshi,0.27,under,polymarket,0.7203,0.9903,0.9795,0.6036,True,False,dryrun,high,computed
2026-07-06T22:35:15Z,26JUL06USABEL,1h_total,1h_total|1.5,1.5,over,polymarket,0.34,under,kalshi,0.66,1.0,0.0,-1.5748,False,False,dryrun,high,computed
2026-07-06T22:35:35Z,26JUL07SUICOL,team_total,team_total|switzerland|0.5,0.5,over,polymarket,0.64,under,kalshi,0.35,0.99,1.0101,-0.5964,False,False,dryrun,high,computed
2026-07-06T22:35:35Z,26JUL06USABEL,1h_btts,1h_btts,,no,kalshi,0.77,yes,polymarket,0.22,0.99,1.0101,-0.2991,False,False,dryrun,high,computed
2026-07-06T22:35:35Z,26JUL06USABEL,2h_total,2h_total|2.5,2.5,over,kalshi,0.27,under,polymarket,0.7203,0.9903,0.9795,0.6036,True,False,dryrun,high,computed
2026-07-06T22:35:35Z,26JUL06USABEL,1h_total,1h_total|1.5,1.5,over,polymarket,0.34,under,kalshi,0.66,1.0,0.0,-1.5748,False,False,dryrun,high,computed
2026-07-06T22:35:55Z,26JUL07SUICOL,team_total,team_total|switzerland|0.5,0.5,over,polymarket,0.64,under,kalshi,0.35,0.99,1.0101,-0.5964,False,False,dryrun,high,computed
2026-07-06T22:35:55Z,26JUL06USABEL,1h_btts,1h_btts,,no,kalshi,0.77,yes,polymarket,0.22,0.99,1.0101,-0.2991,False,False,dryrun,high,computed
2026-07-06T22:35:55Z,26JUL06USABEL,2h_total,2h_total|2.5,2.5,over,kalshi,0.27,under,polymarket,0.7203,0.9903,0.9795,0.6036,True,False,dryrun,high,computed
2026-07-06T22:35:55Z,26JUL06USABEL,1h_total,1h_total|1.5,1.5,over,polymarket,0.34,under,kalshi,0.66,1.0,0.0,-1.5748,False,False,dryrun,high,computed
2026-07-06T22:36:15Z,26JUL07SUICOL,team_total,team_total|switzerland|0.5,0.5,over,polymarket,0.64,under,kalshi,0.35,0.99,1.0101,-0.5964,False,False,dryrun,high,computed
2026-07-06T22:36:15Z,26JUL06USABEL,1h_btts,1h_btts,,no,kalshi,0.77,yes,polymarket,0.22,0.99,1.0101,-0.2991,False,False,dryrun,high,computed
2026-07-06T22:36:15Z,26JUL06USABEL,2h_total,2h_total|2.5,2.5,over,kalshi,0.27,under,polymarket,0.7203,0.9903,0.9795,0.6036,True,False,dryrun,high,computed
2026-07-06T22:36:15Z,26JUL06USABEL,1h_total,1h_total|1.5,1.5,over,polymarket,0.34,under,kalshi,0.66,1.0,0.0,-1.5748,False,False,dryrun,high,computed
2026-07-06T22:36:35Z,26JUL07SUICOL,team_total,team_total|switzerland|0.5,0.5,over,polymarket,0.64,under,kalshi,0.35,0.99,1.0101,-0.5964,False,False,dryrun,high,computed
2026-07-06T22:36:35Z,26JUL06USABEL,1h_btts,1h_btts,,no,kalshi,0.77,yes,polymarket,0.22,0.99,1.0101,-0.2991,False,False,dryrun,high,computed
2026-07-06T22:36:35Z,26JUL06USABEL,2h_total,2h_total|2.5,2.5,over,kalshi,0.27,under,polymarket,0.7203,0.9903,0.9795,0.6036,True,False,dryrun,high,computed
2026-07-06T22:36:35Z,26JUL06USABEL,1h_total,1h_total|1.5,1.5,over,polymarket,0.34,under,kalshi,0.66,1.0,0.0,-1.5748,False,False,dryrun,high,computed
2026-07-06T22:36:55Z,26JUL07SUICOL,team_total,team_total|switzerland|0.5,0.5,over,polymarket,0.64,under,kalshi,0.35,0.99,1.0101,-0.5964,False,False,dryrun,high,computed
2026-07-06T22:36:55Z,26JUL06USABEL,1h_btts,1h_btts,,no,kalshi,0.77,yes,polymarket,0.22,0.99,1.0101,-0.2991,False,False,dryrun,high,computed
2026-07-06T22:36:55Z,26JUL06USABEL,2h_total,2h_total|2.5,2.5,over,kalshi,0.27,under,polymarket,0.7203,0.9903,0.9795,0.6036,True,False,dryrun,high,computed
2026-07-06T22:36:55Z,26JUL06USABEL,1h_total,1h_total|1.5,1.5,over,polymarket,0.34,under,kalshi,0.66,1.0,0.0,-1.5748,False,False,dryrun,high,computed
2026-07-06T22:37:15Z,26JUL07SUICOL,team_total,team_total|switzerland|0.5,0.5,over,polymarket,0.64,under,kalshi,0.35,0.99,1.0101,-0.5964,False,False,dryrun,high,computed
2026-07-06T22:37:15Z,26JUL06USABEL,1h_btts,1h_btts,,no,kalshi,0.77,yes,polymarket,0.22,0.99,1.0101,-0.2991,False,False,dryrun,high,computed
2026-07-06T22:37:15Z,26JUL06USABEL,2h_total,2h_total|2.5,2.5,over,kalshi,0.27,under,polymarket,0.7203,0.9903,0.9795,0.6036,True,False,dryrun,high,computed
2026-07-06T22:37:15Z,26JUL06USABEL,1h_total,1h_total|1.5,1.5,over,polymarket,0.34,under,kalshi,0.66,1.0,0.0,-1.5748,False,False,dryrun,high,computed
2026-07-06T22:37:35Z,26JUL07SUICOL,team_total,team_total|switzerland|0.5,0.5,over,polymarket,0.64,under,kalshi,0.35,0.99,1.0101,-0.5964,False,False,dryrun,high,computed
2026-07-06T22:37:35Z,26JUL06USABEL,1h_btts,1h_btts,,no,kalshi,0.77,yes,polymarket,0.22,0.99,1.0101,-0.2991,False,False,dryrun,high,computed
2026-07-06T22:37:35Z,26JUL06USABEL,2h_total,2h_total|2.5,2.5,over,kalshi,0.27,under,polymarket,0.7203,0.9903,0.9795,0.6036,True,False,dryrun,high,computed
2026-07-06T22:37:35Z,26JUL07ARGEGY,team_total,team_total|argentina|1.5,1.5,over,polymarket,0.6098,under,kalshi,0.39,0.9998,0.0158,-1.3651,False,False,dryrun,high,computed
2026-07-06T22:37:35Z,26JUL06USABEL,1h_total,1h_total|1.5,1.5,over,polymarket,0.34,under,kalshi,0.66,1.0,0.0,-1.5748,False,False,dryrun,high,computed
2026-07-06T22:37:55Z,26JUL07SUICOL,team_total,team_total|switzerland|0.5,0.5,over,polymarket,0.64,under,kalshi,0.35,0.99,1.0101,-0.5964,False,False,dryrun,high,computed
2026-07-06T22:37:55Z,26JUL06USABEL,1h_btts,1h_btts,,no,kalshi,0.77,yes,polymarket,0.22,0.99,1.0101,-0.2991,False,False,dryrun,high,computed
2026-07-06T22:37:55Z,26JUL06USABEL,2h_total,2h_total|2.5,2.5,over,kalshi,0.27,under,polymarket,0.7203,0.9903,0.9795,-1.3807,False,False,dryrun,high,computed
2026-07-06T22:37:55Z,26JUL07ARGEGY,team_total,team_total|argentina|1.5,1.5,over,polymarket,0.6098,under,kalshi,0.39,0.9998,0.0158,-1.3651,False,False,dryrun,high,computed
2026-07-06T22:37:55Z,26JUL06USABEL,1h_total,1h_total|1.5,1.5,over,polymarket,0.34,under,kalshi,0.66,1.0,0.0,-1.5748,False,False,dryrun,high,computed
2026-07-06T22:38:15Z,26JUL07SUICOL,team_total,team_total|switzerland|0.5,0.5,over,polymarket,0.64,under,kalshi,0.35,0.99,1.0101,-0.5964,False,False,dryrun,high,computed
2026-07-06T22:38:15Z,26JUL06USABEL,1h_btts,1h_btts,,no,kalshi,0.77,yes,polymarket,0.22,0.99,1.0101,-0.2991,False,False,dryrun,high,computed
2026-07-06T22:38:15Z,26JUL07ARGEGY,team_total,team_total|argentina|1.5,1.5,over,polymarket,0.6098,under,kalshi,0.39,0.9998,0.0158,-1.3651,False,False,dryrun,high,computed
2026-07-06T22:38:15Z,26JUL06USABEL,1h_total,1h_total|1.5,1.5,over,polymarket,0.34,under,kalshi,0.66,1.0,0.0,-1.5748,False,False,dryrun,high,computed
2026-07-06T22:38:35Z,26JUL07SUICOL,team_total,team_total|switzerland|0.5,0.5,over,polymarket,0.64,under,kalshi,0.35,0.99,1.0101,-0.5964,False,False,dryrun,high,computed
2026-07-06T22:38:35Z,26JUL06USABEL,1h_btts,1h_btts,,no,kalshi,0.77,yes,polymarket,0.22,0.99,1.0101,-0.2991,False,False,dryrun,high,computed
2026-07-06T22:38:35Z,26JUL07ARGEGY,team_total,team_total|argentina|1.5,1.5,over,polymarket,0.6098,under,kalshi,0.39,0.9998,0.0158,-1.3651,False,False,dryrun,high,computed
2026-07-06T22:38:35Z,26JUL06USABEL,1h_total,1h_total|1.5,1.5,over,polymarket,0.34,under,kalshi,0.66,1.0,0.0,-1.5748,False,False,dryrun,high,computed
2026-07-06T22:38:55Z,26JUL07SUICOL,team_total,team_total|switzerland|0.5,0.5,over,polymarket,0.64,under,kalshi,0.35,0.99,1.0101,-0.5964,False,False,dryrun,high,computed
2026-07-06T22:38:55Z,26JUL06USABEL,1h_btts,1h_btts,,no,kalshi,0.77,yes,polymarket,0.22,0.99,1.0101,-0.2991,False,False,dryrun,high,computed
2026-07-06T22:38:55Z,26JUL06USABEL,2h_total,2h_total|2.5,2.5,over,kalshi,0.27,under,polymarket,0.7225,0.9925,0.7518,-3.2882,False,False,dryrun,high,computed
2026-07-06T22:38:55Z,26JUL07ARGEGY,team_total,team_total|argentina|1.5,1.5,over,polymarket,0.6086,under,kalshi,0.39,0.9986,0.1409,-0.6951,False,False,dryrun,high,computed
2026-07-06T22:38:55Z,26JUL06USABEL,1h_total,1h_total|1.5,1.5,over,polymarket,0.34,under,kalshi,0.66,1.0,0.0,-1.5748,False,False,dryrun,high,computed
2026-07-06T22:39:15Z,26JUL07SUICOL,team_total,team_total|switzerland|0.5,0.5,over,polymarket,0.64,under,kalshi,0.35,0.99,1.0101,-0.5964,False,False,dryrun,high,computed
2026-07-06T22:39:15Z,26JUL06USABEL,1h_btts,1h_btts,,no,kalshi,0.77,yes,polymarket,0.22,0.99,1.0101,-0.2991,False,False,dryrun,high,computed
2026-07-06T22:39:15Z,26JUL07ARGEGY,team_total,team_total|argentina|1.5,1.5,over,polymarket,0.6074,under,kalshi,0.39,0.9974,0.2614,-0.6951,False,False,dryrun,high,computed
2026-07-06T22:39:15Z,26JUL06USABEL,1h_total,1h_total|1.5,1.5,over,polymarket,0.34,under,kalshi,0.66,1.0,0.0,-1.5748,False,False,dryrun,high,computed
2026-07-06T22:39:35Z,26JUL07SUICOL,team_total,team_total|switzerland|0.5,0.5,over,polymarket,0.64,under,kalshi,0.35,0.99,1.0101,-0.5964,False,False,dryrun,high,computed
2026-07-06T22:39:35Z,26JUL06USABEL,1h_btts,1h_btts,,no,kalshi,0.77,yes,polymarket,0.22,0.99,1.0101,-0.2991,False,False,dryrun,high,computed
2026-07-06T22:39:35Z,26JUL07ARGEGY,team_total,team_total|argentina|1.5,1.5,over,polymarket,0.6086,under,kalshi,0.39,0.9986,0.136,-0.6951,False,False,dryrun,high,computed
2026-07-06T22:39:35Z,26JUL06USABEL,1h_total,1h_total|1.5,1.5,over,polymarket,0.34,under,kalshi,0.66,1.0,0.0,-1.5748,False,False,dryrun,high,computed
2026-07-06T22:39:55Z,26JUL07SUICOL,team_total,team_total|switzerland|0.5,0.5,over,polymarket,0.64,under,kalshi,0.35,0.99,1.0101,-0.5964,False,False,dryrun,high,computed
2026-07-06T22:39:55Z,26JUL06USABEL,1h_btts,1h_btts,,no,kalshi,0.77,yes,polymarket,0.22,0.99,1.0101,-0.2991,False,False,dryrun,high,computed
2026-07-06T22:39:55Z,26JUL07ARGEGY,team_total,team_total|argentina|1.5,1.5,over,polymarket,0.6098,under,kalshi,0.39,0.9998,0.0158,-1.3651,False,False,dryrun,high,computed
2026-07-06T22:39:55Z,26JUL06USABEL,1h_total,1h_total|1.5,1.5,over,polymarket,0.34,under,kalshi,0.66,1.0,0.0,-1.5748,False,False,dryrun,high,computed
2026-07-06T22:40:15Z,26JUL07SUICOL,team_total,team_total|switzerland|0.5,0.5,over,polymarket,0.64,under,kalshi,0.35,0.99,1.0101,-0.5964,False,False,dryrun,high,computed
2026-07-06T22:40:15Z,26JUL06USABEL,1h_btts,1h_btts,,no,kalshi,0.77,yes,polymarket,0.22,0.99,1.0101,-0.2991,False,False,dryrun,high,computed
2026-07-06T22:40:15Z,26JUL07ARGEGY,team_total,team_total|argentina|1.5,1.5,over,polymarket,0.6098,under,kalshi,0.39,0.9998,0.0158,-1.3651,False,False,dryrun,high,computed
2026-07-06T22:40:15Z,26JUL06USABEL,1h_total,1h_total|1.5,1.5,over,polymarket,0.34,under,kalshi,0.66,1.0,0.0,-1.5748,False,False,dryrun,high,computed
2026-07-06T22:40:35Z,26JUL07SUICOL,team_total,team_total|switzerland|0.5,0.5,over,polymarket,0.64,under,kalshi,0.35,0.99,1.0101,-0.5964,False,False,dryrun,high,computed
2026-07-06T22:40:35Z,26JUL06USABEL,1h_btts,1h_btts,,no,kalshi,0.77,yes,polymarket,0.22,0.99,1.0101,-0.2991,False,False,dryrun,high,computed
2026-07-06T22:40:35Z,26JUL07ARGEGY,team_total,team_total|argentina|1.5,1.5,over,polymarket,0.609,under,kalshi,0.39,0.999,0.097,-0.6951,False,False,dryrun,high,computed
2026-07-06T22:40:35Z,26JUL06USABEL,1h_total,1h_total|1.5,1.5,over,polymarket,0.34,under,kalshi,0.66,1.0,0.0,-1.5748,False,False,dryrun,high,computed
2026-07-06T22:40:55Z,26JUL07SUICOL,team_total,team_total|switzerland|0.5,0.5,over,polymarket,0.64,under,kalshi,0.35,0.99,1.0101,-0.5964,False,False,dryrun,high,computed
2026-07-06T22:40:55Z,26JUL06USABEL,1h_btts,1h_btts,,no,kalshi,0.77,yes,polymarket,0.22,0.99,1.0101,-0.2991,False,False,dryrun,high,computed
2026-07-06T22:40:55Z,26JUL07ARGEGY,team_total,team_total|argentina|1.5,1.5,over,polymarket,0.609,under,kalshi,0.39,0.999,0.097,-0.6951,False,False,dryrun,high,computed
2026-07-06T22:40:55Z,26JUL06USABEL,1h_total,1h_total|1.5,1.5,over,polymarket,0.34,under,kalshi,0.66,1.0,0.0,-1.5748,False,False,dryrun,high,computed
2026-07-06T22:41:15Z,26JUL07SUICOL,team_total,team_total|switzerland|0.5,0.5,over,polymarket,0.64,under,kalshi,0.35,0.99,1.0101,-0.5964,False,False,dryrun,high,computed
2026-07-06T22:41:15Z,26JUL06USABEL,1h_btts,1h_btts,,no,kalshi,0.77,yes,polymarket,0.22,0.99,1.0101,-0.2991,False,False,dryrun,high,computed
2026-07-06T22:41:15Z,26JUL07ARGEGY,team_total,team_total|argentina|1.5,1.5,over,polymarket,0.6087,under,kalshi,0.39,0.9987,0.1268,-0.6951,False,False,dryrun,high,computed
2026-07-06T22:41:15Z,26JUL06USABEL,1h_total,1h_total|1.5,1.5,over,polymarket,0.34,under,kalshi,0.66,1.0,0.0,-1.5748,False,False,dryrun,high,computed
2026-07-06T22:41:35Z,26JUL07SUICOL,team_total,team_total|switzerland|0.5,0.5,over,polymarket,0.64,under,kalshi,0.35,0.99,1.0101,-0.5964,False,False,dryrun,high,computed
2026-07-06T22:41:35Z,26JUL06USABEL,1h_btts,1h_btts,,no,kalshi,0.77,yes,polymarket,0.22,0.99,1.0101,-0.2991,False,False,dryrun,high,computed
2026-07-06T22:41:35Z,26JUL07ARGEGY,team_total,team_total|argentina|1.5,1.5,over,polymarket,0.6087,under,kalshi,0.39,0.9987,0.1268,-0.6951,False,False,dryrun,high,computed
2026-07-06T22:41:35Z,26JUL06USABEL,1h_total,1h_total|1.5,1.5,over,polymarket,0.34,under,kalshi,0.66,1.0,0.0,-1.5748,False,False,dryrun,high,computed
2026-07-06T22:41:55Z,26JUL07SUICOL,team_total,team_total|switzerland|0.5,0.5,over,polymarket,0.64,under,kalshi,0.35,0.99,1.0101,-0.5964,False,False,dryrun,high,computed
2026-07-06T22:41:55Z,26JUL06USABEL,1h_btts,1h_btts,,no,kalshi,0.77,yes,polymarket,0.22,0.99,1.0101,-0.2991,False,False,dryrun,high,computed
2026-07-06T22:41:55Z,26JUL07ARGEGY,team_total,team_total|argentina|1.5,1.5,over,polymarket,0.609,under,kalshi,0.39,0.999,0.097,-0.6951,False,False,dryrun,high,computed
2026-07-06T22:41:55Z,26JUL06USABEL,1h_total,1h_total|1.5,1.5,over,polymarket,0.34,under,kalshi,0.66,1.0,0.0,-1.5748,False,False,dryrun,high,computed
2026-07-06T22:42:15Z,26JUL07SUICOL,team_total,team_total|switzerland|0.5,0.5,over,polymarket,0.64,under,kalshi,0.35,0.99,1.0101,-0.5964,False,False,dryrun,high,computed
2026-07-06T22:42:15Z,26JUL06USABEL,1h_btts,1h_btts,,no,kalshi,0.77,yes,polymarket,0.22,0.99,1.0101,-0.2991,False,False,dryrun,high,computed
2026-07-06T22:42:15Z,26JUL07ARGEGY,team_total,team_total|argentina|1.5,1.5,over,polymarket,0.6099,under,kalshi,0.39,0.9999,0.0066,-1.5438,False,False,dryrun,high,computed
2026-07-06T22:42:15Z,26JUL06USABEL,1h_total,1h_total|1.5,1.5,over,polymarket,0.34,under,kalshi,0.66,1.0,0.0,-1.5748,False,False,dryrun,high,computed
2026-07-06T22:42:35Z,26JUL07SUICOL,team_total,team_total|switzerland|0.5,0.5,over,polymarket,0.64,under,kalshi,0.35,0.99,1.0101,-0.5964,False,False,dryrun,high,computed
2026-07-06T22:42:35Z,26JUL06USABEL,1h_btts,1h_btts,,no,kalshi,0.77,yes,polymarket,0.22,0.99,1.0101,-0.2991,False,False,dryrun,high,computed
2026-07-06T22:42:35Z,26JUL07ARGEGY,team_total,team_total|argentina|1.5,1.5,over,polymarket,0.6099,under,kalshi,0.39,0.9999,0.0066,-2.5037,False,False,dryrun,high,computed
2026-07-06T22:42:35Z,26JUL06USABEL,1h_total,1h_total|1.5,1.5,over,polymarket,0.34,under,kalshi,0.66,1.0,0.0,-1.5748,False,False,dryrun,high,computed
2026-07-06T22:42:55Z,26JUL06USABEL,total_goals,total_goals|2.5,2.5,over,polymarket,0.56,under,kalshi,0.42,0.98,2.0408,0.2004,True,True,dryrun,high,computed
2026-07-06T22:42:55Z,26JUL07SUICOL,team_total,team_total|switzerland|0.5,0.5,over,polymarket,0.64,under,kalshi,0.35,0.99,1.0101,-0.5964,False,False,dryrun,high,computed
2026-07-06T22:42:55Z,26JUL06USABEL,1h_btts,1h_btts,,no,kalshi,0.77,yes,polymarket,0.22,0.99,1.0101,-0.2991,False,False,dryrun,high,computed
2026-07-06T22:42:55Z,26JUL06USABEL,1h_total,1h_total|1.5,1.5,over,polymarket,0.34,under,kalshi,0.66,1.0,0.0,-1.5748,False,False,dryrun,high,computed
2026-07-06T22:43:15Z,26JUL06USABEL,total_goals,total_goals|2.5,2.5,over,polymarket,0.56,under,kalshi,0.42,0.98,2.0408,0.2004,True,True,dryrun,high,computed
2026-07-06T22:43:15Z,26JUL07SUICOL,team_total,team_total|switzerland|0.5,0.5,over,polymarket,0.64,under,kalshi,0.35,0.99,1.0101,-0.5964,False,False,dryrun,high,computed
2026-07-06T22:43:15Z,26JUL06USABEL,1h_btts,1h_btts,,no,kalshi,0.77,yes,polymarket,0.22,0.99,1.0101,-0.2991,False,False,dryrun,high,computed
2026-07-06T22:43:15Z,26JUL06USABEL,1h_total,1h_total|1.5,1.5,over,polymarket,0.34,under,kalshi,0.66,1.0,0.0,-1.5748,False,False,dryrun,high,computed
2026-07-06T22:43:35Z,26JUL06USABEL,total_goals,total_goals|2.5,2.5,over,polymarket,0.56,under,kalshi,0.42,0.98,2.0408,0.2004,True,True,dryrun,high,computed
2026-07-06T22:43:35Z,26JUL07SUICOL,team_total,team_total|switzerland|0.5,0.5,over,polymarket,0.64,under,kalshi,0.35,0.99,1.0101,-0.5964,False,False,dryrun,high,computed
2026-07-06T22:43:35Z,26JUL06USABEL,1h_btts,1h_btts,,no,kalshi,0.77,yes,polymarket,0.22,0.99,1.0101,-0.2991,False,False,dryrun,high,computed
2026-07-06T22:43:35Z,26JUL06USABEL,1h_total,1h_total|1.5,1.5,over,polymarket,0.34,under,kalshi,0.66,1.0,0.0,-1.5748,False,False,dryrun,high,computed
2026-07-06T22:43:55Z,26JUL06USABEL,total_goals,total_goals|2.5,2.5,over,polymarket,0.56,under,kalshi,0.42,0.98,2.0408,0.2004,True,True,dryrun,high,computed
2026-07-06T22:43:55Z,26JUL07SUICOL,team_total,team_total|switzerland|0.5,0.5,over,polymarket,0.64,under,kalshi,0.35,0.99,1.0101,-0.5964,False,False,dryrun,high,computed
2026-07-06T22:43:55Z,26JUL06USABEL,1h_btts,1h_btts,,no,kalshi,0.77,yes,polymarket,0.22,0.99,1.0101,-1.2833,False,False,dryrun,high,computed
2026-07-06T22:43:55Z,26JUL06USABEL,1h_total,1h_total|1.5,1.5,over,polymarket,0.34,under,kalshi,0.66,1.0,0.0,-1.5748,False,False,dryrun,high,computed
2026-07-06T22:44:15Z,26JUL06USABEL,total_goals,total_goals|2.5,2.5,over,polymarket,0.56,under,kalshi,0.42,0.98,2.0408,0.2004,True,True,dryrun,high,computed
2026-07-06T22:44:15Z,26JUL07SUICOL,team_total,team_total|switzerland|0.5,0.5,over,polymarket,0.64,under,kalshi,0.35,0.99,1.0101,-0.5964,False,False,dryrun,high,computed
2026-07-06T22:44:15Z,26JUL06USABEL,1h_total,1h_total|1.5,1.5,over,polymarket,0.34,under,kalshi,0.66,1.0,0.0,-1.5748,False,False,dryrun,high,computed
2026-07-06T22:44:35Z,26JUL06USABEL,total_goals,total_goals|2.5,2.5,over,polymarket,0.56,under,kalshi,0.42,0.98,2.0408,0.2004,True,True,dryrun,high,computed
2026-07-06T22:44:35Z,26JUL07SUICOL,team_total,team_total|switzerland|0.5,0.5,over,polymarket,0.64,under,kalshi,0.35,0.99,1.0101,-0.5964,False,False,dryrun,high,computed
2026-07-06T22:44:35Z,26JUL06USABEL,1h_total,1h_total|1.5,1.5,over,polymarket,0.34,under,kalshi,0.66,1.0,0.0,-1.5748,False,False,dryrun,high,computed
2026-07-06T22:44:55Z,26JUL06USABEL,total_goals,total_goals|2.5,2.5,over,polymarket,0.55,under,kalshi,0.43,0.98,2.0408,0.2004,True,True,dryrun,high,computed
2026-07-06T22:44:55Z,26JUL07SUICOL,team_total,team_total|switzerland|0.5,0.5,over,polymarket,0.64,under,kalshi,0.35,0.99,1.0101,-0.5964,False,False,dryrun,high,computed
2026-07-06T22:44:55Z,26JUL06USABEL,1h_total,1h_total|1.5,1.5,over,polymarket,0.34,under,kalshi,0.66,1.0,0.0,-1.5748,False,False,dryrun,high,computed
2026-07-06T22:45:15Z,26JUL06USABEL,total_goals,total_goals|2.5,2.5,over,polymarket,0.55,under,kalshi,0.43,0.98,2.0408,0.2004,True,True,dryrun,high,computed
2026-07-06T22:45:15Z,26JUL07SUICOL,team_total,team_total|switzerland|0.5,0.5,over,polymarket,0.64,under,kalshi,0.35,0.99,1.0101,-0.5964,False,False,dryrun,high,computed
2026-07-06T22:45:15Z,26JUL06USABEL,team_total,team_total|usa|2.5,2.5,over,polymarket,0.19,under,kalshi,0.8,0.99,1.0101,-0.1996,False,False,dryrun,high,computed
2026-07-06T22:45:15Z,26JUL06USABEL,total_goals,total_goals|3.5,3.5,over,polymarket,0.34,under,kalshi,0.65,0.99,1.0101,-0.5964,False,False,dryrun,high,computed
2026-07-06T22:45:15Z,26JUL06USABEL,1h_total,1h_total|1.5,1.5,over,polymarket,0.34,under,kalshi,0.66,1.0,0.0,-1.5748,False,False,dryrun,high,computed
2026-07-06T22:45:35Z,26JUL07SUICOL,team_total,team_total|switzerland|0.5,0.5,over,polymarket,0.64,under,kalshi,0.35,0.99,1.0101,-0.5964,False,False,dryrun,high,computed
2026-07-06T22:45:35Z,26JUL06USABEL,team_total,team_total|usa|2.5,2.5,over,polymarket,0.19,under,kalshi,0.8,0.99,1.0101,-0.1996,False,False,dryrun,high,computed
2026-07-06T22:45:35Z,26JUL06USABEL,total_goals,total_goals|2.5,2.5,over,polymarket,0.55,under,kalshi,0.44,0.99,1.0101,-1.7682,False,False,dryrun,high,computed
2026-07-06T22:45:35Z,26JUL06USABEL,total_goals,total_goals|3.5,3.5,over,polymarket,0.34,under,kalshi,0.65,0.99,1.0101,-0.5964,False,False,dryrun,high,computed
2026-07-06T22:45:35Z,26JUL06USABEL,1h_total,1h_total|1.5,1.5,over,polymarket,0.34,under,kalshi,0.66,1.0,0.0,-1.5748,False,False,dryrun,high,computed
2026-07-06T22:45:55Z,26JUL07SUICOL,team_total,team_total|switzerland|0.5,0.5,over,polymarket,0.64,under,kalshi,0.35,0.99,1.0101,-0.5964,False,False,dryrun,high,computed
2026-07-06T22:45:55Z,26JUL06USABEL,team_total,team_total|usa|2.5,2.5,over,polymarket,0.19,under,kalshi,0.8,0.99,1.0101,-0.1996,False,False,dryrun,high,computed
2026-07-06T22:45:55Z,26JUL06USABEL,total_goals,total_goals|3.5,3.5,over,polymarket,0.34,under,kalshi,0.65,0.99,1.0101,-0.5964,False,False,dryrun,high,computed
2026-07-06T22:45:55Z,26JUL07ARGEGY,team_total,team_total|argentina|1.5,1.5,over,polymarket,0.6087,under,kalshi,0.39,0.9987,0.1268,-0.6951,False,False,dryrun,high,computed
2026-07-06T22:45:55Z,26JUL06USABEL,1h_total,1h_total|1.5,1.5,over,polymarket,0.34,under,kalshi,0.66,1.0,0.0,-1.5748,False,False,dryrun,high,computed
2026-07-06T22:46:15Z,26JUL07SUICOL,team_total,team_total|switzerland|0.5,0.5,over,polymarket,0.64,under,kalshi,0.35,0.99,1.0101,-0.5964,False,False,dryrun,high,computed
2026-07-06T22:46:15Z,26JUL06USABEL,total_goals,total_goals|3.5,3.5,over,polymarket,0.34,under,kalshi,0.65,0.99,1.0101,-0.5964,False,False,dryrun,high,computed
2026-07-06T22:46:15Z,26JUL06USABEL,team_total,team_total|usa|2.5,2.5,over,polymarket,0.19,under,kalshi,0.8077,0.9977,0.233,-0.1996,False,False,dryrun,high,computed
2026-07-06T22:46:15Z,26JUL07ARGEGY,team_total,team_total|argentina|1.5,1.5,over,polymarket,0.6099,under,kalshi,0.39,0.9999,0.0066,-1.5438,False,False,dryrun,high,computed
2026-07-06T22:46:15Z,26JUL06USABEL,1h_total,1h_total|1.5,1.5,over,polymarket,0.34,under,kalshi,0.66,1.0,0.0,-1.5748,False,False,dryrun,high,computed
2026-07-06T22:46:35Z,26JUL07SUICOL,team_total,team_total|switzerland|0.5,0.5,over,polymarket,0.64,under,kalshi,0.35,0.99,1.0101,-0.5964,False,False,dryrun,high,computed
2026-07-06T22:46:35Z,26JUL06USABEL,team_total,team_total|usa|2.5,2.5,over,polymarket,0.19,under,kalshi,0.8077,0.9977,0.233,-0.1996,False,False,dryrun,high,computed
2026-07-06T22:46:35Z,26JUL07ARGEGY,team_total,team_total|argentina|1.5,1.5,over,polymarket,0.6099,under,kalshi,0.39,0.9999,0.0066,-1.5438,False,False,dryrun,high,computed
2026-07-06T22:46:35Z,26JUL06USABEL,1h_total,1h_total|1.5,1.5,over,polymarket,0.34,under,kalshi,0.66,1.0,0.0,-1.5748,False,False,dryrun,high,computed
2026-07-06T22:46:35Z,26JUL06USABEL,total_goals,total_goals|3.5,3.5,over,polymarket,0.34,under,kalshi,0.66,1.0,0.0,-1.5748,False,False,dryrun,high,computed
2026-07-06T22:46:55Z,26JUL07SUICOL,team_total,team_total|switzerland|0.5,0.5,over,polymarket,0.64,under,kalshi,0.35,0.99,1.0101,-0.5964,False,False,dryrun,high,computed
2026-07-06T22:46:55Z,26JUL06USABEL,team_total,team_total|usa|2.5,2.5,over,polymarket,0.19,under,kalshi,0.8077,0.9977,0.233,-0.1996,False,False,dryrun,high,computed
2026-07-06T22:46:55Z,26JUL07ARGEGY,team_total,team_total|argentina|1.5,1.5,over,polymarket,0.609,under,kalshi,0.39,0.999,0.097,-0.6951,False,False,dryrun,high,computed
2026-07-06T22:46:55Z,26JUL06USABEL,1h_total,1h_total|1.5,1.5,over,polymarket,0.34,under,kalshi,0.66,1.0,0.0,-1.5748,False,False,dryrun,high,computed
2026-07-06T22:46:55Z,26JUL06USABEL,total_goals,total_goals|3.5,3.5,over,polymarket,0.34,under,kalshi,0.66,1.0,0.0,-1.5748,False,False,dryrun,high,computed
2026-07-06T22:47:15Z,26JUL06USABEL,1h_total,1h_total|1.5,1.5,over,polymarket,0.33,under,kalshi,0.66,0.99,1.0101,-0.5964,False,False,dryrun,high,computed
2026-07-06T22:47:15Z,26JUL07SUICOL,team_total,team_total|switzerland|0.5,0.5,over,polymarket,0.64,under,kalshi,0.35,0.99,1.0101,-0.5964,False,False,dryrun,high,computed
2026-07-06T22:47:15Z,26JUL06USABEL,team_total,team_total|usa|2.5,2.5,over,polymarket,0.19,under,kalshi,0.8077,0.9977,0.233,-0.1996,False,False,dryrun,high,computed
2026-07-06T22:47:15Z,26JUL07ARGEGY,team_total,team_total|argentina|1.5,1.5,over,polymarket,0.609,under,kalshi,0.39,0.999,0.097,-0.6951,False,False,dryrun,high,computed
2026-07-06T22:47:15Z,26JUL06USABEL,total_goals,total_goals|3.5,3.5,over,polymarket,0.34,under,kalshi,0.66,1.0,0.0,-1.5748,False,False,dryrun,high,computed
2026-07-06T22:47:35Z,26JUL06USABEL,1h_total,1h_total|1.5,1.5,over,polymarket,0.33,under,kalshi,0.66,0.99,1.0101,-0.5964,False,False,dryrun,high,computed
2026-07-06T22:47:35Z,26JUL07SUICOL,team_total,team_total|switzerland|0.5,0.5,over,polymarket,0.64,under,kalshi,0.35,0.99,1.0101,-0.5964,False,False,dryrun,high,computed
2026-07-06T22:47:35Z,26JUL06USABEL,2h_btts,2h_btts,,no,kalshi,0.62,yes,polymarket,0.37,0.99,1.0101,-0.6951,False,False,dryrun,high,computed
2026-07-06T22:47:35Z,26JUL06USABEL,team_total,team_total|usa|2.5,2.5,over,polymarket,0.19,under,kalshi,0.8077,0.9977,0.233,-0.1996,False,False,dryrun,high,computed
2026-07-06T22:47:35Z,26JUL07ARGEGY,team_total,team_total|argentina|1.5,1.5,over,polymarket,0.6099,under,kalshi,0.39,0.9999,0.0066,-0.6951,False,False,dryrun,high,computed
2026-07-06T22:47:35Z,26JUL06USABEL,total_goals,total_goals|3.5,3.5,over,polymarket,0.34,under,kalshi,0.66,1.0,0.0,-1.5748,False,False,dryrun,high,computed
2026-07-06T22:47:55Z,26JUL06USABEL,1h_total,1h_total|1.5,1.5,over,polymarket,0.33,under,kalshi,0.66,0.99,1.0101,-0.5964,False,False,dryrun,high,computed
2026-07-06T22:47:55Z,26JUL07SUICOL,team_total,team_total|switzerland|0.5,0.5,over,polymarket,0.64,under,kalshi,0.35,0.99,1.0101,-0.5964,False,False,dryrun,high,computed
2026-07-06T22:47:55Z,26JUL06USABEL,2h_btts,2h_btts,,no,kalshi,0.62,yes,polymarket,0.37,0.99,1.0101,-0.6951,False,False,dryrun,high,computed
2026-07-06T22:47:55Z,26JUL06USABEL,team_total,team_total|usa|2.5,2.5,over,polymarket,0.19,under,kalshi,0.8077,0.9977,0.233,-0.1996,False,False,dryrun,high,computed
2026-07-06T22:47:55Z,26JUL07ARGEGY,team_total,team_total|argentina|1.5,1.5,over,polymarket,0.609,under,kalshi,0.39,0.999,0.097,-0.6951,False,False,dryrun,high,computed
2026-07-06T22:47:55Z,26JUL06USABEL,total_goals,total_goals|3.5,3.5,over,polymarket,0.34,under,kalshi,0.66,1.0,0.0,-1.5748,False,False,dryrun,high,computed
2026-07-06T22:48:15Z,26JUL06USABEL,1h_total,1h_total|1.5,1.5,over,polymarket,0.33,under,kalshi,0.66,0.99,1.0101,-0.5964,False,False,dryrun,high,computed
2026-07-06T22:48:15Z,26JUL07SUICOL,team_total,team_total|switzerland|0.5,0.5,over,polymarket,0.64,under,kalshi,0.35,0.99,1.0101,-0.5964,False,False,dryrun,high,computed
2026-07-06T22:48:15Z,26JUL06USABEL,2h_btts,2h_btts,,no,kalshi,0.62,yes,polymarket,0.37,0.99,1.0101,-0.6951,False,False,dryrun,high,computed
2026-07-06T22:48:15Z,26JUL06USABEL,team_total,team_total|usa|2.5,2.5,over,polymarket,0.19,under,kalshi,0.8077,0.9977,0.233,-0.1996,False,False,dryrun,high,computed
2026-07-06T22:48:15Z,26JUL07ARGEGY,team_total,team_total|argentina|1.5,1.5,over,polymarket,0.6078,under,kalshi,0.39,0.9978,0.2174,-0.6951,False,False,dryrun,high,computed
2026-07-06T22:48:15Z,26JUL06USABEL,total_goals,total_goals|3.5,3.5,over,polymarket,0.34,under,kalshi,0.66,1.0,0.0,-1.5748,False,False,dryrun,high,computed
2026-07-06T22:48:35Z,26JUL06USABEL,1h_total,1h_total|1.5,1.5,over,polymarket,0.33,under,kalshi,0.66,0.99,1.0101,-0.5964,False,False,dryrun,high,computed
2026-07-06T22:48:35Z,26JUL07SUICOL,team_total,team_total|switzerland|0.5,0.5,over,polymarket,0.64,under,kalshi,0.35,0.99,1.0101,-0.5964,False,False,dryrun,high,computed
2026-07-06T22:48:35Z,26JUL06USABEL,2h_btts,2h_btts,,no,kalshi,0.62,yes,polymarket,0.37,0.99,1.0101,-0.6951,False,False,dryrun,high,computed
2026-07-06T22:48:35Z,26JUL06USABEL,team_total,team_total|usa|2.5,2.5,over,polymarket,0.19,under,kalshi,0.8077,0.9977,0.233,-0.1996,False,False,dryrun,high,computed
2026-07-06T22:48:35Z,26JUL07ARGEGY,team_total,team_total|argentina|1.5,1.5,over,polymarket,0.6078,under,kalshi,0.39,0.9978,0.2174,-0.6951,False,False,dryrun,high,computed
2026-07-06T22:48:35Z,26JUL06USABEL,total_goals,total_goals|3.5,3.5,over,polymarket,0.34,under,kalshi,0.66,1.0,0.0,-1.5748,False,False,dryrun,high,computed
2026-07-06T22:48:55Z,26JUL06USABEL,1h_total,1h_total|1.5,1.5,over,polymarket,0.33,under,kalshi,0.66,0.99,1.0101,-0.5964,False,False,dryrun,high,computed
2026-07-06T22:48:55Z,26JUL07SUICOL,team_total,team_total|switzerland|0.5,0.5,over,polymarket,0.64,under,kalshi,0.35,0.99,1.0101,-0.5964,False,False,dryrun,high,computed
2026-07-06T22:48:55Z,26JUL06USABEL,2h_btts,2h_btts,,no,kalshi,0.62,yes,polymarket,0.37,0.99,1.0101,-0.6951,False,False,dryrun,high,computed
2026-07-06T22:48:55Z,26JUL06USABEL,team_total,team_total|usa|2.5,2.5,over,polymarket,0.19,under,kalshi,0.8077,0.9977,0.233,-0.1996,False,False,dryrun,high,computed
2026-07-06T22:48:55Z,26JUL07ARGEGY,team_total,team_total|argentina|1.5,1.5,over,polymarket,0.609,under,kalshi,0.39,0.999,0.097,-1.5438,False,False,dryrun,high,computed
2026-07-06T22:49:15Z,26JUL06USABEL,1h_total,1h_total|1.5,1.5,over,polymarket,0.33,under,kalshi,0.66,0.99,1.0101,-0.5964,False,False,dryrun,high,computed
2026-07-06T22:49:15Z,26JUL07SUICOL,team_total,team_total|switzerland|0.5,0.5,over,polymarket,0.64,under,kalshi,0.35,0.99,1.0101,-0.5964,False,False,dryrun,high,computed
2026-07-06T22:49:15Z,26JUL06USABEL,2h_btts,2h_btts,,no,kalshi,0.62,yes,polymarket,0.37,0.99,1.0101,-0.6951,False,False,dryrun,high,computed
2026-07-06T22:49:15Z,26JUL06USABEL,team_total,team_total|usa|2.5,2.5,over,polymarket,0.19,under,kalshi,0.8077,0.9977,0.233,-0.1996,False,False,dryrun,high,computed
2026-07-06T22:49:15Z,26JUL07ARGEGY,team_total,team_total|argentina|1.5,1.5,over,polymarket,0.6099,under,kalshi,0.39,0.9999,0.0066,-1.5438,False,False,dryrun,high,computed
2026-07-06T22:49:35Z,26JUL06USABEL,1h_total,1h_total|1.5,1.5,over,polymarket,0.33,under,kalshi,0.66,0.99,1.0101,-0.5964,False,False,dryrun,high,computed
2026-07-06T22:49:35Z,26JUL07SUICOL,team_total,team_total|switzerland|0.5,0.5,over,polymarket,0.64,under,kalshi,0.35,0.99,1.0101,-0.5964,False,False,dryrun,high,computed
2026-07-06T22:49:35Z,26JUL06USABEL,2h_btts,2h_btts,,no,kalshi,0.62,yes,polymarket,0.37,0.99,1.0101,-0.6951,False,False,dryrun,high,computed
2026-07-06T22:49:35Z,26JUL06USABEL,team_total,team_total|usa|1.5,1.5,over,polymarket,0.45,under,kalshi,0.54,0.99,1.0101,-0.7937,False,False,dryrun,high,computed
2026-07-06T22:49:35Z,26JUL06USABEL,team_total,team_total|usa|2.5,2.5,over,polymarket,0.19,under,kalshi,0.8077,0.9977,0.233,-0.1996,False,False,dryrun,high,computed
2026-07-06T22:49:35Z,26JUL07ARGEGY,team_total,team_total|argentina|1.5,1.5,over,polymarket,0.6099,under,kalshi,0.39,0.9999,0.0066,-0.6951,False,False,dryrun,high,computed
2026-07-06T22:49:55Z,26JUL06USABEL,1h_total,1h_total|1.5,1.5,over,polymarket,0.33,under,kalshi,0.66,0.99,1.0101,-0.5964,False,False,dryrun,high,computed
2026-07-06T22:49:55Z,26JUL07SUICOL,team_total,team_total|switzerland|0.5,0.5,over,polymarket,0.64,under,kalshi,0.35,0.99,1.0101,-0.5964,False,False,dryrun,high,computed
2026-07-06T22:49:55Z,26JUL06USABEL,2h_btts,2h_btts,,no,kalshi,0.62,yes,polymarket,0.37,0.99,1.0101,-0.6951,False,False,dryrun,high,computed
2026-07-06T22:49:55Z,26JUL06USABEL,team_total,team_total|usa|1.5,1.5,over,polymarket,0.45,under,kalshi,0.54,0.99,1.0101,-0.7937,False,False,dryrun,high,computed
2026-07-06T22:49:55Z,26JUL06USABEL,team_total,team_total|usa|2.5,2.5,over,polymarket,0.19,under,kalshi,0.8077,0.9977,0.233,-0.1996,False,False,dryrun,high,computed
2026-07-06T22:49:55Z,26JUL07ARGEGY,team_total,team_total|argentina|1.5,1.5,over,polymarket,0.609,under,kalshi,0.39,0.999,0.097,-0.6951,False,False,dryrun,high,computed
2026-07-06T22:50:15Z,26JUL06USABEL,1h_total,1h_total|1.5,1.5,over,polymarket,0.33,under,kalshi,0.66,0.99,1.0101,-0.5964,False,False,dryrun,high,computed
2026-07-06T22:50:15Z,26JUL07SUICOL,team_total,team_total|switzerland|0.5,0.5,over,polymarket,0.64,under,kalshi,0.35,0.99,1.0101,-0.5964,False,False,dryrun,high,computed
2026-07-06T22:50:15Z,26JUL06USABEL,2h_btts,2h_btts,,no,kalshi,0.62,yes,polymarket,0.37,0.99,1.0101,-0.6951,False,False,dryrun,high,computed
2026-07-06T22:50:15Z,26JUL06USABEL,team_total,team_total|usa|1.5,1.5,over,polymarket,0.45,under,kalshi,0.54,0.99,1.0101,-0.7937,False,False,dryrun,high,computed
2026-07-06T22:50:15Z,26JUL06USABEL,team_total,team_total|usa|2.5,2.5,over,polymarket,0.19,under,kalshi,0.8077,0.9977,0.233,-0.1996,False,False,dryrun,high,computed
2026-07-06T22:50:15Z,26JUL07ARGEGY,team_total,team_total|argentina|1.5,1.5,over,polymarket,0.609,under,kalshi,0.39,0.999,0.097,-0.6951,False,False,dryrun,high,computed
2026-07-06T22:50:35Z,26JUL06USABEL,1h_total,1h_total|1.5,1.5,over,polymarket,0.33,under,kalshi,0.66,0.99,1.0101,-0.5964,False,False,dryrun,high,computed
2026-07-06T22:50:35Z,26JUL07SUICOL,team_total,team_total|switzerland|0.5,0.5,over,polymarket,0.64,under,kalshi,0.35,0.99,1.0101,-0.5964,False,False,dryrun,high,computed
2026-07-06T22:50:35Z,26JUL06USABEL,2h_btts,2h_btts,,no,kalshi,0.62,yes,polymarket,0.37,0.99,1.0101,-0.6951,False,False,dryrun,high,computed
2026-07-06T22:50:35Z,26JUL06USABEL,team_total,team_total|usa|1.5,1.5,over,polymarket,0.45,under,kalshi,0.54,0.99,1.0101,-0.7937,False,False,dryrun,high,computed
2026-07-06T22:50:35Z,26JUL06USABEL,team_total,team_total|usa|2.5,2.5,over,polymarket,0.19,under,kalshi,0.8077,0.9977,0.233,-0.1996,False,False,dryrun,high,computed
2026-07-06T22:50:35Z,26JUL07ARGEGY,team_total,team_total|argentina|1.5,1.5,over,polymarket,0.609,under,kalshi,0.39,0.999,0.097,-0.6951,False,False,dryrun,high,computed
2026-07-06T22:50:55Z,26JUL06USABEL,1h_total,1h_total|1.5,1.5,over,polymarket,0.33,under,kalshi,0.66,0.99,1.0101,-0.5964,False,False,dryrun,high,computed
2026-07-06T22:50:55Z,26JUL07SUICOL,team_total,team_total|switzerland|0.5,0.5,over,polymarket,0.64,under,kalshi,0.35,0.99,1.0101,-0.5964,False,False,dryrun,high,computed
2026-07-06T22:50:55Z,26JUL06USABEL,2h_btts,2h_btts,,no,kalshi,0.62,yes,polymarket,0.37,0.99,1.0101,-0.6951,False,False,dryrun,high,computed
2026-07-06T22:50:55Z,26JUL06USABEL,team_total,team_total|usa|1.5,1.5,over,polymarket,0.45,under,kalshi,0.54,0.99,1.0101,-0.7937,False,False,dryrun,high,computed
2026-07-06T22:50:55Z,26JUL06USABEL,team_total,team_total|usa|2.5,2.5,over,polymarket,0.19,under,kalshi,0.8077,0.9977,0.233,-0.1996,False,False,dryrun,high,computed
2026-07-06T22:50:55Z,26JUL07ARGEGY,team_total,team_total|argentina|1.5,1.5,over,polymarket,0.6087,under,kalshi,0.39,0.9987,0.1268,-0.6951,False,False,dryrun,high,computed
2026-07-06T22:51:15Z,26JUL06USABEL,1h_total,1h_total|1.5,1.5,over,polymarket,0.33,under,kalshi,0.66,0.99,1.0101,-0.5964,False,False,dryrun,high,computed
2026-07-06T22:51:15Z,26JUL07SUICOL,team_total,team_total|switzerland|0.5,0.5,over,polymarket,0.64,under,kalshi,0.35,0.99,1.0101,-0.5964,False,False,dryrun,high,computed
2026-07-06T22:51:15Z,26JUL06USABEL,2h_btts,2h_btts,,no,kalshi,0.62,yes,polymarket,0.37,0.99,1.0101,-0.6951,False,False,dryrun,high,computed
2026-07-06T22:51:15Z,26JUL06USABEL,team_total,team_total|usa|1.5,1.5,over,polymarket,0.45,under,kalshi,0.54,0.99,1.0101,-0.7937,False,False,dryrun,high,computed
2026-07-06T22:51:15Z,26JUL06USABEL,team_total,team_total|usa|2.5,2.5,over,polymarket,0.19,under,kalshi,0.8077,0.9977,0.233,-0.1996,False,False,dryrun,high,computed
2026-07-06T22:51:15Z,26JUL07ARGEGY,team_total,team_total|argentina|1.5,1.5,over,polymarket,0.609,under,kalshi,0.39,0.999,0.097,-0.6951,False,False,dryrun,high,computed
2026-07-06T22:51:35Z,26JUL06USABEL,1h_total,1h_total|1.5,1.5,over,polymarket,0.33,under,kalshi,0.66,0.99,1.0101,-0.5964,False,False,dryrun,high,computed
2026-07-06T22:51:35Z,26JUL07SUICOL,team_total,team_total|switzerland|0.5,0.5,over,polymarket,0.64,under,kalshi,0.35,0.99,1.0101,-0.5964,False,False,dryrun,high,computed
2026-07-06T22:51:35Z,26JUL06USABEL,2h_btts,2h_btts,,no,kalshi,0.62,yes,polymarket,0.37,0.99,1.0101,-0.6951,False,False,dryrun,high,computed
2026-07-06T22:51:35Z,26JUL06USABEL,team_total,team_total|usa|1.5,1.5,over,polymarket,0.45,under,kalshi,0.54,0.99,1.0101,-0.7937,False,False,dryrun,high,computed
2026-07-06T22:51:35Z,26JUL06USABEL,team_total,team_total|usa|2.5,2.5,over,polymarket,0.19,under,kalshi,0.8077,0.9977,0.233,-0.1996,False,False,dryrun,high,computed
2026-07-06T22:51:35Z,26JUL07ARGEGY,team_total,team_total|argentina|1.5,1.5,over,polymarket,0.609,under,kalshi,0.39,0.999,0.097,-0.6951,False,False,dryrun,high,computed
2026-07-06T22:51:55Z,26JUL06USABEL,2h_btts,2h_btts,,no,kalshi,0.62,yes,polymarket,0.36,0.98,2.0408,0.3009,True,True,dryrun,high,computed
2026-07-06T22:51:55Z,26JUL06USABEL,1h_total,1h_total|1.5,1.5,over,polymarket,0.33,under,kalshi,0.66,0.99,1.0101,-0.5964,False,False,dryrun,high,computed
2026-07-06T22:51:55Z,26JUL07SUICOL,team_total,team_total|switzerland|0.5,0.5,over,polymarket,0.64,under,kalshi,0.35,0.99,1.0101,-0.5964,False,False,dryrun,high,computed
2026-07-06T22:51:55Z,26JUL06USABEL,team_total,team_total|usa|1.5,1.5,over,polymarket,0.45,under,kalshi,0.54,0.99,1.0101,-0.7937,False,False,dryrun,high,computed
2026-07-06T22:51:55Z,26JUL06USABEL,team_total,team_total|usa|2.5,2.5,over,polymarket,0.19,under,kalshi,0.8077,0.9977,0.233,-0.1996,False,False,dryrun,high,computed
2026-07-06T22:52:15Z,26JUL06USABEL,1h_total,1h_total|1.5,1.5,over,polymarket,0.33,under,kalshi,0.66,0.99,1.0101,-0.5964,False,False,dryrun,high,computed
2026-07-06T22:52:15Z,26JUL07SUICOL,team_total,team_total|switzerland|0.5,0.5,over,polymarket,0.64,under,kalshi,0.35,0.99,1.0101,-0.5964,False,False,dryrun,high,computed
2026-07-06T22:52:15Z,26JUL06USABEL,2h_btts,2h_btts,,no,kalshi,0.63,yes,polymarket,0.36,0.99,1.0101,-0.6951,False,False,dryrun,high,computed
2026-07-06T22:52:15Z,26JUL06USABEL,team_total,team_total|usa|1.5,1.5,over,polymarket,0.45,under,kalshi,0.54,0.99,1.0101,-0.7937,False,False,dryrun,high,computed
2026-07-06T22:52:15Z,26JUL06USABEL,team_total,team_total|belgium|1.5,1.5,over,polymarket,0.41,under,kalshi,0.58,0.99,1.0101,-0.7937,False,False,dryrun,high,computed
2026-07-06T22:52:15Z,26JUL06USABEL,team_total,team_total|usa|2.5,2.5,over,polymarket,0.19,under,kalshi,0.8077,0.9977,0.233,-0.1996,False,False,dryrun,high,computed
2026-07-06T22:52:35Z,26JUL06USABEL,1h_total,1h_total|1.5,1.5,over,polymarket,0.33,under,kalshi,0.66,0.99,1.0101,-0.5964,False,False,dryrun,high,computed
2026-07-06T22:52:35Z,26JUL07SUICOL,team_total,team_total|switzerland|0.5,0.5,over,polymarket,0.64,under,kalshi,0.35,0.99,1.0101,-0.5964,False,False,dryrun,high,computed
2026-07-06T22:52:35Z,26JUL06USABEL,2h_btts,2h_btts,,no,kalshi,0.63,yes,polymarket,0.36,0.99,1.0101,-0.6951,False,False,dryrun,high,computed
2026-07-06T22:52:35Z,26JUL06USABEL,team_total,team_total|usa|1.5,1.5,over,polymarket,0.45,under,kalshi,0.54,0.99,1.0101,-0.7937,False,False,dryrun,high,computed
2026-07-06T22:52:35Z,26JUL06USABEL,team_total,team_total|belgium|1.5,1.5,over,polymarket,0.41,under,kalshi,0.58,0.99,1.0101,-0.7937,False,False,dryrun,high,computed
2026-07-06T22:52:35Z,26JUL06USABEL,team_total,team_total|usa|2.5,2.5,over,polymarket,0.19,under,kalshi,0.8077,0.9977,0.233,-0.1996,False,False,dryrun,high,computed
2026-07-06T22:52:55Z,26JUL06USABEL,1h_total,1h_total|1.5,1.5,over,polymarket,0.33,under,kalshi,0.66,0.99,1.0101,-0.5964,False,False,dryrun,high,computed
2026-07-06T22:52:55Z,26JUL07SUICOL,team_total,team_total|switzerland|0.5,0.5,over,polymarket,0.64,under,kalshi,0.35,0.99,1.0101,-0.5964,False,False,dryrun,high,computed
2026-07-06T22:52:55Z,26JUL06USABEL,2h_btts,2h_btts,,no,kalshi,0.63,yes,polymarket,0.36,0.99,1.0101,-0.6951,False,False,dryrun,high,computed
2026-07-06T22:52:55Z,26JUL06USABEL,team_total,team_total|belgium|1.5,1.5,over,polymarket,0.41,under,kalshi,0.58,0.99,1.0101,-0.7937,False,False,dryrun,high,computed
2026-07-06T22:52:55Z,26JUL06USABEL,team_total,team_total|usa|1.5,1.5,over,polymarket,0.45,under,kalshi,0.5403,0.9903,0.9824,-0.7937,False,False,dryrun,high,computed
2026-07-06T22:52:55Z,26JUL06USABEL,team_total,team_total|usa|2.5,2.5,over,polymarket,0.19,under,kalshi,0.8077,0.9977,0.233,-0.1996,False,False,dryrun,high,computed
2026-07-06T22:53:15Z,26JUL07SUICOL,team_total,team_total|switzerland|0.5,0.5,over,polymarket,0.64,under,kalshi,0.35,0.99,1.0101,-0.5964,False,False,dryrun,high,computed
2026-07-06T22:53:15Z,26JUL06USABEL,2h_btts,2h_btts,,no,kalshi,0.63,yes,polymarket,0.36,0.99,1.0101,-0.6951,False,False,dryrun,high,computed
2026-07-06T22:53:15Z,26JUL06USABEL,team_total,team_total|belgium|1.5,1.5,over,polymarket,0.41,under,kalshi,0.58,0.99,1.0101,-0.7937,False,False,dryrun,high,computed
2026-07-06T22:53:15Z,26JUL06USABEL,team_total,team_total|usa|1.5,1.5,over,polymarket,0.45,under,kalshi,0.5403,0.9903,0.9824,-0.7937,False,False,dryrun,high,computed
2026-07-06T22:53:15Z,26JUL06USABEL,team_total,team_total|usa|2.5,2.5,over,polymarket,0.19,under,kalshi,0.8077,0.9977,0.233,-0.1996,False,False,dryrun,high,computed
2026-07-06T22:53:35Z,26JUL07SUICOL,team_total,team_total|switzerland|0.5,0.5,over,polymarket,0.64,under,kalshi,0.35,0.99,1.0101,-0.5964,False,False,dryrun,high,computed
2026-07-06T22:53:35Z,26JUL06USABEL,2h_btts,2h_btts,,no,kalshi,0.63,yes,polymarket,0.36,0.99,1.0101,-0.6951,False,False,dryrun,high,computed
2026-07-06T22:53:35Z,26JUL06USABEL,team_total,team_total|belgium|1.5,1.5,over,polymarket,0.41,under,kalshi,0.58,0.99,1.0101,-0.7937,False,False,dryrun,high,computed
2026-07-06T22:53:35Z,26JUL06USABEL,team_total,team_total|usa|1.5,1.5,over,polymarket,0.45,under,kalshi,0.542,0.992,0.8042,-0.7937,False,False,dryrun,high,computed
2026-07-06T22:53:35Z,26JUL06USABEL,team_total,team_total|usa|2.5,2.5,over,polymarket,0.19,under,kalshi,0.8077,0.9977,0.233,-0.1996,False,False,dryrun,high,computed
2026-07-06T22:53:55Z,26JUL07SUICOL,team_total,team_total|switzerland|0.5,0.5,over,polymarket,0.64,under,kalshi,0.35,0.99,1.0101,-0.5964,False,False,dryrun,high,computed
2026-07-06T22:53:55Z,26JUL06USABEL,2h_btts,2h_btts,,no,kalshi,0.63,yes,polymarket,0.36,0.99,1.0101,-0.6951,False,False,dryrun,high,computed
2026-07-06T22:53:55Z,26JUL06USABEL,team_total,team_total|belgium|1.5,1.5,over,polymarket,0.41,under,kalshi,0.58,0.99,1.0101,-0.7937,False,False,dryrun,high,computed
2026-07-06T22:53:55Z,26JUL06USABEL,team_total,team_total|usa|1.5,1.5,over,polymarket,0.45,under,kalshi,0.5425,0.9925,0.7534,-0.7937,False,False,dryrun,high,computed
2026-07-06T22:53:55Z,26JUL06USABEL,team_total,team_total|usa|2.5,2.5,over,polymarket,0.19,under,kalshi,0.8077,0.9977,0.233,-0.1996,False,False,dryrun,high,computed
2026-07-06T22:54:15Z,26JUL07SUICOL,team_total,team_total|switzerland|0.5,0.5,over,polymarket,0.64,under,kalshi,0.35,0.99,1.0101,-0.5964,False,False,dryrun,high,computed
2026-07-06T22:54:15Z,26JUL06USABEL,2h_btts,2h_btts,,no,kalshi,0.63,yes,polymarket,0.36,0.99,1.0101,-0.6951,False,False,dryrun,high,computed
2026-07-06T22:54:15Z,26JUL06USABEL,team_total,team_total|belgium|1.5,1.5,over,polymarket,0.41,under,kalshi,0.58,0.99,1.0101,-0.7937,False,False,dryrun,high,computed
2026-07-06T22:54:15Z,26JUL06USABEL,team_total,team_total|usa|1.5,1.5,over,polymarket,0.45,under,kalshi,0.5425,0.9925,0.7534,-0.7937,False,False,dryrun,high,computed
2026-07-06T22:54:15Z,26JUL06USABEL,team_total,team_total|usa|2.5,2.5,over,polymarket,0.19,under,kalshi,0.8077,0.9977,0.233,-0.1996,False,False,dryrun,high,computed
2026-07-06T22:54:35Z,26JUL07SUICOL,team_total,team_total|switzerland|0.5,0.5,over,polymarket,0.64,under,kalshi,0.35,0.99,1.0101,-0.5964,False,False,dryrun,high,computed
2026-07-06T22:54:35Z,26JUL06USABEL,2h_btts,2h_btts,,no,kalshi,0.63,yes,polymarket,0.36,0.99,1.0101,-0.6951,False,False,dryrun,high,computed
2026-07-06T22:54:35Z,26JUL06USABEL,team_total,team_total|belgium|1.5,1.5,over,polymarket,0.41,under,kalshi,0.58,0.99,1.0101,-0.7937,False,False,dryrun,high,computed
2026-07-06T22:54:35Z,26JUL06USABEL,team_total,team_total|usa|2.5,2.5,over,polymarket,0.19,under,kalshi,0.8077,0.9977,0.233,-0.1996,False,False,dryrun,high,computed
2026-07-06T22:54:55Z,26JUL07SUICOL,team_total,team_total|switzerland|0.5,0.5,over,polymarket,0.64,under,kalshi,0.35,0.99,1.0101,-0.5964,False,False,dryrun,high,computed
2026-07-06T22:54:55Z,26JUL06USABEL,2h_btts,2h_btts,,no,kalshi,0.63,yes,polymarket,0.36,0.99,1.0101,-0.6951,False,False,dryrun,high,computed
2026-07-06T22:54:55Z,26JUL06USABEL,team_total,team_total|belgium|1.5,1.5,over,polymarket,0.41,under,kalshi,0.58,0.99,1.0101,-0.7937,False,False,dryrun,high,computed
2026-07-06T22:54:55Z,26JUL06USABEL,team_total,team_total|usa|2.5,2.5,over,polymarket,0.19,under,kalshi,0.8077,0.9977,0.233,-0.1996,False,False,dryrun,high,computed
2026-07-06T22:55:15Z,26JUL07SUICOL,team_total,team_total|switzerland|0.5,0.5,over,polymarket,0.64,under,kalshi,0.35,0.99,1.0101,-0.5964,False,False,dryrun,high,computed
2026-07-06T22:55:15Z,26JUL06USABEL,2h_btts,2h_btts,,no,kalshi,0.63,yes,polymarket,0.36,0.99,1.0101,-0.6951,False,False,dryrun,high,computed
2026-07-06T22:55:15Z,26JUL06USABEL,team_total,team_total|belgium|1.5,1.5,over,polymarket,0.41,under,kalshi,0.58,0.99,1.0101,-0.7937,False,False,dryrun,high,computed
2026-07-06T22:55:15Z,26JUL06USABEL,team_total,team_total|usa|2.5,2.5,over,polymarket,0.19,under,kalshi,0.8077,0.9977,0.233,-0.1996,False,False,dryrun,high,computed
2026-07-06T22:55:35Z,26JUL07SUICOL,team_total,team_total|switzerland|0.5,0.5,over,polymarket,0.64,under,kalshi,0.35,0.99,1.0101,-0.5964,False,False,dryrun,high,computed
2026-07-06T22:55:35Z,26JUL06USABEL,2h_btts,2h_btts,,no,kalshi,0.63,yes,polymarket,0.36,0.99,1.0101,-0.6951,False,False,dryrun,high,computed
2026-07-06T22:55:35Z,26JUL06USABEL,team_total,team_total|belgium|1.5,1.5,over,polymarket,0.41,under,kalshi,0.58,0.99,1.0101,-0.7937,False,False,dryrun,high,computed
2026-07-06T22:55:35Z,26JUL06USABEL,team_total,team_total|usa|2.5,2.5,over,polymarket,0.19,under,kalshi,0.8077,0.9977,0.233,-0.1996,False,False,dryrun,high,computed
2026-07-06T22:55:55Z,26JUL07SUICOL,team_total,team_total|switzerland|0.5,0.5,over,polymarket,0.64,under,kalshi,0.35,0.99,1.0101,-0.5964,False,False,dryrun,high,computed
2026-07-06T22:55:55Z,26JUL06USABEL,2h_btts,2h_btts,,no,kalshi,0.63,yes,polymarket,0.36,0.99,1.0101,-0.6951,False,False,dryrun,high,computed
2026-07-06T22:55:55Z,26JUL06USABEL,team_total,team_total|belgium|1.5,1.5,over,polymarket,0.41,under,kalshi,0.58,0.99,1.0101,-0.7937,False,False,dryrun,high,computed
2026-07-06T22:55:55Z,26JUL06USABEL,team_total,team_total|usa|2.5,2.5,over,polymarket,0.19,under,kalshi,0.8077,0.9977,0.233,-0.1996,False,False,dryrun,high,computed
2026-07-06T22:56:15Z,26JUL07SUICOL,team_total,team_total|switzerland|0.5,0.5,over,polymarket,0.64,under,kalshi,0.35,0.99,1.0101,-0.5964,False,False,dryrun,high,computed
2026-07-06T22:56:15Z,26JUL06USABEL,2h_btts,2h_btts,,no,kalshi,0.63,yes,polymarket,0.36,0.99,1.0101,-0.6951,False,False,dryrun,high,computed
2026-07-06T22:56:15Z,26JUL06USABEL,team_total,team_total|belgium|1.5,1.5,over,polymarket,0.41,under,kalshi,0.58,0.99,1.0101,-0.7937,False,False,dryrun,high,computed
2026-07-06T22:56:15Z,26JUL06USABEL,team_total,team_total|usa|2.5,2.5,over,polymarket,0.19,under,kalshi,0.8077,0.9977,0.233,-0.1996,False,False,dryrun,high,computed
2026-07-06T22:56:35Z,26JUL07SUICOL,team_total,team_total|switzerland|0.5,0.5,over,polymarket,0.64,under,kalshi,0.35,0.99,1.0101,-0.5964,False,False,dryrun,high,computed
2026-07-06T22:56:35Z,26JUL06USABEL,2h_btts,2h_btts,,no,kalshi,0.63,yes,polymarket,0.36,0.99,1.0101,-0.6951,False,False,dryrun,high,computed
2026-07-06T22:56:35Z,26JUL06USABEL,team_total,team_total|belgium|1.5,1.5,over,polymarket,0.41,under,kalshi,0.58,0.99,1.0101,-0.7937,False,False,dryrun,high,computed
2026-07-06T22:56:35Z,26JUL06USABEL,team_total,team_total|usa|2.5,2.5,over,polymarket,0.19,under,kalshi,0.8077,0.9977,0.233,-0.1996,False,False,dryrun,high,computed
2026-07-06T22:56:55Z,26JUL07SUICOL,team_total,team_total|switzerland|0.5,0.5,over,polymarket,0.64,under,kalshi,0.35,0.99,1.0101,-0.5964,False,False,dryrun,high,computed
2026-07-06T22:56:55Z,26JUL06USABEL,2h_btts,2h_btts,,no,kalshi,0.63,yes,polymarket,0.36,0.99,1.0101,-0.6951,False,False,dryrun,high,computed
2026-07-06T22:56:55Z,26JUL06USABEL,team_total,team_total|belgium|1.5,1.5,over,polymarket,0.41,under,kalshi,0.58,0.99,1.0101,-0.7937,False,False,dryrun,high,computed
2026-07-06T22:56:55Z,26JUL06USABEL,team_total,team_total|usa|2.5,2.5,over,polymarket,0.19,under,kalshi,0.8077,0.9977,0.233,-0.1996,False,False,dryrun,high,computed
2026-07-06T22:57:15Z,26JUL07SUICOL,team_total,team_total|switzerland|0.5,0.5,over,polymarket,0.64,under,kalshi,0.35,0.99,1.0101,-0.5964,False,False,dryrun,high,computed
2026-07-06T22:57:15Z,26JUL06USABEL,2h_btts,2h_btts,,no,kalshi,0.63,yes,polymarket,0.36,0.99,1.0101,-0.6951,False,False,dryrun,high,computed
2026-07-06T22:57:35Z,26JUL07SUICOL,team_total,team_total|switzerland|0.5,0.5,over,polymarket,0.64,under,kalshi,0.35,0.99,1.0101,-0.5964,False,False,dryrun,high,computed
2026-07-06T22:57:35Z,26JUL06USABEL,2h_btts,2h_btts,,no,kalshi,0.63,yes,polymarket,0.36,0.99,1.0101,-0.6951,False,False,dryrun,high,computed
2026-07-06T22:57:55Z,26JUL07SUICOL,team_total,team_total|switzerland|0.5,0.5,over,polymarket,0.64,under,kalshi,0.35,0.99,1.0101,-0.5964,False,False,dryrun,high,computed
2026-07-06T22:57:55Z,26JUL06USABEL,2h_btts,2h_btts,,no,kalshi,0.63,yes,polymarket,0.36,0.99,1.0101,-0.6951,False,False,dryrun,high,computed
2026-07-06T22:58:15Z,26JUL07SUICOL,team_total,team_total|switzerland|0.5,0.5,over,polymarket,0.64,under,kalshi,0.35,0.99,1.0101,-0.5964,False,False,dryrun,high,computed
2026-07-06T22:58:15Z,26JUL06USABEL,2h_btts,2h_btts,,no,kalshi,0.63,yes,polymarket,0.36,0.99,1.0101,-0.6951,False,False,dryrun,high,computed
2026-07-06T22:58:35Z,26JUL07SUICOL,team_total,team_total|switzerland|0.5,0.5,over,polymarket,0.64,under,kalshi,0.35,0.99,1.0101,-0.5964,False,False,dryrun,high,computed
2026-07-06T22:58:35Z,26JUL06USABEL,2h_btts,2h_btts,,no,kalshi,0.63,yes,polymarket,0.36,0.99,1.0101,-0.6951,False,False,dryrun,high,computed
2026-07-06T22:58:55Z,26JUL07SUICOL,team_total,team_total|switzerland|0.5,0.5,over,polymarket,0.64,under,kalshi,0.35,0.99,1.0101,-0.5964,False,False,dryrun,high,computed
2026-07-06T22:58:55Z,26JUL06USABEL,2h_btts,2h_btts,,no,kalshi,0.63,yes,polymarket,0.36,0.99,1.0101,-0.6951,False,False,dryrun,high,computed
2026-07-06T22:59:15Z,26JUL07SUICOL,team_total,team_total|switzerland|0.5,0.5,over,polymarket,0.64,under,kalshi,0.35,0.99,1.0101,-0.5964,False,False,dryrun,high,computed
2026-07-06T22:59:15Z,26JUL06USABEL,2h_btts,2h_btts,,no,kalshi,0.63,yes,polymarket,0.36,0.99,1.0101,-0.6951,False,False,dryrun,high,computed
2026-07-06T22:59:35Z,26JUL07SUICOL,team_total,team_total|switzerland|0.5,0.5,over,polymarket,0.64,under,kalshi,0.35,0.99,1.0101,-0.5964,False,False,dryrun,high,computed
2026-07-06T22:59:35Z,26JUL06USABEL,2h_btts,2h_btts,,no,kalshi,0.63,yes,polymarket,0.36,0.99,1.0101,-0.6951,False,False,dryrun,high,computed
2026-07-06T22:59:55Z,26JUL07SUICOL,team_total,team_total|switzerland|0.5,0.5,over,polymarket,0.64,under,kalshi,0.35,0.99,1.0101,-0.5964,False,False,dryrun,high,computed
2026-07-06T22:59:55Z,26JUL06USABEL,2h_btts,2h_btts,,no,kalshi,0.63,yes,polymarket,0.36,0.99,1.0101,-0.6951,False,False,dryrun,high,computed
2026-07-06T23:00:15Z,26JUL07SUICOL,team_total,team_total|switzerland|0.5,0.5,over,polymarket,0.64,under,kalshi,0.35,0.99,1.0101,-0.5964,False,False,dryrun,high,computed
2026-07-06T23:00:15Z,26JUL06USABEL,2h_btts,2h_btts,,no,kalshi,0.63,yes,polymarket,0.36,0.99,1.0101,-0.6951,False,False,dryrun,high,computed
2026-07-06T23:00:35Z,26JUL07SUICOL,team_total,team_total|switzerland|0.5,0.5,over,polymarket,0.64,under,kalshi,0.35,0.99,1.0101,-0.5964,False,False,dryrun,high,computed
2026-07-06T23:00:35Z,26JUL06USABEL,2h_btts,2h_btts,,no,kalshi,0.63,yes,polymarket,0.36,0.99,1.0101,-0.6951,False,False,dryrun,high,computed
2026-07-06T23:00:55Z,26JUL07SUICOL,team_total,team_total|switzerland|0.5,0.5,over,polymarket,0.64,under,kalshi,0.35,0.99,1.0101,-0.5964,False,False,dryrun,high,computed
2026-07-06T23:00:55Z,26JUL06USABEL,2h_btts,2h_btts,,no,kalshi,0.63,yes,polymarket,0.36,0.99,1.0101,-0.6951,False,False,dryrun,high,computed
2026-07-06T23:01:15Z,26JUL07SUICOL,team_total,team_total|switzerland|0.5,0.5,over,polymarket,0.64,under,kalshi,0.35,0.99,1.0101,-0.5964,False,False,dryrun,high,computed
2026-07-06T23:01:15Z,26JUL06USABEL,2h_btts,2h_btts,,no,kalshi,0.63,yes,polymarket,0.36,0.99,1.0101,-0.6951,False,False,dryrun,high,computed
2026-07-06T23:01:35Z,26JUL07SUICOL,team_total,team_total|switzerland|0.5,0.5,over,polymarket,0.64,under,kalshi,0.35,0.99,1.0101,-0.5964,False,False,dryrun,high,computed
2026-07-06T23:01:55Z,26JUL07SUICOL,team_total,team_total|switzerland|0.5,0.5,over,polymarket,0.64,under,kalshi,0.35,0.99,1.0101,-0.5964,False,False,dryrun,high,computed
2026-07-06T23:01:55Z,26JUL07ARGEGY,team_total,team_total|argentina|1.5,1.5,over,polymarket,0.609,under,kalshi,0.39,0.999,0.097,-0.6951,False,False,dryrun,high,computed
2026-07-06T23:02:15Z,26JUL07SUICOL,team_total,team_total|switzerland|0.5,0.5,over,polymarket,0.64,under,kalshi,0.35,0.99,1.0101,-0.5964,False,False,dryrun,high,computed
2026-07-06T23:02:15Z,26JUL06USABEL,team_total,team_total|usa|2.5,2.5,over,polymarket,0.19,under,kalshi,0.8,0.99,1.0101,-2.0568,False,False,dryrun,high,computed
2026-07-06T23:02:15Z,26JUL07ARGEGY,team_total,team_total|argentina|1.5,1.5,over,polymarket,0.6099,under,kalshi,0.39,0.9999,0.0066,-1.5438,False,False,dryrun,high,computed
2026-07-06T23:02:35Z,26JUL07SUICOL,team_total,team_total|switzerland|0.5,0.5,over,polymarket,0.64,under,kalshi,0.35,0.99,1.0101,-0.5964,False,False,dryrun,high,computed
2026-07-06T23:02:35Z,26JUL07ARGEGY,team_total,team_total|argentina|1.5,1.5,over,polymarket,0.6099,under,kalshi,0.39,0.9999,0.0066,-0.6951,False,False,dryrun,high,computed
2026-07-06T23:02:55Z,26JUL07SUICOL,team_total,team_total|switzerland|0.5,0.5,over,polymarket,0.64,under,kalshi,0.35,0.99,1.0101,-0.5964,False,False,dryrun,high,computed
2026-07-06T23:02:55Z,26JUL06USABEL,btts,btts,,no,kalshi,0.36,yes,polymarket,0.63,0.99,1.0101,-0.6951,False,False,dryrun,high,computed
2026-07-06T23:02:55Z,26JUL07ARGEGY,team_total,team_total|argentina|1.5,1.5,over,polymarket,0.609,under,kalshi,0.39,0.999,0.097,-0.6951,False,False,dryrun,high,computed
2026-07-06T23:03:15Z,26JUL07SUICOL,team_total,team_total|switzerland|0.5,0.5,over,polymarket,0.64,under,kalshi,0.35,0.99,1.0101,-0.5964,False,False,dryrun,high,computed
2026-07-06T23:03:15Z,26JUL06USABEL,btts,btts,,no,kalshi,0.36,yes,polymarket,0.63,0.99,1.0101,-0.6951,False,False,dryrun,high,computed
2026-07-06T23:03:15Z,26JUL06USABEL,team_total,team_total|usa|2.5,2.5,over,polymarket,0.18,under,kalshi,0.81,0.99,1.0101,-0.0999,False,False,dryrun,high,computed
2026-07-06T23:03:15Z,26JUL07ARGEGY,team_total,team_total|argentina|1.5,1.5,over,polymarket,0.6087,under,kalshi,0.39,0.9987,0.1271,-0.6951,False,False,dryrun,high,computed
2026-07-06T23:03:36Z,26JUL07SUICOL,team_total,team_total|switzerland|0.5,0.5,over,polymarket,0.64,under,kalshi,0.35,0.99,1.0101,-0.5964,False,False,dryrun,high,computed
2026-07-06T23:03:36Z,26JUL06USABEL,btts,btts,,no,kalshi,0.36,yes,polymarket,0.63,0.99,1.0101,-1.6716,False,False,dryrun,high,computed
2026-07-06T23:03:36Z,26JUL06USABEL,team_total,team_total|usa|2.5,2.5,over,polymarket,0.18,under,kalshi,0.81,0.99,1.0101,-0.0999,False,False,dryrun,high,computed
2026-07-06T23:03:36Z,26JUL07ARGEGY,team_total,team_total|argentina|1.5,1.5,over,polymarket,0.6099,under,kalshi,0.39,0.9999,0.0066,-2.5037,False,False,dryrun,high,computed
2026-07-06T23:03:55Z,26JUL07SUICOL,team_total,team_total|switzerland|0.5,0.5,over,polymarket,0.64,under,kalshi,0.35,0.99,1.0101,-0.5964,False,False,dryrun,high,computed
2026-07-06T23:03:55Z,26JUL06USABEL,team_total,team_total|usa|2.5,2.5,over,polymarket,0.18,under,kalshi,0.81,0.99,1.0101,-0.0999,False,False,dryrun,high,computed
2026-07-06T23:04:15Z,26JUL07SUICOL,team_total,team_total|switzerland|0.5,0.5,over,polymarket,0.64,under,kalshi,0.35,0.99,1.0101,-0.5964,False,False,dryrun,high,computed
2026-07-06T23:04:15Z,26JUL06USABEL,team_total,team_total|usa|2.5,2.5,over,polymarket,0.18,under,kalshi,0.81,0.99,1.0101,-0.0999,False,False,dryrun,high,computed
2026-07-06T23:04:15Z,26JUL07ARGEGY,team_total,team_total|argentina|1.5,1.5,over,polymarket,0.6087,under,kalshi,0.39,0.9987,0.1271,-1.088,False,False,dryrun,high,computed
2026-07-06T23:04:35Z,26JUL07SUICOL,team_total,team_total|switzerland|0.5,0.5,over,polymarket,0.64,under,kalshi,0.35,0.99,1.0101,-0.5964,False,False,dryrun,high,computed
2026-07-06T23:04:35Z,26JUL06USABEL,team_total,team_total|usa|2.5,2.5,over,polymarket,0.18,under,kalshi,0.81,0.99,1.0101,-0.0999,False,False,dryrun,high,computed
2026-07-06T23:04:55Z,26JUL07SUICOL,team_total,team_total|switzerland|0.5,0.5,over,polymarket,0.64,under,kalshi,0.35,0.99,1.0101,-0.5964,False,False,dryrun,high,computed
2026-07-06T23:04:55Z,26JUL06USABEL,team_total,team_total|usa|2.5,2.5,over,polymarket,0.18,under,kalshi,0.81,0.99,1.0101,-0.0999,False,False,dryrun,high,computed
2026-07-06T23:05:15Z,26JUL07SUICOL,team_total,team_total|switzerland|0.5,0.5,over,polymarket,0.64,under,kalshi,0.35,0.99,1.0101,-0.5964,False,False,dryrun,high,computed
2026-07-06T23:05:15Z,26JUL06USABEL,team_total,team_total|usa|2.5,2.5,over,polymarket,0.18,under,kalshi,0.81,0.99,1.0101,-0.0999,False,False,dryrun,high,computed
2026-07-06T23:05:35Z,26JUL07SUICOL,team_total,team_total|switzerland|0.5,0.5,over,polymarket,0.64,under,kalshi,0.35,0.99,1.0101,-0.5964,False,False,dryrun,high,computed
2026-07-06T23:05:35Z,26JUL06USABEL,team_total,team_total|usa|2.5,2.5,over,polymarket,0.18,under,kalshi,0.81,0.99,1.0101,-0.0999,False,False,dryrun,high,computed
2026-07-06T23:05:55Z,26JUL07SUICOL,team_total,team_total|switzerland|0.5,0.5,over,polymarket,0.64,under,kalshi,0.35,0.99,1.0101,-0.5964,False,False,dryrun,high,computed
2026-07-06T23:05:55Z,26JUL06USABEL,team_total,team_total|usa|2.5,2.5,over,polymarket,0.18,under,kalshi,0.81,0.99,1.0101,-0.0999,False,False,dryrun,high,computed
2026-07-06T23:06:15Z,26JUL07SUICOL,team_total,team_total|switzerland|0.5,0.5,over,polymarket,0.64,under,kalshi,0.35,0.99,1.0101,-0.5964,False,False,dryrun,high,computed
2026-07-06T23:06:15Z,26JUL06USABEL,team_total,team_total|usa|2.5,2.5,over,polymarket,0.18,under,kalshi,0.81,0.99,1.0101,-0.0999,False,False,dryrun,high,computed
2026-07-06T23:06:35Z,26JUL07SUICOL,team_total,team_total|switzerland|0.5,0.5,over,polymarket,0.64,under,kalshi,0.35,0.99,1.0101,-0.5964,False,False,dryrun,high,computed
2026-07-06T23:06:35Z,26JUL06USABEL,team_total,team_total|usa|2.5,2.5,over,polymarket,0.18,under,kalshi,0.81,0.99,1.0101,-0.0999,False,False,dryrun,high,computed
2026-07-06T23:06:55Z,26JUL07SUICOL,team_total,team_total|switzerland|0.5,0.5,over,polymarket,0.64,under,kalshi,0.35,0.99,1.0101,-0.5964,False,False,dryrun,high,computed
2026-07-06T23:06:55Z,26JUL06USABEL,team_total,team_total|usa|2.5,2.5,over,polymarket,0.18,under,kalshi,0.81,0.99,1.0101,-0.0999,False,False,dryrun,high,computed
2026-07-06T23:07:15Z,26JUL07SUICOL,team_total,team_total|switzerland|0.5,0.5,over,polymarket,0.64,under,kalshi,0.35,0.99,1.0101,-0.5964,False,False,dryrun,high,computed
2026-07-06T23:07:15Z,26JUL06USABEL,team_total,team_total|usa|2.5,2.5,over,polymarket,0.18,under,kalshi,0.81,0.99,1.0101,-0.0999,False,False,dryrun,high,computed
2026-07-06T23:07:35Z,26JUL07SUICOL,team_total,team_total|switzerland|0.5,0.5,over,polymarket,0.64,under,kalshi,0.35,0.99,1.0101,-0.5964,False,False,dryrun,high,computed
2026-07-06T23:07:35Z,26JUL06USABEL,team_total,team_total|usa|2.5,2.5,over,polymarket,0.18,under,kalshi,0.81,0.99,1.0101,-0.0999,False,False,dryrun,high,computed
2026-07-06T23:07:35Z,26JUL06USABEL,total_goals,total_goals|3.5,3.5,over,polymarket,0.32,under,kalshi,0.67,0.99,1.0101,-0.5964,False,False,dryrun,high,computed
2026-07-06T23:07:35Z,26JUL06USABEL,team_total,team_total|usa|0.5,0.5,over,polymarket,0.7994,under,kalshi,0.2,0.9994,0.0625,-0.1996,False,False,dryrun,high,computed
2026-07-06T23:07:55Z,26JUL07SUICOL,team_total,team_total|switzerland|0.5,0.5,over,polymarket,0.64,under,kalshi,0.35,0.99,1.0101,-0.5964,False,False,dryrun,high,computed
2026-07-06T23:07:55Z,26JUL06USABEL,team_total,team_total|usa|2.5,2.5,over,polymarket,0.18,under,kalshi,0.81,0.99,1.0101,-0.0999,False,False,dryrun,high,computed
2026-07-06T23:07:55Z,26JUL06USABEL,total_goals,total_goals|3.5,3.5,over,polymarket,0.32,under,kalshi,0.67,0.99,1.0101,-0.5964,False,False,dryrun,high,computed
2026-07-06T23:07:55Z,26JUL06USABEL,team_total,team_total|usa|0.5,0.5,over,polymarket,0.7994,under,kalshi,0.2,0.9994,0.0625,-0.1996,False,False,dryrun,high,computed
2026-07-06T23:08:15Z,26JUL07SUICOL,team_total,team_total|switzerland|0.5,0.5,over,polymarket,0.64,under,kalshi,0.35,0.99,1.0101,-0.5964,False,False,dryrun,high,computed
2026-07-06T23:08:15Z,26JUL06USABEL,team_total,team_total|usa|0.5,0.5,over,polymarket,0.79,under,kalshi,0.2,0.99,1.0101,-0.1996,False,False,dryrun,high,computed
2026-07-06T23:08:15Z,26JUL06USABEL,team_total,team_total|usa|1.5,1.5,over,polymarket,0.44,under,kalshi,0.55,0.99,1.0101,-0.7937,False,False,dryrun,high,computed
2026-07-06T23:08:15Z,26JUL06USABEL,team_total,team_total|usa|2.5,2.5,over,polymarket,0.18,under,kalshi,0.81,0.99,1.0101,-0.0999,False,False,dryrun,high,computed
2026-07-06T23:08:15Z,26JUL06USABEL,total_goals,total_goals|3.5,3.5,over,polymarket,0.32,under,kalshi,0.67,0.99,1.0101,-0.5964,False,False,dryrun,high,computed
2026-07-06T23:08:35Z,26JUL07SUICOL,team_total,team_total|switzerland|0.5,0.5,over,polymarket,0.64,under,kalshi,0.35,0.99,1.0101,-0.5964,False,False,dryrun,high,computed
2026-07-06T23:08:35Z,26JUL06USABEL,team_total,team_total|usa|0.5,0.5,over,polymarket,0.79,under,kalshi,0.2,0.99,1.0101,-0.1996,False,False,dryrun,high,computed
2026-07-06T23:08:35Z,26JUL06USABEL,team_total,team_total|usa|1.5,1.5,over,polymarket,0.44,under,kalshi,0.55,0.99,1.0101,-0.7937,False,False,dryrun,high,computed
2026-07-06T23:08:35Z,26JUL06USABEL,team_total,team_total|usa|2.5,2.5,over,polymarket,0.18,under,kalshi,0.81,0.99,1.0101,-0.0999,False,False,dryrun,high,computed
2026-07-06T23:08:35Z,26JUL06USABEL,total_goals,total_goals|3.5,3.5,over,polymarket,0.32,under,kalshi,0.67,0.99,1.0101,-0.5964,False,False,dryrun,high,computed
2026-07-06T23:08:55Z,26JUL07SUICOL,team_total,team_total|switzerland|0.5,0.5,over,polymarket,0.64,under,kalshi,0.35,0.99,1.0101,-0.5964,False,False,dryrun,high,computed
2026-07-06T23:08:55Z,26JUL06USABEL,team_total,team_total|usa|0.5,0.5,over,polymarket,0.79,under,kalshi,0.2,0.99,1.0101,-0.1996,False,False,dryrun,high,computed
2026-07-06T23:08:55Z,26JUL06USABEL,team_total,team_total|usa|1.5,1.5,over,polymarket,0.44,under,kalshi,0.55,0.99,1.0101,-0.7937,False,False,dryrun,high,computed
2026-07-06T23:08:55Z,26JUL06USABEL,team_total,team_total|usa|2.5,2.5,over,polymarket,0.18,under,kalshi,0.81,0.99,1.0101,-0.0999,False,False,dryrun,high,computed
2026-07-06T23:08:55Z,26JUL06USABEL,total_goals,total_goals|3.5,3.5,over,polymarket,0.32,under,kalshi,0.67,0.99,1.0101,-0.5964,False,False,dryrun,high,computed
2026-07-06T23:09:15Z,26JUL07SUICOL,team_total,team_total|switzerland|0.5,0.5,over,polymarket,0.64,under,kalshi,0.35,0.99,1.0101,-0.5964,False,False,dryrun,high,computed
2026-07-06T23:09:15Z,26JUL06USABEL,team_total,team_total|usa|0.5,0.5,over,polymarket,0.79,under,kalshi,0.2,0.99,1.0101,-0.1996,False,False,dryrun,high,computed
2026-07-06T23:09:15Z,26JUL06USABEL,team_total,team_total|usa|1.5,1.5,over,polymarket,0.44,under,kalshi,0.55,0.99,1.0101,-0.7937,False,False,dryrun,high,computed
2026-07-06T23:09:15Z,26JUL06USABEL,total_goals,total_goals|3.5,3.5,over,polymarket,0.32,under,kalshi,0.67,0.99,1.0101,-0.5964,False,False,dryrun,high,computed
2026-07-06T23:09:35Z,26JUL07SUICOL,team_total,team_total|switzerland|0.5,0.5,over,polymarket,0.64,under,kalshi,0.35,0.99,1.0101,-0.5964,False,False,dryrun,high,computed
2026-07-06T23:09:35Z,26JUL06USABEL,team_total,team_total|usa|0.5,0.5,over,polymarket,0.79,under,kalshi,0.2,0.99,1.0101,-0.1996,False,False,dryrun,high,computed
2026-07-06T23:09:35Z,26JUL06USABEL,team_total,team_total|usa|1.5,1.5,over,polymarket,0.44,under,kalshi,0.55,0.99,1.0101,-0.7937,False,False,dryrun,high,computed
2026-07-06T23:09:35Z,26JUL06USABEL,total_goals,total_goals|3.5,3.5,over,polymarket,0.32,under,kalshi,0.67,0.99,1.0101,-0.5964,False,False,dryrun,high,computed
2026-07-06T23:09:55Z,26JUL07SUICOL,team_total,team_total|switzerland|0.5,0.5,over,polymarket,0.64,under,kalshi,0.35,0.99,1.0101,-0.5964,False,False,dryrun,high,computed
2026-07-06T23:09:55Z,26JUL06USABEL,team_total,team_total|usa|0.5,0.5,over,polymarket,0.79,under,kalshi,0.2,0.99,1.0101,-0.1996,False,False,dryrun,high,computed
2026-07-06T23:09:55Z,26JUL06USABEL,team_total,team_total|usa|1.5,1.5,over,polymarket,0.44,under,kalshi,0.55,0.99,1.0101,-0.7937,False,False,dryrun,high,computed
2026-07-06T23:09:55Z,26JUL06USABEL,total_goals,total_goals|3.5,3.5,over,polymarket,0.32,under,kalshi,0.67,0.99,1.0101,-0.5964,False,False,dryrun,high,computed
2026-07-06T23:10:15Z,26JUL07SUICOL,team_total,team_total|switzerland|0.5,0.5,over,polymarket,0.64,under,kalshi,0.35,0.99,1.0101,-0.5964,False,False,dryrun,high,computed
2026-07-06T23:10:15Z,26JUL06USABEL,team_total,team_total|usa|0.5,0.5,over,polymarket,0.79,under,kalshi,0.2,0.99,1.0101,-0.1996,False,False,dryrun,high,computed
2026-07-06T23:10:15Z,26JUL06USABEL,team_total,team_total|usa|1.5,1.5,over,polymarket,0.44,under,kalshi,0.55,0.99,1.0101,-0.7937,False,False,dryrun,high,computed
2026-07-06T23:10:15Z,26JUL06USABEL,team_total,team_total|usa|2.5,2.5,over,polymarket,0.18,under,kalshi,0.81,0.99,1.0101,-0.0999,False,False,dryrun,high,computed
2026-07-06T23:10:15Z,26JUL06USABEL,total_goals,total_goals|3.5,3.5,over,polymarket,0.32,under,kalshi,0.67,0.99,1.0101,-0.5964,False,False,dryrun,high,computed
2026-07-06T23:10:35Z,26JUL07SUICOL,team_total,team_total|switzerland|0.5,0.5,over,polymarket,0.64,under,kalshi,0.35,0.99,1.0101,-0.5964,False,False,dryrun,high,computed
2026-07-06T23:10:35Z,26JUL06USABEL,team_total,team_total|usa|0.5,0.5,over,polymarket,0.79,under,kalshi,0.2,0.99,1.0101,-0.1996,False,False,dryrun,high,computed
2026-07-06T23:10:35Z,26JUL06USABEL,team_total,team_total|usa|1.5,1.5,over,polymarket,0.44,under,kalshi,0.55,0.99,1.0101,-0.7937,False,False,dryrun,high,computed
2026-07-06T23:10:35Z,26JUL06USABEL,team_total,team_total|usa|2.5,2.5,over,polymarket,0.18,under,kalshi,0.81,0.99,1.0101,-0.0999,False,False,dryrun,high,computed
2026-07-06T23:10:35Z,26JUL06USABEL,total_goals,total_goals|3.5,3.5,over,polymarket,0.32,under,kalshi,0.67,0.99,1.0101,-0.5964,False,False,dryrun,high,computed
2026-07-06T23:10:55Z,26JUL07SUICOL,team_total,team_total|switzerland|0.5,0.5,over,polymarket,0.64,under,kalshi,0.35,0.99,1.0101,-0.5964,False,False,dryrun,high,computed
2026-07-06T23:10:55Z,26JUL06USABEL,team_total,team_total|usa|0.5,0.5,over,polymarket,0.79,under,kalshi,0.2,0.99,1.0101,-0.1996,False,False,dryrun,high,computed
2026-07-06T23:10:55Z,26JUL06USABEL,team_total,team_total|usa|1.5,1.5,over,polymarket,0.44,under,kalshi,0.55,0.99,1.0101,-0.7937,False,False,dryrun,high,computed
2026-07-06T23:10:55Z,26JUL06USABEL,team_total,team_total|usa|2.5,2.5,over,polymarket,0.18,under,kalshi,0.81,0.99,1.0101,-0.0999,False,False,dryrun,high,computed
2026-07-06T23:10:55Z,26JUL06USABEL,total_goals,total_goals|3.5,3.5,over,polymarket,0.32,under,kalshi,0.67,0.99,1.0101,-0.5964,False,False,dryrun,high,computed
2026-07-06T23:11:15Z,26JUL07SUICOL,team_total,team_total|switzerland|0.5,0.5,over,polymarket,0.64,under,kalshi,0.35,0.99,1.0101,-0.5964,False,False,dryrun,high,computed
2026-07-06T23:11:15Z,26JUL06USABEL,team_total,team_total|usa|0.5,0.5,over,polymarket,0.79,under,kalshi,0.2,0.99,1.0101,-0.1996,False,False,dryrun,high,computed
2026-07-06T23:11:15Z,26JUL06USABEL,team_total,team_total|usa|1.5,1.5,over,polymarket,0.44,under,kalshi,0.55,0.99,1.0101,-0.7937,False,False,dryrun,high,computed
2026-07-06T23:11:15Z,26JUL06USABEL,team_total,team_total|usa|2.5,2.5,over,polymarket,0.18,under,kalshi,0.81,0.99,1.0101,-0.0999,False,False,dryrun,high,computed
2026-07-06T23:11:15Z,26JUL06USABEL,total_goals,total_goals|3.5,3.5,over,polymarket,0.32,under,kalshi,0.67,0.99,1.0101,-0.5964,False,False,dryrun,high,computed
2026-07-06T23:11:35Z,26JUL07SUICOL,team_total,team_total|switzerland|0.5,0.5,over,polymarket,0.64,under,kalshi,0.35,0.99,1.0101,-0.5964,False,False,dryrun,high,computed
2026-07-06T23:11:35Z,26JUL06USABEL,team_total,team_total|usa|0.5,0.5,over,polymarket,0.79,under,kalshi,0.2,0.99,1.0101,-0.1996,False,False,dryrun,high,computed
2026-07-06T23:11:35Z,26JUL06USABEL,team_total,team_total|usa|1.5,1.5,over,polymarket,0.44,under,kalshi,0.55,0.99,1.0101,-0.7937,False,False,dryrun,high,computed
2026-07-06T23:11:35Z,26JUL06USABEL,team_total,team_total|usa|2.5,2.5,over,polymarket,0.18,under,kalshi,0.81,0.99,1.0101,-0.0999,False,False,dryrun,high,computed
2026-07-06T23:11:35Z,26JUL06USABEL,total_goals,total_goals|3.5,3.5,over,polymarket,0.32,under,kalshi,0.67,0.99,1.0101,-0.5964,False,False,dryrun,high,computed
2026-07-06T23:11:55Z,26JUL07SUICOL,team_total,team_total|switzerland|0.5,0.5,over,polymarket,0.64,under,kalshi,0.35,0.99,1.0101,-0.5964,False,False,dryrun,high,computed
2026-07-06T23:11:55Z,26JUL06USABEL,team_total,team_total|usa|0.5,0.5,over,polymarket,0.79,under,kalshi,0.2,0.99,1.0101,-0.1996,False,False,dryrun,high,computed
2026-07-06T23:11:55Z,26JUL06USABEL,team_total,team_total|usa|1.5,1.5,over,polymarket,0.44,under,kalshi,0.55,0.99,1.0101,-0.7937,False,False,dryrun,high,computed
2026-07-06T23:11:55Z,26JUL06USABEL,team_total,team_total|usa|2.5,2.5,over,polymarket,0.18,under,kalshi,0.81,0.99,1.0101,-0.0999,False,False,dryrun,high,computed
2026-07-06T23:11:55Z,26JUL06USABEL,total_goals,total_goals|3.5,3.5,over,polymarket,0.32,under,kalshi,0.67,0.99,1.0101,-0.5964,False,False,dryrun,high,computed
2026-07-06T23:12:15Z,26JUL07SUICOL,team_total,team_total|switzerland|0.5,0.5,over,polymarket,0.64,under,kalshi,0.35,0.99,1.0101,-0.5964,False,False,dryrun,high,computed
2026-07-06T23:12:15Z,26JUL06USABEL,team_total,team_total|usa|0.5,0.5,over,polymarket,0.79,under,kalshi,0.2,0.99,1.0101,-0.1996,False,False,dryrun,high,computed
2026-07-06T23:12:15Z,26JUL06USABEL,team_total,team_total|usa|1.5,1.5,over,polymarket,0.44,under,kalshi,0.55,0.99,1.0101,-0.7937,False,False,dryrun,high,computed
2026-07-06T23:12:15Z,26JUL06USABEL,team_total,team_total|usa|2.5,2.5,over,polymarket,0.18,under,kalshi,0.81,0.99,1.0101,-0.0999,False,False,dryrun,high,computed
2026-07-06T23:12:15Z,26JUL06USABEL,total_goals,total_goals|3.5,3.5,over,polymarket,0.32,under,kalshi,0.67,0.99,1.0101,-0.5964,False,False,dryrun,high,computed
2026-07-06T23:12:35Z,26JUL07SUICOL,team_total,team_total|switzerland|0.5,0.5,over,polymarket,0.64,under,kalshi,0.35,0.99,1.0101,-0.5964,False,False,dryrun,high,computed
2026-07-06T23:12:35Z,26JUL06USABEL,team_total,team_total|usa|0.5,0.5,over,polymarket,0.79,under,kalshi,0.2,0.99,1.0101,-0.1996,False,False,dryrun,high,computed
2026-07-06T23:12:35Z,26JUL06USABEL,team_total,team_total|usa|1.5,1.5,over,polymarket,0.44,under,kalshi,0.55,0.99,1.0101,-0.7937,False,False,dryrun,high,computed
2026-07-06T23:12:35Z,26JUL06USABEL,team_total,team_total|usa|2.5,2.5,over,polymarket,0.18,under,kalshi,0.81,0.99,1.0101,-0.0999,False,False,dryrun,high,computed
2026-07-06T23:12:35Z,26JUL06USABEL,total_goals,total_goals|3.5,3.5,over,polymarket,0.32,under,kalshi,0.67,0.99,1.0101,-0.5964,False,False,dryrun,high,computed
2026-07-06T23:12:35Z,26JUL06USABEL,team_total,team_total|belgium|1.5,1.5,over,polymarket,0.408,under,kalshi,0.59,0.998,0.1961,-0.6951,False,False,dryrun,high,computed
2026-07-06T23:12:55Z,26JUL07SUICOL,team_total,team_total|switzerland|0.5,0.5,over,polymarket,0.64,under,kalshi,0.35,0.99,1.0101,-0.5964,False,False,dryrun,high,computed
2026-07-06T23:12:55Z,26JUL06USABEL,team_total,team_total|usa|0.5,0.5,over,polymarket,0.79,under,kalshi,0.2,0.99,1.0101,-0.1996,False,False,dryrun,high,computed
2026-07-06T23:12:55Z,26JUL06USABEL,team_total,team_total|usa|1.5,1.5,over,polymarket,0.44,under,kalshi,0.55,0.99,1.0101,-0.7937,False,False,dryrun,high,computed
2026-07-06T23:12:55Z,26JUL06USABEL,team_total,team_total|usa|2.5,2.5,over,polymarket,0.18,under,kalshi,0.81,0.99,1.0101,-0.0999,False,False,dryrun,high,computed
2026-07-06T23:12:55Z,26JUL06USABEL,total_goals,total_goals|3.5,3.5,over,polymarket,0.32,under,kalshi,0.67,0.99,1.0101,-0.5964,False,False,dryrun,high,computed
2026-07-06T23:12:55Z,26JUL06USABEL,team_total,team_total|belgium|1.5,1.5,over,polymarket,0.4,under,kalshi,0.59,0.99,1.0101,-0.6951,False,False,dryrun,high,computed
2026-07-06T23:13:15Z,26JUL07SUICOL,team_total,team_total|switzerland|0.5,0.5,over,polymarket,0.64,under,kalshi,0.35,0.99,1.0101,-0.5964,False,False,dryrun,high,computed
2026-07-06T23:13:15Z,26JUL06USABEL,team_total,team_total|usa|0.5,0.5,over,polymarket,0.79,under,kalshi,0.2,0.99,1.0101,-0.1996,False,False,dryrun,high,computed
2026-07-06T23:13:15Z,26JUL06USABEL,team_total,team_total|usa|1.5,1.5,over,polymarket,0.44,under,kalshi,0.55,0.99,1.0101,-0.7937,False,False,dryrun,high,computed
2026-07-06T23:13:15Z,26JUL06USABEL,team_total,team_total|usa|2.5,2.5,over,polymarket,0.18,under,kalshi,0.81,0.99,1.0101,-0.0999,False,False,dryrun,high,computed
2026-07-06T23:13:15Z,26JUL06USABEL,total_goals,total_goals|3.5,3.5,over,polymarket,0.32,under,kalshi,0.67,0.99,1.0101,-0.5964,False,False,dryrun,high,computed
2026-07-06T23:13:15Z,26JUL06USABEL,team_total,team_total|belgium|1.5,1.5,over,polymarket,0.4,under,kalshi,0.59,0.99,1.0101,-0.6951,False,False,dryrun,high,computed
2026-07-06T23:13:35Z,26JUL07SUICOL,team_total,team_total|switzerland|0.5,0.5,over,polymarket,0.64,under,kalshi,0.35,0.99,1.0101,-0.5964,False,False,dryrun,high,computed
2026-07-06T23:13:35Z,26JUL06USABEL,team_total,team_total|usa|0.5,0.5,over,polymarket,0.79,under,kalshi,0.2,0.99,1.0101,-0.1996,False,False,dryrun,high,computed
2026-07-06T23:13:35Z,26JUL06USABEL,team_total,team_total|usa|1.5,1.5,over,polymarket,0.44,under,kalshi,0.55,0.99,1.0101,-0.7937,False,False,dryrun,high,computed
2026-07-06T23:13:35Z,26JUL06USABEL,team_total,team_total|usa|2.5,2.5,over,polymarket,0.18,under,kalshi,0.81,0.99,1.0101,-0.0999,False,False,dryrun,high,computed
2026-07-06T23:13:35Z,26JUL06USABEL,total_goals,total_goals|3.5,3.5,over,polymarket,0.32,under,kalshi,0.67,0.99,1.0101,-0.5964,False,False,dryrun,high,computed
2026-07-06T23:13:35Z,26JUL06USABEL,team_total,team_total|belgium|1.5,1.5,over,polymarket,0.4,under,kalshi,0.59,0.99,1.0101,-0.6951,False,False,dryrun,high,computed
2026-07-06T23:13:55Z,26JUL07SUICOL,team_total,team_total|switzerland|0.5,0.5,over,polymarket,0.64,under,kalshi,0.35,0.99,1.0101,-0.5964,False,False,dryrun,high,computed
2026-07-06T23:13:55Z,26JUL06USABEL,team_total,team_total|usa|0.5,0.5,over,polymarket,0.79,under,kalshi,0.2,0.99,1.0101,-0.1996,False,False,dryrun,high,computed
2026-07-06T23:13:55Z,26JUL06USABEL,team_total,team_total|usa|1.5,1.5,over,polymarket,0.44,under,kalshi,0.55,0.99,1.0101,-0.7937,False,False,dryrun,high,computed
2026-07-06T23:13:55Z,26JUL06USABEL,team_total,team_total|usa|2.5,2.5,over,polymarket,0.18,under,kalshi,0.81,0.99,1.0101,-0.0999,False,False,dryrun,high,computed
2026-07-06T23:13:55Z,26JUL06USABEL,total_goals,total_goals|3.5,3.5,over,polymarket,0.32,under,kalshi,0.67,0.99,1.0101,-0.5964,False,False,dryrun,high,computed
2026-07-06T23:13:55Z,26JUL06USABEL,team_total,team_total|belgium|1.5,1.5,over,polymarket,0.4,under,kalshi,0.59,0.99,1.0101,-0.6951,False,False,dryrun,high,computed
2026-07-06T23:14:15Z,26JUL07SUICOL,team_total,team_total|switzerland|0.5,0.5,over,polymarket,0.64,under,kalshi,0.35,0.99,1.0101,-0.5964,False,False,dryrun,high,computed
2026-07-06T23:14:15Z,26JUL06USABEL,team_total,team_total|usa|0.5,0.5,over,polymarket,0.79,under,kalshi,0.2,0.99,1.0101,-0.1996,False,False,dryrun,high,computed
2026-07-06T23:14:15Z,26JUL06USABEL,team_total,team_total|usa|1.5,1.5,over,polymarket,0.44,under,kalshi,0.55,0.99,1.0101,-0.7937,False,False,dryrun,high,computed
2026-07-06T23:14:15Z,26JUL06USABEL,team_total,team_total|usa|2.5,2.5,over,polymarket,0.18,under,kalshi,0.81,0.99,1.0101,-0.0999,False,False,dryrun,high,computed
2026-07-06T23:14:15Z,26JUL06USABEL,total_goals,total_goals|3.5,3.5,over,polymarket,0.32,under,kalshi,0.67,0.99,1.0101,-0.5964,False,False,dryrun,high,computed
2026-07-06T23:14:15Z,26JUL06USABEL,team_total,team_total|belgium|1.5,1.5,over,polymarket,0.4,under,kalshi,0.59,0.99,1.0101,-0.6951,False,False,dryrun,high,computed
2026-07-06T23:14:35Z,26JUL07SUICOL,team_total,team_total|switzerland|0.5,0.5,over,polymarket,0.64,under,kalshi,0.35,0.99,1.0101,-0.5964,False,False,dryrun,high,computed
2026-07-06T23:14:35Z,26JUL06USABEL,team_total,team_total|usa|0.5,0.5,over,polymarket,0.79,under,kalshi,0.2,0.99,1.0101,-0.1996,False,False,dryrun,high,computed
2026-07-06T23:14:35Z,26JUL06USABEL,team_total,team_total|usa|1.5,1.5,over,polymarket,0.44,under,kalshi,0.55,0.99,1.0101,-0.7937,False,False,dryrun,high,computed
2026-07-06T23:14:35Z,26JUL06USABEL,team_total,team_total|usa|2.5,2.5,over,polymarket,0.18,under,kalshi,0.81,0.99,1.0101,-0.0999,False,False,dryrun,high,computed
2026-07-06T23:14:35Z,26JUL06USABEL,total_goals,total_goals|3.5,3.5,over,polymarket,0.32,under,kalshi,0.67,0.99,1.0101,-0.5964,False,False,dryrun,high,computed
2026-07-06T23:14:35Z,26JUL06USABEL,team_total,team_total|belgium|1.5,1.5,over,polymarket,0.4,under,kalshi,0.59,0.99,1.0101,-0.6951,False,False,dryrun,high,computed
2026-07-06T23:14:55Z,26JUL07SUICOL,team_total,team_total|switzerland|0.5,0.5,over,polymarket,0.64,under,kalshi,0.35,0.99,1.0101,-0.5964,False,False,dryrun,high,computed
2026-07-06T23:14:55Z,26JUL06USABEL,team_total,team_total|usa|0.5,0.5,over,polymarket,0.79,under,kalshi,0.2,0.99,1.0101,-0.1996,False,False,dryrun,high,computed
2026-07-06T23:14:55Z,26JUL06USABEL,team_total,team_total|usa|1.5,1.5,over,polymarket,0.44,under,kalshi,0.55,0.99,1.0101,-0.7937,False,False,dryrun,high,computed
2026-07-06T23:14:55Z,26JUL06USABEL,team_total,team_total|usa|2.5,2.5,over,polymarket,0.18,under,kalshi,0.81,0.99,1.0101,-0.0999,False,False,dryrun,high,computed
2026-07-06T23:14:55Z,26JUL06USABEL,total_goals,total_goals|3.5,3.5,over,polymarket,0.32,under,kalshi,0.67,0.99,1.0101,-0.5964,False,False,dryrun,high,computed
2026-07-06T23:14:55Z,26JUL06USABEL,team_total,team_total|belgium|1.5,1.5,over,polymarket,0.4,under,kalshi,0.59,0.99,1.0101,-0.6951,False,False,dryrun,high,computed
2026-07-06T23:15:15Z,26JUL07SUICOL,team_total,team_total|switzerland|0.5,0.5,over,polymarket,0.64,under,kalshi,0.35,0.99,1.0101,-0.5964,False,False,dryrun,high,computed
2026-07-06T23:15:15Z,26JUL06USABEL,team_total,team_total|usa|0.5,0.5,over,polymarket,0.79,under,kalshi,0.2,0.99,1.0101,-0.1996,False,False,dryrun,high,computed
2026-07-06T23:15:15Z,26JUL06USABEL,team_total,team_total|usa|1.5,1.5,over,polymarket,0.44,under,kalshi,0.55,0.99,1.0101,-0.7937,False,False,dryrun,high,computed
2026-07-06T23:15:15Z,26JUL06USABEL,team_total,team_total|usa|2.5,2.5,over,polymarket,0.18,under,kalshi,0.81,0.99,1.0101,-0.0999,False,False,dryrun,high,computed
2026-07-06T23:15:15Z,26JUL06USABEL,total_goals,total_goals|3.5,3.5,over,polymarket,0.32,under,kalshi,0.67,0.99,1.0101,-0.5964,False,False,dryrun,high,computed
2026-07-06T23:15:15Z,26JUL06USABEL,team_total,team_total|belgium|1.5,1.5,over,polymarket,0.4,under,kalshi,0.59,0.99,1.0101,-0.6951,False,False,dryrun,high,computed
2026-07-06T23:15:35Z,26JUL07SUICOL,team_total,team_total|switzerland|0.5,0.5,over,polymarket,0.64,under,kalshi,0.35,0.99,1.0101,-0.5964,False,False,dryrun,high,computed
2026-07-06T23:15:35Z,26JUL06USABEL,team_total,team_total|usa|0.5,0.5,over,polymarket,0.79,under,kalshi,0.2,0.99,1.0101,-0.1996,False,False,dryrun,high,computed
2026-07-06T23:15:35Z,26JUL06USABEL,team_total,team_total|usa|1.5,1.5,over,polymarket,0.44,under,kalshi,0.55,0.99,1.0101,-0.7937,False,False,dryrun,high,computed
2026-07-06T23:15:35Z,26JUL06USABEL,team_total,team_total|usa|2.5,2.5,over,polymarket,0.18,under,kalshi,0.81,0.99,1.0101,-0.0999,False,False,dryrun,high,computed
2026-07-06T23:15:35Z,26JUL06USABEL,total_goals,total_goals|3.5,3.5,over,polymarket,0.32,under,kalshi,0.67,0.99,1.0101,-0.5964,False,False,dryrun,high,computed
2026-07-06T23:15:35Z,26JUL06USABEL,team_total,team_total|belgium|1.5,1.5,over,polymarket,0.4,under,kalshi,0.59,0.99,1.0101,-0.6951,False,False,dryrun,high,computed
2026-07-06T23:15:55Z,26JUL07SUICOL,team_total,team_total|switzerland|0.5,0.5,over,polymarket,0.64,under,kalshi,0.35,0.99,1.0101,-0.5964,False,False,dryrun,high,computed
2026-07-06T23:15:55Z,26JUL06USABEL,team_total,team_total|usa|1.5,1.5,over,polymarket,0.44,under,kalshi,0.55,0.99,1.0101,-0.7937,False,False,dryrun,high,computed
2026-07-06T23:15:55Z,26JUL06USABEL,team_total,team_total|usa|2.5,2.5,over,polymarket,0.18,under,kalshi,0.81,0.99,1.0101,-0.0999,False,False,dryrun,high,computed
2026-07-06T23:15:55Z,26JUL06USABEL,total_goals,total_goals|3.5,3.5,over,polymarket,0.32,under,kalshi,0.67,0.99,1.0101,-0.5964,False,False,dryrun,high,computed
2026-07-06T23:15:55Z,26JUL06USABEL,team_total,team_total|belgium|1.5,1.5,over,polymarket,0.4,under,kalshi,0.59,0.99,1.0101,-0.6951,False,False,dryrun,high,computed
2026-07-06T23:15:55Z,26JUL06USABEL,team_total,team_total|usa|0.5,0.5,over,polymarket,0.79,under,kalshi,0.2038,0.9938,0.6252,-0.1996,False,False,dryrun,high,computed
2026-07-06T23:16:15Z,26JUL07SUICOL,team_total,team_total|switzerland|0.5,0.5,over,polymarket,0.64,under,kalshi,0.35,0.99,1.0101,-0.5964,False,False,dryrun,high,computed
2026-07-06T23:16:15Z,26JUL06USABEL,team_total,team_total|usa|1.5,1.5,over,polymarket,0.44,under,kalshi,0.55,0.99,1.0101,-0.7937,False,False,dryrun,high,computed
2026-07-06T23:16:15Z,26JUL06USABEL,team_total,team_total|usa|2.5,2.5,over,polymarket,0.18,under,kalshi,0.81,0.99,1.0101,-0.0999,False,False,dryrun,high,computed
2026-07-06T23:16:15Z,26JUL06USABEL,total_goals,total_goals|3.5,3.5,over,polymarket,0.32,under,kalshi,0.67,0.99,1.0101,-0.5964,False,False,dryrun,high,computed
2026-07-06T23:16:15Z,26JUL06USABEL,team_total,team_total|belgium|1.5,1.5,over,polymarket,0.4,under,kalshi,0.59,0.99,1.0101,-0.6951,False,False,dryrun,high,computed
2026-07-06T23:16:15Z,26JUL06USABEL,team_total,team_total|usa|0.5,0.5,over,polymarket,0.79,under,kalshi,0.2038,0.9938,0.6252,-0.1996,False,False,dryrun,high,computed
2026-07-06T23:16:35Z,26JUL07SUICOL,team_total,team_total|switzerland|0.5,0.5,over,polymarket,0.64,under,kalshi,0.35,0.99,1.0101,-0.5964,False,False,dryrun,high,computed
2026-07-06T23:16:35Z,26JUL06USABEL,team_total,team_total|usa|1.5,1.5,over,polymarket,0.44,under,kalshi,0.55,0.99,1.0101,-0.7937,False,False,dryrun,high,computed
2026-07-06T23:16:35Z,26JUL06USABEL,team_total,team_total|usa|2.5,2.5,over,polymarket,0.18,under,kalshi,0.81,0.99,1.0101,-0.0999,False,False,dryrun,high,computed
2026-07-06T23:16:35Z,26JUL06USABEL,total_goals,total_goals|3.5,3.5,over,polymarket,0.32,under,kalshi,0.67,0.99,1.0101,-0.5964,False,False,dryrun,high,computed
2026-07-06T23:16:35Z,26JUL06USABEL,team_total,team_total|belgium|1.5,1.5,over,polymarket,0.4,under,kalshi,0.59,0.99,1.0101,-0.6951,False,False,dryrun,high,computed
2026-07-06T23:16:35Z,26JUL06USABEL,team_total,team_total|usa|0.5,0.5,over,polymarket,0.79,under,kalshi,0.2038,0.9938,0.6252,-0.1996,False,False,dryrun,high,computed
2026-07-06T23:16:55Z,26JUL07SUICOL,team_total,team_total|switzerland|0.5,0.5,over,polymarket,0.64,under,kalshi,0.35,0.99,1.0101,-0.5964,False,False,dryrun,high,computed
2026-07-06T23:16:55Z,26JUL06USABEL,team_total,team_total|usa|1.5,1.5,over,polymarket,0.44,under,kalshi,0.55,0.99,1.0101,-0.7937,False,False,dryrun,high,computed
2026-07-06T23:16:55Z,26JUL06USABEL,team_total,team_total|usa|2.5,2.5,over,polymarket,0.18,under,kalshi,0.81,0.99,1.0101,-0.0999,False,False,dryrun,high,computed
2026-07-06T23:16:55Z,26JUL06USABEL,total_goals,total_goals|3.5,3.5,over,polymarket,0.32,under,kalshi,0.67,0.99,1.0101,-0.5964,False,False,dryrun,high,computed
2026-07-06T23:16:55Z,26JUL06USABEL,team_total,team_total|belgium|1.5,1.5,over,polymarket,0.4,under,kalshi,0.59,0.99,1.0101,-0.6951,False,False,dryrun,high,computed
2026-07-06T23:16:55Z,26JUL06USABEL,team_total,team_total|usa|0.5,0.5,over,polymarket,0.79,under,kalshi,0.2038,0.9938,0.6252,-0.1996,False,False,dryrun,high,computed
2026-07-06T23:17:15Z,26JUL07SUICOL,team_total,team_total|switzerland|0.5,0.5,over,polymarket,0.64,under,kalshi,0.35,0.99,1.0101,-0.5964,False,False,dryrun,high,computed
2026-07-06T23:17:15Z,26JUL06USABEL,team_total,team_total|usa|0.5,0.5,over,polymarket,0.79,under,kalshi,0.2,0.99,1.0101,-0.1996,False,False,dryrun,high,computed
2026-07-06T23:17:15Z,26JUL06USABEL,team_total,team_total|usa|1.5,1.5,over,polymarket,0.44,under,kalshi,0.55,0.99,1.0101,-0.7937,False,False,dryrun,high,computed
2026-07-06T23:17:15Z,26JUL06USABEL,team_total,team_total|usa|2.5,2.5,over,polymarket,0.18,under,kalshi,0.81,0.99,1.0101,-0.0999,False,False,dryrun,high,computed
2026-07-06T23:17:15Z,26JUL06USABEL,team_total,team_total|belgium|1.5,1.5,over,polymarket,0.4,under,kalshi,0.59,0.99,1.0101,-0.6951,False,False,dryrun,high,computed
2026-07-06T23:17:35Z,26JUL07SUICOL,team_total,team_total|switzerland|0.5,0.5,over,polymarket,0.64,under,kalshi,0.35,0.99,1.0101,-0.5964,False,False,dryrun,high,computed
2026-07-06T23:17:35Z,26JUL06USABEL,team_total,team_total|usa|1.5,1.5,over,polymarket,0.44,under,kalshi,0.55,0.99,1.0101,-0.7937,False,False,dryrun,high,computed
2026-07-06T23:17:35Z,26JUL06USABEL,team_total,team_total|usa|2.5,2.5,over,polymarket,0.18,under,kalshi,0.81,0.99,1.0101,-0.0999,False,False,dryrun,high,computed
2026-07-06T23:17:35Z,26JUL06USABEL,team_total,team_total|belgium|1.5,1.5,over,polymarket,0.4,under,kalshi,0.59,0.99,1.0101,-0.6951,False,False,dryrun,high,computed
2026-07-06T23:17:55Z,26JUL07SUICOL,team_total,team_total|switzerland|0.5,0.5,over,polymarket,0.64,under,kalshi,0.35,0.99,1.0101,-0.5964,False,False,dryrun,high,computed
2026-07-06T23:17:55Z,26JUL06USABEL,team_total,team_total|usa|1.5,1.5,over,polymarket,0.44,under,kalshi,0.55,0.99,1.0101,-0.7937,False,False,dryrun,high,computed
2026-07-06T23:17:55Z,26JUL06USABEL,team_total,team_total|usa|2.5,2.5,over,polymarket,0.18,under,kalshi,0.81,0.99,1.0101,-0.0999,False,False,dryrun,high,computed
2026-07-06T23:17:55Z,26JUL06USABEL,team_total,team_total|belgium|1.5,1.5,over,polymarket,0.4,under,kalshi,0.59,0.99,1.0101,-0.6951,False,False,dryrun,high,computed
2026-07-06T23:18:15Z,26JUL07SUICOL,team_total,team_total|switzerland|0.5,0.5,over,polymarket,0.64,under,kalshi,0.35,0.99,1.0101,-0.5964,False,False,dryrun,high,computed
2026-07-06T23:18:15Z,26JUL06USABEL,team_total,team_total|usa|1.5,1.5,over,polymarket,0.44,under,kalshi,0.55,0.99,1.0101,-0.7937,False,False,dryrun,high,computed
2026-07-06T23:18:15Z,26JUL06USABEL,team_total,team_total|usa|2.5,2.5,over,polymarket,0.18,under,kalshi,0.81,0.99,1.0101,-0.0999,False,False,dryrun,high,computed
2026-07-06T23:18:15Z,26JUL06USABEL,team_total,team_total|belgium|1.5,1.5,over,polymarket,0.4,under,kalshi,0.59,0.99,1.0101,-0.6951,False,False,dryrun,high,computed
2026-07-06T23:18:15Z,26JUL06USABEL,2h_btts,2h_btts,,no,kalshi,0.6494,yes,polymarket,0.35,0.9994,0.06,-0.6951,False,False,dryrun,high,computed
2026-07-06T23:18:35Z,26JUL07SUICOL,team_total,team_total|switzerland|0.5,0.5,over,polymarket,0.64,under,kalshi,0.35,0.99,1.0101,-0.5964,False,False,dryrun,high,computed
2026-07-06T23:18:35Z,26JUL06USABEL,team_total,team_total|usa|1.5,1.5,over,polymarket,0.44,under,kalshi,0.55,0.99,1.0101,-0.7937,False,False,dryrun,high,computed
2026-07-06T23:18:35Z,26JUL06USABEL,team_total,team_total|usa|2.5,2.5,over,polymarket,0.18,under,kalshi,0.81,0.99,1.0101,-0.0999,False,False,dryrun,high,computed
2026-07-06T23:18:35Z,26JUL06USABEL,team_total,team_total|belgium|1.5,1.5,over,polymarket,0.4,under,kalshi,0.59,0.99,1.0101,-0.6951,False,False,dryrun,high,computed
2026-07-06T23:18:35Z,26JUL06USABEL,2h_btts,2h_btts,,no,kalshi,0.6494,yes,polymarket,0.35,0.9994,0.06,-0.6951,False,False,dryrun,high,computed
2026-07-06T23:18:55Z,26JUL07SUICOL,team_total,team_total|switzerland|0.5,0.5,over,polymarket,0.64,under,kalshi,0.35,0.99,1.0101,-0.5964,False,False,dryrun,high,computed
2026-07-06T23:18:55Z,26JUL06USABEL,team_total,team_total|usa|1.5,1.5,over,polymarket,0.44,under,kalshi,0.55,0.99,1.0101,-0.7937,False,False,dryrun,high,computed
2026-07-06T23:18:55Z,26JUL06USABEL,team_total,team_total|usa|2.5,2.5,over,polymarket,0.18,under,kalshi,0.81,0.99,1.0101,-0.0999,False,False,dryrun,high,computed
2026-07-06T23:18:55Z,26JUL06USABEL,team_total,team_total|belgium|1.5,1.5,over,polymarket,0.4,under,kalshi,0.59,0.99,1.0101,-0.6951,False,False,dryrun,high,computed
2026-07-06T23:18:55Z,26JUL06USABEL,2h_btts,2h_btts,,no,kalshi,0.6494,yes,polymarket,0.35,0.9994,0.06,-0.6951,False,False,dryrun,high,computed
2026-07-06T23:19:15Z,26JUL07SUICOL,team_total,team_total|switzerland|0.5,0.5,over,polymarket,0.64,under,kalshi,0.35,0.99,1.0101,-0.5964,False,False,dryrun,high,computed
2026-07-06T23:19:15Z,26JUL06USABEL,team_total,team_total|usa|1.5,1.5,over,polymarket,0.44,under,kalshi,0.55,0.99,1.0101,-0.7937,False,False,dryrun,high,computed
2026-07-06T23:19:15Z,26JUL06USABEL,team_total,team_total|usa|2.5,2.5,over,polymarket,0.18,under,kalshi,0.81,0.99,1.0101,-0.0999,False,False,dryrun,high,computed
2026-07-06T23:19:15Z,26JUL06USABEL,team_total,team_total|belgium|1.5,1.5,over,polymarket,0.4,under,kalshi,0.59,0.99,1.0101,-0.6951,False,False,dryrun,high,computed
2026-07-06T23:19:15Z,26JUL06USABEL,2h_btts,2h_btts,,no,kalshi,0.6494,yes,polymarket,0.35,0.9994,0.06,-0.6951,False,False,dryrun,high,computed
2026-07-06T23:19:35Z,26JUL07SUICOL,team_total,team_total|switzerland|0.5,0.5,over,polymarket,0.64,under,kalshi,0.35,0.99,1.0101,-0.5964,False,False,dryrun,high,computed
2026-07-06T23:19:35Z,26JUL06USABEL,team_total,team_total|usa|1.5,1.5,over,polymarket,0.44,under,kalshi,0.55,0.99,1.0101,-0.7937,False,False,dryrun,high,computed
2026-07-06T23:19:35Z,26JUL06USABEL,team_total,team_total|usa|2.5,2.5,over,polymarket,0.18,under,kalshi,0.81,0.99,1.0101,-0.0999,False,False,dryrun,high,computed
2026-07-06T23:19:35Z,26JUL06USABEL,team_total,team_total|belgium|1.5,1.5,over,polymarket,0.4,under,kalshi,0.59,0.99,1.0101,-0.6951,False,False,dryrun,high,computed
2026-07-06T23:19:35Z,26JUL06USABEL,2h_btts,2h_btts,,no,kalshi,0.6494,yes,polymarket,0.35,0.9994,0.06,-0.6951,False,False,dryrun,high,computed
2026-07-06T23:19:55Z,26JUL07SUICOL,team_total,team_total|switzerland|0.5,0.5,over,polymarket,0.64,under,kalshi,0.35,0.99,1.0101,-0.5964,False,False,dryrun,high,computed
2026-07-06T23:19:55Z,26JUL06USABEL,team_total,team_total|usa|1.5,1.5,over,polymarket,0.44,under,kalshi,0.55,0.99,1.0101,-0.7937,False,False,dryrun,high,computed
2026-07-06T23:19:55Z,26JUL06USABEL,team_total,team_total|usa|2.5,2.5,over,polymarket,0.18,under,kalshi,0.81,0.99,1.0101,-0.0999,False,False,dryrun,high,computed
2026-07-06T23:19:55Z,26JUL06USABEL,team_total,team_total|belgium|1.5,1.5,over,polymarket,0.4,under,kalshi,0.59,0.99,1.0101,-0.6951,False,False,dryrun,high,computed
2026-07-06T23:19:55Z,26JUL06USABEL,2h_btts,2h_btts,,no,kalshi,0.6494,yes,polymarket,0.35,0.9994,0.06,-0.6951,False,False,dryrun,high,computed
2026-07-06T23:20:15Z,26JUL07SUICOL,team_total,team_total|switzerland|0.5,0.5,over,polymarket,0.64,under,kalshi,0.35,0.99,1.0101,-0.5964,False,False,dryrun,high,computed
2026-07-06T23:20:15Z,26JUL06USABEL,team_total,team_total|usa|1.5,1.5,over,polymarket,0.44,under,kalshi,0.55,0.99,1.0101,-0.7937,False,False,dryrun,high,computed
2026-07-06T23:20:15Z,26JUL06USABEL,team_total,team_total|usa|2.5,2.5,over,polymarket,0.18,under,kalshi,0.81,0.99,1.0101,-0.0999,False,False,dryrun,high,computed
2026-07-06T23:20:15Z,26JUL06USABEL,team_total,team_total|belgium|1.5,1.5,over,polymarket,0.4,under,kalshi,0.59,0.99,1.0101,-0.6951,False,False,dryrun,high,computed
2026-07-06T23:20:15Z,26JUL06USABEL,2h_btts,2h_btts,,no,kalshi,0.6479,yes,polymarket,0.35,0.9979,0.2104,-0.6951,False,False,dryrun,high,computed
2026-07-06T23:20:35Z,26JUL07SUICOL,team_total,team_total|switzerland|0.5,0.5,over,polymarket,0.64,under,kalshi,0.35,0.99,1.0101,-0.5964,False,False,dryrun,high,computed
2026-07-06T23:20:35Z,26JUL06USABEL,team_total,team_total|usa|2.5,2.5,over,polymarket,0.18,under,kalshi,0.81,0.99,1.0101,-0.0999,False,False,dryrun,high,computed
2026-07-06T23:20:35Z,26JUL06USABEL,team_total,team_total|belgium|1.5,1.5,over,polymarket,0.4,under,kalshi,0.59,0.99,1.0101,-0.6951,False,False,dryrun,high,computed
2026-07-06T23:20:35Z,26JUL06USABEL,2h_btts,2h_btts,,no,kalshi,0.6479,yes,polymarket,0.35,0.9979,0.2104,-0.6951,False,False,dryrun,high,computed
2026-07-06T23:20:35Z,26JUL06USABEL,team_total,team_total|usa|1.5,1.5,over,polymarket,0.4485,under,kalshi,0.55,0.9985,0.1502,-1.7682,False,False,dryrun,high,computed
2026-07-06T23:20:55Z,26JUL07SUICOL,team_total,team_total|switzerland|0.5,0.5,over,polymarket,0.64,under,kalshi,0.35,0.99,1.0101,-0.5964,False,False,dryrun,high,computed
2026-07-06T23:20:55Z,26JUL06USABEL,team_total,team_total|usa|2.5,2.5,over,polymarket,0.18,under,kalshi,0.81,0.99,1.0101,-0.0999,False,False,dryrun,high,computed
2026-07-06T23:20:55Z,26JUL06USABEL,team_total,team_total|belgium|1.5,1.5,over,polymarket,0.4,under,kalshi,0.59,0.99,1.0101,-0.6951,False,False,dryrun,high,computed
2026-07-06T23:20:55Z,26JUL06USABEL,2h_btts,2h_btts,,no,kalshi,0.6479,yes,polymarket,0.35,0.9979,0.2104,-0.6951,False,False,dryrun,high,computed
2026-07-06T23:21:15Z,26JUL07SUICOL,team_total,team_total|switzerland|0.5,0.5,over,polymarket,0.64,under,kalshi,0.35,0.99,1.0101,-0.5964,False,False,dryrun,high,computed
2026-07-06T23:21:15Z,26JUL06USABEL,team_total,team_total|usa|2.5,2.5,over,polymarket,0.18,under,kalshi,0.81,0.99,1.0101,-0.0999,False,False,dryrun,high,computed
2026-07-06T23:21:15Z,26JUL06USABEL,team_total,team_total|belgium|1.5,1.5,over,polymarket,0.4,under,kalshi,0.59,0.99,1.0101,-0.6951,False,False,dryrun,high,computed
2026-07-06T23:21:15Z,26JUL06USABEL,2h_btts,2h_btts,,no,kalshi,0.6479,yes,polymarket,0.35,0.9979,0.2104,-0.6951,False,False,dryrun,high,computed
2026-07-06T23:21:35Z,26JUL07SUICOL,team_total,team_total|switzerland|0.5,0.5,over,polymarket,0.64,under,kalshi,0.35,0.99,1.0101,-0.5964,False,False,dryrun,high,computed
2026-07-06T23:21:35Z,26JUL06USABEL,team_total,team_total|usa|2.5,2.5,over,polymarket,0.18,under,kalshi,0.81,0.99,1.0101,-0.0999,False,False,dryrun,high,computed
2026-07-06T23:21:35Z,26JUL06USABEL,team_total,team_total|belgium|1.5,1.5,over,polymarket,0.4,under,kalshi,0.59,0.99,1.0101,-0.6951,False,False,dryrun,high,computed
2026-07-06T23:21:35Z,26JUL06USABEL,2h_btts,2h_btts,,no,kalshi,0.6479,yes,polymarket,0.35,0.9979,0.2104,-0.6951,False,False,dryrun,high,computed
2026-07-06T23:21:55Z,26JUL07SUICOL,team_total,team_total|switzerland|0.5,0.5,over,polymarket,0.64,under,kalshi,0.35,0.99,1.0101,-0.5964,False,False,dryrun,high,computed
2026-07-06T23:21:55Z,26JUL06USABEL,team_total,team_total|usa|2.5,2.5,over,polymarket,0.18,under,kalshi,0.81,0.99,1.0101,-0.0999,False,False,dryrun,high,computed
2026-07-06T23:21:55Z,26JUL06USABEL,team_total,team_total|belgium|1.5,1.5,over,polymarket,0.4,under,kalshi,0.59,0.99,1.0101,-0.6951,False,False,dryrun,high,computed
2026-07-06T23:21:55Z,26JUL06USABEL,2h_btts,2h_btts,,no,kalshi,0.6479,yes,polymarket,0.35,0.9979,0.2104,-0.6951,False,False,dryrun,high,computed
2026-07-06T23:22:15Z,26JUL07SUICOL,team_total,team_total|switzerland|0.5,0.5,over,polymarket,0.64,under,kalshi,0.35,0.99,1.0101,-0.5964,False,False,dryrun,high,computed
2026-07-06T23:22:15Z,26JUL06USABEL,team_total,team_total|usa|2.5,2.5,over,polymarket,0.18,under,kalshi,0.81,0.99,1.0101,-0.0999,False,False,dryrun,high,computed
2026-07-06T23:22:15Z,26JUL06USABEL,team_total,team_total|belgium|1.5,1.5,over,polymarket,0.4,under,kalshi,0.59,0.99,1.0101,-0.6951,False,False,dryrun,high,computed
2026-07-06T23:22:15Z,26JUL06USABEL,2h_btts,2h_btts,,no,kalshi,0.6479,yes,polymarket,0.35,0.9979,0.2104,-0.6951,False,False,dryrun,high,computed
2026-07-06T23:22:35Z,26JUL07SUICOL,team_total,team_total|switzerland|0.5,0.5,over,polymarket,0.64,under,kalshi,0.35,0.99,1.0101,-0.5964,False,False,dryrun,high,computed
2026-07-06T23:22:35Z,26JUL06USABEL,team_total,team_total|usa|1.5,1.5,over,polymarket,0.44,under,kalshi,0.55,0.99,1.0101,-0.7937,False,False,dryrun,high,computed
2026-07-06T23:22:35Z,26JUL06USABEL,team_total,team_total|usa|2.5,2.5,over,polymarket,0.18,under,kalshi,0.81,0.99,1.0101,-0.0999,False,False,dryrun,high,computed
2026-07-06T23:22:35Z,26JUL06USABEL,team_total,team_total|belgium|1.5,1.5,over,polymarket,0.4,under,kalshi,0.59,0.99,1.0101,-0.6951,False,False,dryrun,high,computed
2026-07-06T23:22:35Z,26JUL06USABEL,2h_btts,2h_btts,,no,kalshi,0.6494,yes,polymarket,0.35,0.9994,0.06,-0.6951,False,False,dryrun,high,computed
2026-07-06T23:22:55Z,26JUL07SUICOL,team_total,team_total|switzerland|0.5,0.5,over,polymarket,0.64,under,kalshi,0.35,0.99,1.0101,-0.5964,False,False,dryrun,high,computed
2026-07-06T23:22:55Z,26JUL06USABEL,team_total,team_total|usa|1.5,1.5,over,polymarket,0.44,under,kalshi,0.55,0.99,1.0101,-0.7937,False,False,dryrun,high,computed
2026-07-06T23:22:55Z,26JUL06USABEL,team_total,team_total|usa|2.5,2.5,over,polymarket,0.18,under,kalshi,0.81,0.99,1.0101,-0.0999,False,False,dryrun,high,computed
2026-07-06T23:22:55Z,26JUL06USABEL,team_total,team_total|belgium|1.5,1.5,over,polymarket,0.4,under,kalshi,0.59,0.99,1.0101,-0.6951,False,False,dryrun,high,computed
2026-07-06T23:22:55Z,26JUL06USABEL,2h_btts,2h_btts,,no,kalshi,0.6494,yes,polymarket,0.35,0.9994,0.06,-0.6951,False,False,dryrun,high,computed
2026-07-06T23:23:15Z,26JUL07SUICOL,team_total,team_total|switzerland|0.5,0.5,over,polymarket,0.64,under,kalshi,0.35,0.99,1.0101,-0.5964,False,False,dryrun,high,computed
2026-07-06T23:23:15Z,26JUL06USABEL,team_total,team_total|usa|1.5,1.5,over,polymarket,0.44,under,kalshi,0.55,0.99,1.0101,-0.7937,False,False,dryrun,high,computed
2026-07-06T23:23:15Z,26JUL06USABEL,team_total,team_total|usa|2.5,2.5,over,polymarket,0.18,under,kalshi,0.81,0.99,1.0101,-0.0999,False,False,dryrun,high,computed
2026-07-06T23:23:15Z,26JUL06USABEL,team_total,team_total|belgium|1.5,1.5,over,polymarket,0.4,under,kalshi,0.59,0.99,1.0101,-0.6951,False,False,dryrun,high,computed
2026-07-06T23:23:15Z,26JUL06USABEL,2h_btts,2h_btts,,no,kalshi,0.6494,yes,polymarket,0.35,0.9994,0.06,-0.6951,False,False,dryrun,high,computed
2026-07-06T23:23:35Z,26JUL07SUICOL,team_total,team_total|switzerland|0.5,0.5,over,polymarket,0.64,under,kalshi,0.35,0.99,1.0101,-0.5964,False,False,dryrun,high,computed
2026-07-06T23:23:35Z,26JUL06USABEL,team_total,team_total|usa|1.5,1.5,over,polymarket,0.44,under,kalshi,0.55,0.99,1.0101,-0.7937,False,False,dryrun,high,computed
2026-07-06T23:23:35Z,26JUL06USABEL,team_total,team_total|usa|2.5,2.5,over,polymarket,0.18,under,kalshi,0.81,0.99,1.0101,-0.0999,False,False,dryrun,high,computed
2026-07-06T23:23:35Z,26JUL06USABEL,team_total,team_total|belgium|1.5,1.5,over,polymarket,0.4,under,kalshi,0.59,0.99,1.0101,-0.6951,False,False,dryrun,high,computed
2026-07-06T23:23:35Z,26JUL06USABEL,2h_btts,2h_btts,,no,kalshi,0.6494,yes,polymarket,0.35,0.9994,0.06,-0.6951,False,False,dryrun,high,computed
2026-07-06T23:23:55Z,26JUL07SUICOL,team_total,team_total|switzerland|0.5,0.5,over,polymarket,0.64,under,kalshi,0.35,0.99,1.0101,-0.5964,False,False,dryrun,high,computed
2026-07-06T23:23:55Z,26JUL06USABEL,team_total,team_total|usa|1.5,1.5,over,polymarket,0.44,under,kalshi,0.55,0.99,1.0101,-0.7937,False,False,dryrun,high,computed
2026-07-06T23:23:55Z,26JUL06USABEL,team_total,team_total|usa|2.5,2.5,over,polymarket,0.18,under,kalshi,0.81,0.99,1.0101,-0.0999,False,False,dryrun,high,computed
2026-07-06T23:23:55Z,26JUL06USABEL,team_total,team_total|belgium|1.5,1.5,over,polymarket,0.4,under,kalshi,0.59,0.99,1.0101,-0.6951,False,False,dryrun,high,computed
2026-07-06T23:23:55Z,26JUL06USABEL,2h_btts,2h_btts,,no,kalshi,0.6484,yes,polymarket,0.35,0.9984,0.1603,-0.6951,False,False,dryrun,high,computed
2026-07-06T23:24:15Z,26JUL07SUICOL,team_total,team_total|switzerland|0.5,0.5,over,polymarket,0.64,under,kalshi,0.35,0.99,1.0101,-0.5964,False,False,dryrun,high,computed
2026-07-06T23:24:15Z,26JUL06USABEL,team_total,team_total|usa|1.5,1.5,over,polymarket,0.44,under,kalshi,0.55,0.99,1.0101,-0.7937,False,False,dryrun,high,computed
2026-07-06T23:24:15Z,26JUL06USABEL,team_total,team_total|usa|2.5,2.5,over,polymarket,0.18,under,kalshi,0.81,0.99,1.0101,-0.0999,False,False,dryrun,high,computed
2026-07-06T23:24:15Z,26JUL06USABEL,team_total,team_total|belgium|1.5,1.5,over,polymarket,0.4,under,kalshi,0.59,0.99,1.0101,-0.6951,False,False,dryrun,high,computed
2026-07-06T23:24:15Z,26JUL06USABEL,2h_btts,2h_btts,,no,kalshi,0.6469,yes,polymarket,0.35,0.9969,0.311,-0.6951,False,False,dryrun,high,computed
2026-07-06T23:24:35Z,26JUL07SUICOL,team_total,team_total|switzerland|0.5,0.5,over,polymarket,0.64,under,kalshi,0.35,0.99,1.0101,-0.5964,False,False,dryrun,high,computed
2026-07-06T23:24:35Z,26JUL06USABEL,team_total,team_total|usa|1.5,1.5,over,polymarket,0.44,under,kalshi,0.55,0.99,1.0101,-0.7937,False,False,dryrun,high,computed
2026-07-06T23:24:35Z,26JUL06USABEL,team_total,team_total|usa|2.5,2.5,over,polymarket,0.18,under,kalshi,0.81,0.99,1.0101,-0.0999,False,False,dryrun,high,computed
2026-07-06T23:24:35Z,26JUL06USABEL,team_total,team_total|belgium|1.5,1.5,over,polymarket,0.4,under,kalshi,0.59,0.99,1.0101,-0.6951,False,False,dryrun,high,computed
2026-07-06T23:24:35Z,26JUL06USABEL,2h_btts,2h_btts,,no,kalshi,0.6469,yes,polymarket,0.35,0.9969,0.311,-0.6951,False,False,dryrun,high,computed
2026-07-06T23:24:55Z,26JUL07SUICOL,team_total,team_total|switzerland|0.5,0.5,over,polymarket,0.64,under,kalshi,0.35,0.99,1.0101,-0.5964,False,False,dryrun,high,computed
2026-07-06T23:24:55Z,26JUL06USABEL,team_total,team_total|usa|1.5,1.5,over,polymarket,0.44,under,kalshi,0.55,0.99,1.0101,-0.7937,False,False,dryrun,high,computed
2026-07-06T23:24:55Z,26JUL06USABEL,team_total,team_total|usa|2.5,2.5,over,polymarket,0.18,under,kalshi,0.81,0.99,1.0101,-0.0999,False,False,dryrun,high,computed
2026-07-06T23:24:55Z,26JUL06USABEL,team_total,team_total|belgium|1.5,1.5,over,polymarket,0.4,under,kalshi,0.59,0.99,1.0101,-0.6951,False,False,dryrun,high,computed
2026-07-06T23:24:55Z,26JUL06USABEL,2h_btts,2h_btts,,no,kalshi,0.6469,yes,polymarket,0.35,0.9969,0.311,-0.6951,False,False,dryrun,high,computed
2026-07-06T23:25:15Z,26JUL07SUICOL,team_total,team_total|switzerland|0.5,0.5,over,polymarket,0.64,under,kalshi,0.35,0.99,1.0101,-0.5964,False,False,dryrun,high,computed
2026-07-06T23:25:15Z,26JUL06USABEL,team_total,team_total|usa|1.5,1.5,over,polymarket,0.44,under,kalshi,0.55,0.99,1.0101,-0.7937,False,False,dryrun,high,computed
2026-07-06T23:25:15Z,26JUL06USABEL,team_total,team_total|usa|2.5,2.5,over,polymarket,0.18,under,kalshi,0.81,0.99,1.0101,-0.0999,False,False,dryrun,high,computed
2026-07-06T23:25:15Z,26JUL06USABEL,team_total,team_total|belgium|1.5,1.5,over,polymarket,0.4,under,kalshi,0.59,0.99,1.0101,-0.6951,False,False,dryrun,high,computed
2026-07-06T23:25:15Z,26JUL06USABEL,2h_btts,2h_btts,,no,kalshi,0.6469,yes,polymarket,0.35,0.9969,0.311,-0.6951,False,False,dryrun,high,computed
2026-07-06T23:25:35Z,26JUL07SUICOL,team_total,team_total|switzerland|0.5,0.5,over,polymarket,0.64,under,kalshi,0.35,0.99,1.0101,-0.5964,False,False,dryrun,high,computed
2026-07-06T23:25:35Z,26JUL06USABEL,team_total,team_total|usa|1.5,1.5,over,polymarket,0.44,under,kalshi,0.55,0.99,1.0101,-0.7937,False,False,dryrun,high,computed
2026-07-06T23:25:35Z,26JUL06USABEL,team_total,team_total|usa|2.5,2.5,over,polymarket,0.18,under,kalshi,0.81,0.99,1.0101,-0.0999,False,False,dryrun,high,computed
2026-07-06T23:25:35Z,26JUL06USABEL,team_total,team_total|belgium|1.5,1.5,over,polymarket,0.4,under,kalshi,0.59,0.99,1.0101,-0.6951,False,False,dryrun,high,computed
2026-07-06T23:25:35Z,26JUL06USABEL,2h_btts,2h_btts,,no,kalshi,0.6469,yes,polymarket,0.35,0.9969,0.311,-0.6951,False,False,dryrun,high,computed
2026-07-06T23:25:55Z,26JUL07SUICOL,team_total,team_total|switzerland|0.5,0.5,over,polymarket,0.64,under,kalshi,0.35,0.99,1.0101,-0.5964,False,False,dryrun,high,computed
2026-07-06T23:25:55Z,26JUL06USABEL,team_total,team_total|usa|1.5,1.5,over,polymarket,0.44,under,kalshi,0.55,0.99,1.0101,-0.7937,False,False,dryrun,high,computed
2026-07-06T23:25:55Z,26JUL06USABEL,team_total,team_total|usa|2.5,2.5,over,polymarket,0.18,under,kalshi,0.81,0.99,1.0101,-0.0999,False,False,dryrun,high,computed
2026-07-06T23:25:55Z,26JUL06USABEL,team_total,team_total|belgium|1.5,1.5,over,polymarket,0.4,under,kalshi,0.59,0.99,1.0101,-0.6951,False,False,dryrun,high,computed
2026-07-06T23:25:55Z,26JUL06USABEL,2h_btts,2h_btts,,no,kalshi,0.6469,yes,polymarket,0.35,0.9969,0.311,-0.6951,False,False,dryrun,high,computed
2026-07-06T23:26:15Z,26JUL07SUICOL,team_total,team_total|switzerland|0.5,0.5,over,polymarket,0.64,under,kalshi,0.35,0.99,1.0101,-0.5964,False,False,dryrun,high,computed
2026-07-06T23:26:15Z,26JUL06USABEL,team_total,team_total|usa|1.5,1.5,over,polymarket,0.44,under,kalshi,0.55,0.99,1.0101,-0.7937,False,False,dryrun,high,computed
2026-07-06T23:26:15Z,26JUL06USABEL,team_total,team_total|usa|2.5,2.5,over,polymarket,0.18,under,kalshi,0.81,0.99,1.0101,-0.0999,False,False,dryrun,high,computed
2026-07-06T23:26:15Z,26JUL06USABEL,team_total,team_total|belgium|1.5,1.5,over,polymarket,0.4,under,kalshi,0.59,0.99,1.0101,-0.6951,False,False,dryrun,high,computed
2026-07-06T23:26:15Z,26JUL06USABEL,2h_btts,2h_btts,,no,kalshi,0.6469,yes,polymarket,0.35,0.9969,0.311,-0.6951,False,False,dryrun,high,computed
2026-07-06T23:26:35Z,26JUL07SUICOL,team_total,team_total|switzerland|0.5,0.5,over,polymarket,0.64,under,kalshi,0.35,0.99,1.0101,-0.5964,False,False,dryrun,high,computed
2026-07-06T23:26:35Z,26JUL06USABEL,team_total,team_total|usa|1.5,1.5,over,polymarket,0.44,under,kalshi,0.55,0.99,1.0101,-0.7937,False,False,dryrun,high,computed
2026-07-06T23:26:35Z,26JUL06USABEL,team_total,team_total|belgium|1.5,1.5,over,polymarket,0.4,under,kalshi,0.59,0.99,1.0101,-0.6951,False,False,dryrun,high,computed
2026-07-06T23:26:35Z,26JUL06USABEL,2h_btts,2h_btts,,no,kalshi,0.6469,yes,polymarket,0.35,0.9969,0.311,-0.6951,False,False,dryrun,high,computed
2026-07-06T23:26:55Z,26JUL07SUICOL,team_total,team_total|switzerland|0.5,0.5,over,polymarket,0.64,under,kalshi,0.35,0.99,1.0101,-0.5964,False,False,dryrun,high,computed
2026-07-06T23:26:55Z,26JUL06USABEL,team_total,team_total|usa|1.5,1.5,over,polymarket,0.44,under,kalshi,0.55,0.99,1.0101,-0.7937,False,False,dryrun,high,computed
2026-07-06T23:26:55Z,26JUL06USABEL,team_total,team_total|belgium|1.5,1.5,over,polymarket,0.4,under,kalshi,0.59,0.99,1.0101,-0.6951,False,False,dryrun,high,computed
2026-07-06T23:26:55Z,26JUL06USABEL,2h_btts,2h_btts,,no,kalshi,0.6469,yes,polymarket,0.35,0.9969,0.311,-0.6951,False,False,dryrun,high,computed
2026-07-06T23:27:15Z,26JUL07SUICOL,team_total,team_total|switzerland|0.5,0.5,over,polymarket,0.64,under,kalshi,0.35,0.99,1.0101,-0.5964,False,False,dryrun,high,computed
2026-07-06T23:27:15Z,26JUL06USABEL,team_total,team_total|usa|1.5,1.5,over,polymarket,0.44,under,kalshi,0.55,0.99,1.0101,-0.7937,False,False,dryrun,high,computed
2026-07-06T23:27:15Z,26JUL06USABEL,team_total,team_total|belgium|1.5,1.5,over,polymarket,0.4,under,kalshi,0.59,0.99,1.0101,-0.6951,False,False,dryrun,high,computed
2026-07-06T23:27:15Z,26JUL06USABEL,2h_btts,2h_btts,,no,kalshi,0.6469,yes,polymarket,0.35,0.9969,0.311,-0.6951,False,False,dryrun,high,computed
2026-07-06T23:27:35Z,26JUL07SUICOL,team_total,team_total|switzerland|0.5,0.5,over,polymarket,0.64,under,kalshi,0.35,0.99,1.0101,-0.5964,False,False,dryrun,high,computed
2026-07-06T23:27:35Z,26JUL06USABEL,team_total,team_total|usa|1.5,1.5,over,polymarket,0.44,under,kalshi,0.55,0.99,1.0101,-0.7937,False,False,dryrun,high,computed
2026-07-06T23:27:35Z,26JUL06USABEL,team_total,team_total|belgium|1.5,1.5,over,polymarket,0.4,under,kalshi,0.59,0.99,1.0101,-0.6951,False,False,dryrun,high,computed
2026-07-06T23:27:35Z,26JUL06USABEL,2h_btts,2h_btts,,no,kalshi,0.6469,yes,polymarket,0.35,0.9969,0.311,-0.6951,False,False,dryrun,high,computed
2026-07-06T23:27:55Z,26JUL07SUICOL,team_total,team_total|switzerland|0.5,0.5,over,polymarket,0.64,under,kalshi,0.35,0.99,1.0101,-0.5964,False,False,dryrun,high,computed
2026-07-06T23:27:55Z,26JUL06USABEL,team_total,team_total|usa|1.5,1.5,over,polymarket,0.44,under,kalshi,0.55,0.99,1.0101,-0.7937,False,False,dryrun,high,computed
2026-07-06T23:27:55Z,26JUL06USABEL,team_total,team_total|belgium|1.5,1.5,over,polymarket,0.4,under,kalshi,0.59,0.99,1.0101,-0.6951,False,False,dryrun,high,computed
2026-07-06T23:27:55Z,26JUL06USABEL,2h_btts,2h_btts,,no,kalshi,0.6469,yes,polymarket,0.35,0.9969,0.311,-0.6951,False,False,dryrun,high,computed
2026-07-06T23:28:15Z,26JUL07SUICOL,team_total,team_total|switzerland|0.5,0.5,over,polymarket,0.64,under,kalshi,0.35,0.99,1.0101,-0.5964,False,False,dryrun,high,computed
2026-07-06T23:28:15Z,26JUL06USABEL,team_total,team_total|usa|1.5,1.5,over,polymarket,0.44,under,kalshi,0.55,0.99,1.0101,-0.7937,False,False,dryrun,high,computed
2026-07-06T23:28:15Z,26JUL06USABEL,team_total,team_total|belgium|1.5,1.5,over,polymarket,0.4,under,kalshi,0.59,0.99,1.0101,-0.6951,False,False,dryrun,high,computed
2026-07-06T23:28:15Z,26JUL06USABEL,2h_btts,2h_btts,,no,kalshi,0.6469,yes,polymarket,0.35,0.9969,0.311,-0.6951,False,False,dryrun,high,computed
2026-07-06T23:28:35Z,26JUL07SUICOL,team_total,team_total|switzerland|0.5,0.5,over,polymarket,0.64,under,kalshi,0.35,0.99,1.0101,-0.5964,False,False,dryrun,high,computed
2026-07-06T23:28:35Z,26JUL06USABEL,team_total,team_total|usa|1.5,1.5,over,polymarket,0.44,under,kalshi,0.55,0.99,1.0101,-0.7937,False,False,dryrun,high,computed
2026-07-06T23:28:35Z,26JUL06USABEL,team_total,team_total|belgium|1.5,1.5,over,polymarket,0.4,under,kalshi,0.59,0.99,1.0101,-0.6951,False,False,dryrun,high,computed
2026-07-06T23:28:35Z,26JUL06USABEL,2h_btts,2h_btts,,no,kalshi,0.6465,yes,polymarket,0.35,0.9965,0.3512,-0.6951,False,False,dryrun,high,computed
2026-07-06T23:28:55Z,26JUL07SUICOL,team_total,team_total|switzerland|0.5,0.5,over,polymarket,0.64,under,kalshi,0.35,0.99,1.0101,-0.5964,False,False,dryrun,high,computed
2026-07-06T23:28:55Z,26JUL06USABEL,team_total,team_total|usa|1.5,1.5,over,polymarket,0.44,under,kalshi,0.55,0.99,1.0101,-0.7937,False,False,dryrun,high,computed
2026-07-06T23:28:55Z,26JUL06USABEL,team_total,team_total|belgium|1.5,1.5,over,polymarket,0.4,under,kalshi,0.59,0.99,1.0101,-0.6951,False,False,dryrun,high,computed
2026-07-06T23:28:55Z,26JUL06USABEL,2h_btts,2h_btts,,no,kalshi,0.6475,yes,polymarket,0.35,0.9975,0.2506,-0.6951,False,False,dryrun,high,computed
2026-07-06T23:29:15Z,26JUL07SUICOL,team_total,team_total|switzerland|0.5,0.5,over,polymarket,0.64,under,kalshi,0.35,0.99,1.0101,-0.5964,False,False,dryrun,high,computed
2026-07-06T23:29:15Z,26JUL06USABEL,team_total,team_total|usa|1.5,1.5,over,polymarket,0.44,under,kalshi,0.55,0.99,1.0101,-0.7937,False,False,dryrun,high,computed
2026-07-06T23:29:15Z,26JUL06USABEL,team_total,team_total|belgium|1.5,1.5,over,polymarket,0.4,under,kalshi,0.59,0.99,1.0101,-0.6951,False,False,dryrun,high,computed
2026-07-06T23:29:15Z,26JUL06USABEL,2h_btts,2h_btts,,no,kalshi,0.6475,yes,polymarket,0.35,0.9975,0.2506,-0.6951,False,False,dryrun,high,computed
2026-07-06T23:29:35Z,26JUL07SUICOL,team_total,team_total|switzerland|0.5,0.5,over,polymarket,0.64,under,kalshi,0.35,0.99,1.0101,-0.5964,False,False,dryrun,high,computed
2026-07-06T23:29:35Z,26JUL06USABEL,team_total,team_total|usa|1.5,1.5,over,polymarket,0.44,under,kalshi,0.55,0.99,1.0101,-0.7937,False,False,dryrun,high,computed
2026-07-06T23:29:35Z,26JUL06USABEL,team_total,team_total|belgium|1.5,1.5,over,polymarket,0.4,under,kalshi,0.59,0.99,1.0101,-0.6951,False,False,dryrun,high,computed
2026-07-06T23:29:35Z,26JUL06USABEL,2h_btts,2h_btts,,no,kalshi,0.6475,yes,polymarket,0.35,0.9975,0.2506,-0.6951,False,False,dryrun,high,computed
2026-07-06T23:29:55Z,26JUL07SUICOL,team_total,team_total|switzerland|0.5,0.5,over,polymarket,0.64,under,kalshi,0.35,0.99,1.0101,-0.5964,False,False,dryrun,high,computed
2026-07-06T23:29:55Z,26JUL06USABEL,team_total,team_total|usa|1.5,1.5,over,polymarket,0.44,under,kalshi,0.55,0.99,1.0101,-0.7937,False,False,dryrun,high,computed
2026-07-06T23:29:55Z,26JUL06USABEL,team_total,team_total|belgium|1.5,1.5,over,polymarket,0.4,under,kalshi,0.59,0.99,1.0101,-0.6951,False,False,dryrun,high,computed
2026-07-06T23:29:55Z,26JUL06USABEL,2h_btts,2h_btts,,no,kalshi,0.6475,yes,polymarket,0.35,0.9975,0.2506,-0.6951,False,False,dryrun,high,computed
2026-07-06T23:30:15Z,26JUL07SUICOL,team_total,team_total|switzerland|0.5,0.5,over,polymarket,0.64,under,kalshi,0.35,0.99,1.0101,-0.5964,False,False,dryrun,high,computed
2026-07-06T23:30:15Z,26JUL06USABEL,team_total,team_total|usa|1.5,1.5,over,polymarket,0.44,under,kalshi,0.55,0.99,1.0101,-0.7937,False,False,dryrun,high,computed
2026-07-06T23:30:15Z,26JUL06USABEL,2h_btts,2h_btts,,no,kalshi,0.6475,yes,polymarket,0.35,0.9975,0.2506,-0.6951,False,False,dryrun,high,computed
2026-07-06T23:30:35Z,26JUL07SUICOL,team_total,team_total|switzerland|0.5,0.5,over,polymarket,0.64,under,kalshi,0.35,0.99,1.0101,-0.5964,False,False,dryrun,high,computed
2026-07-06T23:30:35Z,26JUL06USABEL,team_total,team_total|usa|1.5,1.5,over,polymarket,0.44,under,kalshi,0.55,0.99,1.0101,-0.7937,False,False,dryrun,high,computed
2026-07-06T23:30:35Z,26JUL06USABEL,team_total,team_total|usa|2.5,2.5,over,polymarket,0.18,under,kalshi,0.81,0.99,1.0101,-0.0999,False,False,dryrun,high,computed
2026-07-06T23:30:35Z,26JUL06USABEL,2h_btts,2h_btts,,no,kalshi,0.65,yes,polymarket,0.3455,0.9955,0.4514,-0.5964,False,False,dryrun,high,computed
2026-07-06T23:30:55Z,26JUL07SUICOL,team_total,team_total|switzerland|0.5,0.5,over,polymarket,0.64,under,kalshi,0.35,0.99,1.0101,-0.5964,False,False,dryrun,high,computed
2026-07-06T23:30:55Z,26JUL06USABEL,2h_btts,2h_btts,,no,kalshi,0.65,yes,polymarket,0.34,0.99,1.0101,-0.5964,False,False,dryrun,high,computed
2026-07-06T23:30:55Z,26JUL06USABEL,team_total,team_total|usa|1.5,1.5,over,polymarket,0.44,under,kalshi,0.55,0.99,1.0101,-0.7937,False,False,dryrun,high,computed
2026-07-06T23:30:55Z,26JUL06USABEL,team_total,team_total|usa|2.5,2.5,over,polymarket,0.18,under,kalshi,0.81,0.99,1.0101,-0.0999,False,False,dryrun,high,computed
2026-07-06T23:31:15Z,26JUL07SUICOL,team_total,team_total|switzerland|0.5,0.5,over,polymarket,0.64,under,kalshi,0.35,0.99,1.0101,-0.5964,False,False,dryrun,high,computed
2026-07-06T23:31:15Z,26JUL06USABEL,2h_btts,2h_btts,,no,kalshi,0.65,yes,polymarket,0.34,0.99,1.0101,-0.5964,False,False,dryrun,high,computed
2026-07-06T23:31:15Z,26JUL06USABEL,team_total,team_total|usa|1.5,1.5,over,polymarket,0.44,under,kalshi,0.55,0.99,1.0101,-0.7937,False,False,dryrun,high,computed
2026-07-06T23:31:15Z,26JUL06USABEL,team_total,team_total|usa|2.5,2.5,over,polymarket,0.18,under,kalshi,0.81,0.99,1.0101,-0.0999,False,False,dryrun,high,computed
2026-07-06T23:31:35Z,26JUL07SUICOL,team_total,team_total|switzerland|0.5,0.5,over,polymarket,0.64,under,kalshi,0.35,0.99,1.0101,-0.5964,False,False,dryrun,high,computed
2026-07-06T23:31:35Z,26JUL06USABEL,2h_btts,2h_btts,,no,kalshi,0.65,yes,polymarket,0.34,0.99,1.0101,-0.5964,False,False,dryrun,high,computed
2026-07-06T23:31:35Z,26JUL06USABEL,team_total,team_total|usa|1.5,1.5,over,polymarket,0.44,under,kalshi,0.55,0.99,1.0101,-0.7937,False,False,dryrun,high,computed
2026-07-06T23:31:35Z,26JUL06USABEL,team_total,team_total|usa|2.5,2.5,over,polymarket,0.18,under,kalshi,0.81,0.99,1.0101,-0.0999,False,False,dryrun,high,computed
2026-07-06T23:31:55Z,26JUL07SUICOL,team_total,team_total|switzerland|0.5,0.5,over,polymarket,0.64,under,kalshi,0.35,0.99,1.0101,-0.5964,False,False,dryrun,high,computed
2026-07-06T23:31:55Z,26JUL06USABEL,2h_btts,2h_btts,,no,kalshi,0.65,yes,polymarket,0.34,0.99,1.0101,-0.5964,False,False,dryrun,high,computed
2026-07-06T23:31:55Z,26JUL06USABEL,team_total,team_total|usa|1.5,1.5,over,polymarket,0.44,under,kalshi,0.55,0.99,1.0101,-0.7937,False,False,dryrun,high,computed
2026-07-06T23:31:55Z,26JUL06USABEL,team_total,team_total|usa|2.5,2.5,over,polymarket,0.18,under,kalshi,0.81,0.99,1.0101,-0.0999,False,False,dryrun,high,computed
2026-07-06T23:32:15Z,26JUL07SUICOL,team_total,team_total|switzerland|0.5,0.5,over,polymarket,0.64,under,kalshi,0.35,0.99,1.0101,-0.5964,False,False,dryrun,high,computed
2026-07-06T23:32:15Z,26JUL06USABEL,2h_btts,2h_btts,,no,kalshi,0.65,yes,polymarket,0.34,0.99,1.0101,-0.5964,False,False,dryrun,high,computed
2026-07-06T23:32:15Z,26JUL06USABEL,team_total,team_total|usa|1.5,1.5,over,polymarket,0.44,under,kalshi,0.55,0.99,1.0101,-0.7937,False,False,dryrun,high,computed
2026-07-06T23:32:15Z,26JUL06USABEL,team_total,team_total|usa|2.5,2.5,over,polymarket,0.18,under,kalshi,0.81,0.99,1.0101,-0.0999,False,False,dryrun,high,computed
2026-07-06T23:32:35Z,26JUL07SUICOL,team_total,team_total|switzerland|0.5,0.5,over,polymarket,0.64,under,kalshi,0.35,0.99,1.0101,-0.5964,False,False,dryrun,high,computed
2026-07-06T23:32:35Z,26JUL06USABEL,2h_btts,2h_btts,,no,kalshi,0.65,yes,polymarket,0.34,0.99,1.0101,-0.5964,False,False,dryrun,high,computed
2026-07-06T23:32:35Z,26JUL06USABEL,team_total,team_total|usa|1.5,1.5,over,polymarket,0.44,under,kalshi,0.55,0.99,1.0101,-0.7937,False,False,dryrun,high,computed
2026-07-06T23:32:35Z,26JUL06USABEL,team_total,team_total|usa|2.5,2.5,over,polymarket,0.18,under,kalshi,0.81,0.99,1.0101,-0.0999,False,False,dryrun,high,computed
2026-07-06T23:32:55Z,26JUL07SUICOL,team_total,team_total|switzerland|0.5,0.5,over,polymarket,0.64,under,kalshi,0.35,0.99,1.0101,-0.5964,False,False,dryrun,high,computed
2026-07-06T23:32:55Z,26JUL06USABEL,2h_btts,2h_btts,,no,kalshi,0.65,yes,polymarket,0.34,0.99,1.0101,-0.5964,False,False,dryrun,high,computed
2026-07-06T23:32:55Z,26JUL06USABEL,team_total,team_total|usa|1.5,1.5,over,polymarket,0.44,under,kalshi,0.55,0.99,1.0101,-0.7937,False,False,dryrun,high,computed
2026-07-06T23:32:55Z,26JUL06USABEL,team_total,team_total|usa|2.5,2.5,over,polymarket,0.18,under,kalshi,0.81,0.99,1.0101,-0.0999,False,False,dryrun,high,computed
2026-07-06T23:33:15Z,26JUL06USABEL,2h_btts,2h_btts,,no,kalshi,0.65,yes,polymarket,0.34,0.99,1.0101,-0.5964,False,False,dryrun,high,computed
2026-07-06T23:33:15Z,26JUL06USABEL,team_total,team_total|usa|1.5,1.5,over,polymarket,0.44,under,kalshi,0.55,0.99,1.0101,-0.7937,False,False,dryrun,high,computed
2026-07-06T23:33:15Z,26JUL06USABEL,team_total,team_total|usa|2.5,2.5,over,polymarket,0.18,under,kalshi,0.81,0.99,1.0101,-0.0999,False,False,dryrun,high,computed
2026-07-06T23:33:36Z,26JUL06USABEL,2h_btts,2h_btts,,no,kalshi,0.65,yes,polymarket,0.34,0.99,1.0101,-0.5964,False,False,dryrun,high,computed
2026-07-06T23:33:36Z,26JUL06USABEL,team_total,team_total|usa|1.5,1.5,over,polymarket,0.44,under,kalshi,0.55,0.99,1.0101,-0.7937,False,False,dryrun,high,computed
2026-07-06T23:33:36Z,26JUL06USABEL,team_total,team_total|usa|2.5,2.5,over,polymarket,0.18,under,kalshi,0.81,0.99,1.0101,-0.0999,False,False,dryrun,high,computed
2026-07-06T23:33:55Z,26JUL06USABEL,2h_btts,2h_btts,,no,kalshi,0.65,yes,polymarket,0.34,0.99,1.0101,-0.5964,False,False,dryrun,high,computed
2026-07-06T23:33:55Z,26JUL06USABEL,team_total,team_total|usa|1.5,1.5,over,polymarket,0.44,under,kalshi,0.55,0.99,1.0101,-0.7937,False,False,dryrun,high,computed
2026-07-06T23:33:55Z,26JUL06USABEL,team_total,team_total|usa|2.5,2.5,over,polymarket,0.18,under,kalshi,0.81,0.99,1.0101,-0.0999,False,False,dryrun,high,computed
2026-07-06T23:34:15Z,26JUL06USABEL,2h_btts,2h_btts,,no,kalshi,0.65,yes,polymarket,0.34,0.99,1.0101,-0.5964,False,False,dryrun,high,computed
2026-07-06T23:34:15Z,26JUL06USABEL,team_total,team_total|usa|1.5,1.5,over,polymarket,0.44,under,kalshi,0.55,0.99,1.0101,-0.7937,False,False,dryrun,high,computed
2026-07-06T23:34:15Z,26JUL06USABEL,team_total,team_total|usa|2.5,2.5,over,polymarket,0.18,under,kalshi,0.81,0.99,1.0101,-0.0999,False,False,dryrun,high,computed
2026-07-06T23:34:35Z,26JUL06USABEL,2h_btts,2h_btts,,no,kalshi,0.65,yes,polymarket,0.34,0.99,1.0101,-0.5964,False,False,dryrun,high,computed
2026-07-06T23:34:35Z,26JUL06USABEL,team_total,team_total|usa|1.5,1.5,over,polymarket,0.44,under,kalshi,0.55,0.99,1.0101,-0.7937,False,False,dryrun,high,computed
2026-07-06T23:34:35Z,26JUL06USABEL,team_total,team_total|usa|2.5,2.5,over,polymarket,0.18,under,kalshi,0.81,0.99,1.0101,-0.0999,False,False,dryrun,high,computed
2026-07-06T23:34:55Z,26JUL06USABEL,2h_btts,2h_btts,,no,kalshi,0.65,yes,polymarket,0.34,0.99,1.0101,-0.5964,False,False,dryrun,high,computed
2026-07-06T23:34:55Z,26JUL06USABEL,team_total,team_total|usa|1.5,1.5,over,polymarket,0.44,under,kalshi,0.55,0.99,1.0101,-0.7937,False,False,dryrun,high,computed
2026-07-06T23:34:55Z,26JUL06USABEL,team_total,team_total|usa|2.5,2.5,over,polymarket,0.18,under,kalshi,0.81,0.99,1.0101,-0.0999,False,False,dryrun,high,computed
2026-07-06T23:35:15Z,26JUL06USABEL,2h_btts,2h_btts,,no,kalshi,0.65,yes,polymarket,0.34,0.99,1.0101,-0.5964,False,False,dryrun,high,computed
2026-07-06T23:35:15Z,26JUL06USABEL,team_total,team_total|usa|1.5,1.5,over,polymarket,0.44,under,kalshi,0.55,0.99,1.0101,-0.7937,False,False,dryrun,high,computed
2026-07-06T23:35:15Z,26JUL06USABEL,team_total,team_total|usa|2.5,2.5,over,polymarket,0.18,under,kalshi,0.81,0.99,1.0101,-0.0999,False,False,dryrun,high,computed
2026-07-06T23:35:35Z,26JUL06USABEL,2h_btts,2h_btts,,no,kalshi,0.65,yes,polymarket,0.34,0.99,1.0101,-0.5964,False,False,dryrun,high,computed
2026-07-06T23:35:35Z,26JUL06USABEL,team_total,team_total|usa|1.5,1.5,over,polymarket,0.44,under,kalshi,0.55,0.99,1.0101,-0.7937,False,False,dryrun,high,computed
2026-07-06T23:35:35Z,26JUL06USABEL,team_total,team_total|usa|2.5,2.5,over,polymarket,0.18,under,kalshi,0.81,0.99,1.0101,-0.0999,False,False,dryrun,high,computed
2026-07-06T23:35:55Z,26JUL06USABEL,2h_btts,2h_btts,,no,kalshi,0.65,yes,polymarket,0.34,0.99,1.0101,-0.5964,False,False,dryrun,high,computed
2026-07-06T23:35:55Z,26JUL06USABEL,team_total,team_total|usa|1.5,1.5,over,polymarket,0.44,under,kalshi,0.55,0.99,1.0101,-0.7937,False,False,dryrun,high,computed
2026-07-06T23:35:55Z,26JUL06USABEL,team_total,team_total|usa|2.5,2.5,over,polymarket,0.18,under,kalshi,0.81,0.99,1.0101,-0.0999,False,False,dryrun,high,computed
2026-07-06T23:36:15Z,26JUL06USABEL,2h_btts,2h_btts,,no,kalshi,0.65,yes,polymarket,0.34,0.99,1.0101,-0.5964,False,False,dryrun,high,computed
2026-07-06T23:36:15Z,26JUL06USABEL,team_total,team_total|usa|1.5,1.5,over,polymarket,0.44,under,kalshi,0.55,0.99,1.0101,-0.7937,False,False,dryrun,high,computed
2026-07-06T23:36:15Z,26JUL06USABEL,team_total,team_total|usa|2.5,2.5,over,polymarket,0.18,under,kalshi,0.81,0.99,1.0101,-0.0999,False,False,dryrun,high,computed
2026-07-06T23:36:35Z,26JUL06USABEL,2h_btts,2h_btts,,no,kalshi,0.65,yes,polymarket,0.34,0.99,1.0101,-0.5964,False,False,dryrun,high,computed
2026-07-06T23:36:35Z,26JUL06USABEL,team_total,team_total|usa|1.5,1.5,over,polymarket,0.44,under,kalshi,0.55,0.99,1.0101,-0.7937,False,False,dryrun,high,computed
2026-07-06T23:36:35Z,26JUL06USABEL,team_total,team_total|usa|2.5,2.5,over,polymarket,0.18,under,kalshi,0.81,0.99,1.0101,-0.0999,False,False,dryrun,high,computed
2026-07-06T23:36:55Z,26JUL06USABEL,2h_btts,2h_btts,,no,kalshi,0.65,yes,polymarket,0.34,0.99,1.0101,-0.5964,False,False,dryrun,high,computed
2026-07-06T23:36:55Z,26JUL06USABEL,team_total,team_total|usa|1.5,1.5,over,polymarket,0.44,under,kalshi,0.55,0.99,1.0101,-0.7937,False,False,dryrun,high,computed
2026-07-06T23:36:55Z,26JUL06USABEL,team_total,team_total|usa|2.5,2.5,over,polymarket,0.18,under,kalshi,0.81,0.99,1.0101,-0.0999,False,False,dryrun,high,computed
2026-07-06T23:37:15Z,26JUL06USABEL,2h_btts,2h_btts,,no,kalshi,0.65,yes,polymarket,0.34,0.99,1.0101,-0.5964,False,False,dryrun,high,computed
2026-07-06T23:37:15Z,26JUL06USABEL,team_total,team_total|usa|1.5,1.5,over,polymarket,0.44,under,kalshi,0.55,0.99,1.0101,-0.7937,False,False,dryrun,high,computed
2026-07-06T23:37:15Z,26JUL06USABEL,team_total,team_total|usa|2.5,2.5,over,polymarket,0.18,under,kalshi,0.81,0.99,1.0101,-0.0999,False,False,dryrun,high,computed
2026-07-06T23:37:35Z,26JUL06USABEL,2h_btts,2h_btts,,no,kalshi,0.65,yes,polymarket,0.34,0.99,1.0101,-0.5964,False,False,dryrun,high,computed
2026-07-06T23:37:35Z,26JUL06USABEL,team_total,team_total|usa|1.5,1.5,over,polymarket,0.44,under,kalshi,0.55,0.99,1.0101,-0.7937,False,False,dryrun,high,computed
2026-07-06T23:37:35Z,26JUL06USABEL,team_total,team_total|usa|2.5,2.5,over,polymarket,0.18,under,kalshi,0.81,0.99,1.0101,-0.0999,False,False,dryrun,high,computed
2026-07-06T23:37:55Z,26JUL06USABEL,2h_btts,2h_btts,,no,kalshi,0.65,yes,polymarket,0.34,0.99,1.0101,-0.5964,False,False,dryrun,high,computed
2026-07-06T23:37:55Z,26JUL06USABEL,team_total,team_total|usa|1.5,1.5,over,polymarket,0.44,under,kalshi,0.55,0.99,1.0101,-0.7937,False,False,dryrun,high,computed
2026-07-06T23:37:55Z,26JUL06USABEL,team_total,team_total|usa|2.5,2.5,over,polymarket,0.18,under,kalshi,0.81,0.99,1.0101,-0.0999,False,False,dryrun,high,computed
2026-07-06T23:38:15Z,26JUL06USABEL,2h_btts,2h_btts,,no,kalshi,0.65,yes,polymarket,0.34,0.99,1.0101,-0.5964,False,False,dryrun,high,computed
2026-07-06T23:38:15Z,26JUL06USABEL,team_total,team_total|usa|1.5,1.5,over,polymarket,0.44,under,kalshi,0.55,0.99,1.0101,-0.7937,False,False,dryrun,high,computed
2026-07-06T23:38:15Z,26JUL06USABEL,team_total,team_total|usa|2.5,2.5,over,polymarket,0.18,under,kalshi,0.81,0.99,1.0101,-0.0999,False,False,dryrun,high,computed
2026-07-06T23:38:35Z,26JUL06USABEL,2h_btts,2h_btts,,no,kalshi,0.65,yes,polymarket,0.34,0.99,1.0101,-0.5964,False,False,dryrun,high,computed
2026-07-06T23:38:35Z,26JUL06USABEL,team_total,team_total|usa|1.5,1.5,over,polymarket,0.44,under,kalshi,0.55,0.99,1.0101,-0.7937,False,False,dryrun,high,computed
2026-07-06T23:38:35Z,26JUL06USABEL,team_total,team_total|usa|2.5,2.5,over,polymarket,0.18,under,kalshi,0.81,0.99,1.0101,-0.0999,False,False,dryrun,high,computed
2026-07-06T23:38:55Z,26JUL06USABEL,2h_btts,2h_btts,,no,kalshi,0.65,yes,polymarket,0.34,0.99,1.0101,-0.5964,False,False,dryrun,high,computed
2026-07-06T23:38:55Z,26JUL06USABEL,team_total,team_total|usa|1.5,1.5,over,polymarket,0.44,under,kalshi,0.55,0.99,1.0101,-0.7937,False,False,dryrun,high,computed
2026-07-06T23:38:55Z,26JUL06USABEL,team_total,team_total|usa|2.5,2.5,over,polymarket,0.18,under,kalshi,0.81,0.99,1.0101,-0.0999,False,False,dryrun,high,computed
2026-07-06T23:39:15Z,26JUL06USABEL,2h_btts,2h_btts,,no,kalshi,0.65,yes,polymarket,0.34,0.99,1.0101,-0.5964,False,False,dryrun,high,computed
2026-07-06T23:39:15Z,26JUL06USABEL,team_total,team_total|usa|1.5,1.5,over,polymarket,0.44,under,kalshi,0.55,0.99,1.0101,-0.7937,False,False,dryrun,high,computed
2026-07-06T23:39:15Z,26JUL06USABEL,team_total,team_total|usa|2.5,2.5,over,polymarket,0.18,under,kalshi,0.81,0.99,1.0101,-0.0999,False,False,dryrun,high,computed
2026-07-06T23:39:35Z,26JUL06USABEL,2h_btts,2h_btts,,no,kalshi,0.65,yes,polymarket,0.34,0.99,1.0101,-0.5964,False,False,dryrun,high,computed
2026-07-06T23:39:35Z,26JUL06USABEL,team_total,team_total|usa|1.5,1.5,over,polymarket,0.44,under,kalshi,0.55,0.99,1.0101,-0.7937,False,False,dryrun,high,computed
2026-07-06T23:39:35Z,26JUL06USABEL,team_total,team_total|usa|2.5,2.5,over,polymarket,0.18,under,kalshi,0.81,0.99,1.0101,-0.0999,False,False,dryrun,high,computed
2026-07-06T23:39:55Z,26JUL06USABEL,2h_btts,2h_btts,,no,kalshi,0.65,yes,polymarket,0.34,0.99,1.0101,-0.5964,False,False,dryrun,high,computed
2026-07-06T23:39:55Z,26JUL06USABEL,team_total,team_total|usa|1.5,1.5,over,polymarket,0.44,under,kalshi,0.55,0.99,1.0101,-0.7937,False,False,dryrun,high,computed
2026-07-06T23:39:55Z,26JUL06USABEL,team_total,team_total|usa|2.5,2.5,over,polymarket,0.18,under,kalshi,0.81,0.99,1.0101,-0.0999,False,False,dryrun,high,computed
2026-07-06T23:40:15Z,26JUL06USABEL,2h_btts,2h_btts,,no,kalshi,0.65,yes,polymarket,0.34,0.99,1.0101,-0.5964,False,False,dryrun,high,computed
2026-07-06T23:40:15Z,26JUL06USABEL,team_total,team_total|usa|1.5,1.5,over,polymarket,0.44,under,kalshi,0.55,0.99,1.0101,-0.7937,False,False,dryrun,high,computed
2026-07-06T23:40:15Z,26JUL06USABEL,team_total,team_total|usa|2.5,2.5,over,polymarket,0.18,under,kalshi,0.81,0.99,1.0101,-0.0999,False,False,dryrun,high,computed
2026-07-06T23:40:35Z,26JUL06USABEL,team_total,team_total|usa|2.5,2.5,over,polymarket,0.18,under,kalshi,0.81,0.99,1.0101,-0.0999,False,False,dryrun,high,computed
2026-07-06T23:40:55Z,26JUL06USABEL,team_total,team_total|usa|2.5,2.5,over,polymarket,0.18,under,kalshi,0.81,0.99,1.0101,-0.0999,False,False,dryrun,high,computed
2026-07-06T23:41:15Z,26JUL06USABEL,team_total,team_total|usa|2.5,2.5,over,polymarket,0.18,under,kalshi,0.81,0.99,1.0101,-0.0999,False,False,dryrun,high,computed
2026-07-06T23:41:35Z,26JUL06USABEL,team_total,team_total|usa|1.5,1.5,over,polymarket,0.44,under,kalshi,0.55,0.99,1.0101,-0.7937,False,False,dryrun,high,computed
2026-07-06T23:41:55Z,26JUL06USABEL,team_total,team_total|usa|1.5,1.5,over,polymarket,0.44,under,kalshi,0.55,0.99,1.0101,-0.7937,False,False,dryrun,high,computed
2026-07-06T23:42:15Z,26JUL06USABEL,team_total,team_total|usa|1.5,1.5,over,polymarket,0.44,under,kalshi,0.55,0.99,1.0101,-0.7937,False,False,dryrun,high,computed
2026-07-06T23:42:35Z,26JUL06USABEL,team_total,team_total|usa|1.5,1.5,over,polymarket,0.44,under,kalshi,0.55,0.99,1.0101,-0.7937,False,False,dryrun,high,computed
2026-07-06T23:42:55Z,26JUL06USABEL,team_total,team_total|usa|1.5,1.5,over,polymarket,0.44,under,kalshi,0.55,0.99,1.0101,-0.7937,False,False,dryrun,high,computed
2026-07-06T23:43:15Z,26JUL06USABEL,team_total,team_total|usa|1.5,1.5,over,polymarket,0.4473,under,kalshi,0.55,0.9973,0.2657,-0.7937,False,False,dryrun,high,computed
2026-07-06T23:43:35Z,26JUL06USABEL,team_total,team_total|usa|1.5,1.5,over,polymarket,0.44,under,kalshi,0.55,0.99,1.0101,-0.7937,False,False,dryrun,high,computed
2026-07-06T23:43:35Z,26JUL06USABEL,team_total,team_total|usa|2.5,2.5,over,polymarket,0.18,under,kalshi,0.81,0.99,1.0101,-0.0999,False,False,dryrun,high,computed
2026-07-06T23:43:55Z,26JUL06USABEL,team_total,team_total|usa|1.5,1.5,over,polymarket,0.44,under,kalshi,0.55,0.99,1.0101,-0.7937,False,False,dryrun,high,computed
2026-07-06T23:43:55Z,26JUL06USABEL,team_total,team_total|usa|2.5,2.5,over,polymarket,0.18,under,kalshi,0.81,0.99,1.0101,-0.0999,False,False,dryrun,high,computed
2026-07-06T23:44:15Z,26JUL06USABEL,team_total,team_total|usa|1.5,1.5,over,polymarket,0.44,under,kalshi,0.55,0.99,1.0101,-0.7937,False,False,dryrun,high,computed
2026-07-06T23:44:15Z,26JUL06USABEL,team_total,team_total|usa|2.5,2.5,over,polymarket,0.18,under,kalshi,0.81,0.99,1.0101,-1.088,False,False,dryrun,high,computed
2026-07-06T23:44:35Z,26JUL06USABEL,team_total,team_total|usa|1.5,1.5,over,polymarket,0.44,under,kalshi,0.55,0.99,1.0101,-0.7937,False,False,dryrun,high,computed
2026-07-06T23:44:55Z,26JUL06USABEL,team_total,team_total|usa|1.5,1.5,over,polymarket,0.44,under,kalshi,0.55,0.99,1.0101,-0.7937,False,False,dryrun,high,computed
2026-07-06T23:44:55Z,26JUL06USABEL,team_total,team_total|usa|2.5,2.5,over,polymarket,0.1893,under,kalshi,0.81,0.9993,0.0702,-0.0999,False,False,dryrun,high,computed
2026-07-06T23:44:55Z,26JUL06USABEL,team_total,team_total|belgium|0.5,0.5,over,kalshi,0.76,under,polymarket,0.24,1.0,0.0,-1.2833,False,False,dryrun,high,computed
2026-07-06T23:45:15Z,26JUL06USABEL,team_total,team_total|usa|1.5,1.5,over,polymarket,0.44,under,kalshi,0.55,0.99,1.0101,-0.7937,False,False,dryrun,high,computed
2026-07-06T23:45:15Z,26JUL06USABEL,team_total,team_total|belgium|0.5,0.5,over,kalshi,0.76,under,polymarket,0.24,1.0,0.0,-1.2833,False,False,dryrun,high,computed
2026-07-06T23:45:35Z,26JUL06USABEL,team_total,team_total|usa|1.5,1.5,over,polymarket,0.44,under,kalshi,0.55,0.99,1.0101,-0.7937,False,False,dryrun,high,computed
2026-07-06T23:45:35Z,26JUL06USABEL,team_total,team_total|belgium|0.5,0.5,over,kalshi,0.76,under,polymarket,0.24,1.0,0.0,-1.2833,False,False,dryrun,high,computed
2026-07-06T23:45:55Z,26JUL06USABEL,team_total,team_total|usa|1.5,1.5,over,polymarket,0.44,under,kalshi,0.55,0.99,1.0101,-0.7937,False,False,dryrun,high,computed
2026-07-06T23:45:55Z,26JUL06USABEL,team_total,team_total|belgium|0.5,0.5,over,kalshi,0.76,under,polymarket,0.24,1.0,0.0,-1.2833,False,False,dryrun,high,computed
2026-07-06T23:46:15Z,26JUL06USABEL,team_total,team_total|usa|1.5,1.5,over,polymarket,0.44,under,kalshi,0.55,0.99,1.0101,-0.7937,False,False,dryrun,high,computed
2026-07-06T23:46:15Z,26JUL06USABEL,team_total,team_total|usa|2.5,2.5,over,polymarket,0.18,under,kalshi,0.81,0.99,1.0101,-0.0999,False,False,dryrun,high,computed
2026-07-06T23:46:15Z,26JUL06USABEL,team_total,team_total|belgium|0.5,0.5,over,kalshi,0.76,under,polymarket,0.24,1.0,0.0,-1.2833,False,False,dryrun,high,computed
2026-07-06T23:46:35Z,26JUL06USABEL,team_total,team_total|usa|1.5,1.5,over,polymarket,0.44,under,kalshi,0.55,0.99,1.0101,-0.7937,False,False,dryrun,high,computed
2026-07-06T23:46:35Z,26JUL06USABEL,team_total,team_total|usa|2.5,2.5,over,polymarket,0.18,under,kalshi,0.81,0.99,1.0101,-0.0999,False,False,dryrun,high,computed
2026-07-06T23:46:35Z,26JUL06USABEL,team_total,team_total|belgium|0.5,0.5,over,kalshi,0.76,under,polymarket,0.24,1.0,0.0,-1.2833,False,False,dryrun,high,computed
2026-07-06T23:46:55Z,26JUL06USABEL,team_total,team_total|usa|1.5,1.5,over,polymarket,0.44,under,kalshi,0.55,0.99,1.0101,-0.7937,False,False,dryrun,high,computed
2026-07-06T23:46:55Z,26JUL06USABEL,team_total,team_total|usa|2.5,2.5,over,polymarket,0.18,under,kalshi,0.81,0.99,1.0101,-0.0999,False,False,dryrun,high,computed
2026-07-06T23:46:55Z,26JUL06USABEL,team_total,team_total|belgium|0.5,0.5,over,kalshi,0.76,under,polymarket,0.24,1.0,0.0,-1.2833,False,False,dryrun,high,computed
2026-07-06T23:47:15Z,26JUL06USABEL,team_total,team_total|usa|1.5,1.5,over,polymarket,0.44,under,kalshi,0.55,0.99,1.0101,-0.7937,False,False,dryrun,high,computed
2026-07-06T23:47:15Z,26JUL06USABEL,team_total,team_total|usa|2.5,2.5,over,polymarket,0.18,under,kalshi,0.81,0.99,1.0101,-0.0999,False,False,dryrun,high,computed
2026-07-06T23:47:15Z,26JUL06USABEL,team_total,team_total|belgium|0.5,0.5,over,kalshi,0.76,under,polymarket,0.24,1.0,0.0,-1.2833,False,False,dryrun,high,computed
2026-07-06T23:47:35Z,26JUL06USABEL,team_total,team_total|usa|1.5,1.5,over,polymarket,0.44,under,kalshi,0.55,0.99,1.0101,-1.7682,False,False,dryrun,high,computed
2026-07-06T23:47:35Z,26JUL06USABEL,team_total,team_total|usa|2.5,2.5,over,polymarket,0.18,under,kalshi,0.81,0.99,1.0101,-0.0999,False,False,dryrun,high,computed
2026-07-06T23:47:35Z,26JUL06USABEL,team_total,team_total|belgium|0.5,0.5,over,kalshi,0.76,under,polymarket,0.24,1.0,0.0,-1.2833,False,False,dryrun,high,computed
2026-07-06T23:47:55Z,26JUL06USABEL,team_total,team_total|usa|2.5,2.5,over,polymarket,0.18,under,kalshi,0.81,0.99,1.0101,-0.0999,False,False,dryrun,high,computed
2026-07-06T23:47:55Z,26JUL06USABEL,team_total,team_total|belgium|0.5,0.5,over,kalshi,0.76,under,polymarket,0.24,1.0,0.0,-1.2833,False,False,dryrun,high,computed
2026-07-06T23:48:15Z,26JUL06USABEL,team_total,team_total|usa|2.5,2.5,over,polymarket,0.18,under,kalshi,0.81,0.99,1.0101,-0.0999,False,False,dryrun,high,computed
2026-07-06T23:48:15Z,26JUL06USABEL,team_total,team_total|belgium|0.5,0.5,over,kalshi,0.76,under,polymarket,0.24,1.0,0.0,-1.2833,False,False,dryrun,high,computed
2026-07-06T23:48:35Z,26JUL06USABEL,team_total,team_total|usa|1.5,1.5,over,polymarket,0.44,under,kalshi,0.55,0.99,1.0101,-0.7937,False,False,dryrun,high,computed
2026-07-06T23:48:35Z,26JUL06USABEL,team_total,team_total|usa|2.5,2.5,over,polymarket,0.18,under,kalshi,0.81,0.99,1.0101,-0.0999,False,False,dryrun,high,computed
2026-07-06T23:48:35Z,26JUL06USABEL,team_total,team_total|belgium|0.5,0.5,over,kalshi,0.76,under,polymarket,0.24,1.0,0.0,-1.2833,False,False,dryrun,high,computed
2026-07-06T23:48:55Z,26JUL06USABEL,team_total,team_total|usa|1.5,1.5,over,polymarket,0.44,under,kalshi,0.55,0.99,1.0101,-0.7937,False,False,dryrun,high,computed
2026-07-06T23:48:55Z,26JUL06USABEL,team_total,team_total|usa|2.5,2.5,over,polymarket,0.18,under,kalshi,0.81,0.99,1.0101,-0.0999,False,False,dryrun,high,computed
2026-07-06T23:48:55Z,26JUL06USABEL,team_total,team_total|belgium|0.5,0.5,over,kalshi,0.76,under,polymarket,0.24,1.0,0.0,-1.2833,False,False,dryrun,high,computed
2026-07-06T23:49:15Z,26JUL06USABEL,team_total,team_total|usa|1.5,1.5,over,polymarket,0.44,under,kalshi,0.55,0.99,1.0101,-0.7937,False,False,dryrun,high,computed
2026-07-06T23:49:15Z,26JUL06USABEL,team_total,team_total|usa|2.5,2.5,over,polymarket,0.18,under,kalshi,0.81,0.99,1.0101,-0.0999,False,False,dryrun,high,computed
2026-07-06T23:49:15Z,26JUL06USABEL,team_total,team_total|belgium|0.5,0.5,over,kalshi,0.76,under,polymarket,0.24,1.0,0.0,-1.2833,False,False,dryrun,high,computed
2026-07-06T23:49:35Z,26JUL06USABEL,team_total,team_total|usa|1.5,1.5,over,polymarket,0.44,under,kalshi,0.55,0.99,1.0101,-0.7937,False,False,dryrun,high,computed
2026-07-06T23:49:35Z,26JUL06USABEL,team_total,team_total|usa|2.5,2.5,over,polymarket,0.18,under,kalshi,0.81,0.99,1.0101,-0.0999,False,False,dryrun,high,computed
2026-07-06T23:49:35Z,26JUL06USABEL,team_total,team_total|belgium|0.5,0.5,over,kalshi,0.76,under,polymarket,0.24,1.0,0.0,-1.2833,False,False,dryrun,high,computed
2026-07-06T23:49:55Z,26JUL06USABEL,team_total,team_total|usa|1.5,1.5,over,polymarket,0.44,under,kalshi,0.55,0.99,1.0101,-0.7937,False,False,dryrun,high,computed
2026-07-06T23:49:55Z,26JUL06USABEL,team_total,team_total|usa|2.5,2.5,over,polymarket,0.18,under,kalshi,0.81,0.99,1.0101,-0.0999,False,False,dryrun,high,computed
2026-07-06T23:49:55Z,26JUL06USABEL,team_total,team_total|belgium|0.5,0.5,over,kalshi,0.76,under,polymarket,0.24,1.0,0.0,-1.2833,False,False,dryrun,high,computed
2026-07-06T23:50:15Z,26JUL06USABEL,team_total,team_total|usa|1.5,1.5,over,polymarket,0.44,under,kalshi,0.55,0.99,1.0101,-0.7937,False,False,dryrun,high,computed
2026-07-06T23:50:15Z,26JUL06USABEL,team_total,team_total|usa|2.5,2.5,over,polymarket,0.18,under,kalshi,0.81,0.99,1.0101,-0.0999,False,False,dryrun,high,computed
2026-07-06T23:50:15Z,26JUL06USABEL,team_total,team_total|belgium|0.5,0.5,over,kalshi,0.76,under,polymarket,0.24,1.0,0.0,-1.2833,False,False,dryrun,high,computed
2026-07-06T23:50:35Z,26JUL06USABEL,team_total,team_total|usa|1.5,1.5,over,polymarket,0.44,under,kalshi,0.55,0.99,1.0101,-0.7937,False,False,dryrun,high,computed
2026-07-06T23:50:35Z,26JUL06USABEL,team_total,team_total|usa|2.5,2.5,over,polymarket,0.18,under,kalshi,0.81,0.99,1.0101,-0.0999,False,False,dryrun,high,computed
2026-07-06T23:50:35Z,26JUL06USABEL,team_total,team_total|belgium|0.5,0.5,over,kalshi,0.76,under,polymarket,0.24,1.0,0.0,-1.2833,False,False,dryrun,high,computed
2026-07-06T23:50:55Z,26JUL06USABEL,team_total,team_total|usa|1.5,1.5,over,polymarket,0.44,under,kalshi,0.55,0.99,1.0101,-0.7937,False,False,dryrun,high,computed
2026-07-06T23:50:55Z,26JUL06USABEL,team_total,team_total|usa|2.5,2.5,over,polymarket,0.18,under,kalshi,0.81,0.99,1.0101,-0.0999,False,False,dryrun,high,computed
2026-07-06T23:50:55Z,26JUL06USABEL,team_total,team_total|belgium|0.5,0.5,over,kalshi,0.76,under,polymarket,0.24,1.0,0.0,-1.2833,False,False,dryrun,high,computed
2026-07-06T23:51:15Z,26JUL06USABEL,team_total,team_total|usa|1.5,1.5,over,polymarket,0.44,under,kalshi,0.55,0.99,1.0101,-0.7937,False,False,dryrun,high,computed
2026-07-06T23:51:15Z,26JUL06USABEL,team_total,team_total|usa|2.5,2.5,over,polymarket,0.18,under,kalshi,0.81,0.99,1.0101,-0.0999,False,False,dryrun,high,computed
2026-07-06T23:51:15Z,26JUL06USABEL,team_total,team_total|belgium|0.5,0.5,over,kalshi,0.76,under,polymarket,0.24,1.0,0.0,-1.2833,False,False,dryrun,high,computed
2026-07-06T23:51:35Z,26JUL06USABEL,team_total,team_total|usa|1.5,1.5,over,polymarket,0.44,under,kalshi,0.55,0.99,1.0101,-0.7937,False,False,dryrun,high,computed
2026-07-06T23:51:35Z,26JUL06USABEL,team_total,team_total|usa|2.5,2.5,over,polymarket,0.18,under,kalshi,0.81,0.99,1.0101,-0.0999,False,False,dryrun,high,computed
2026-07-06T23:51:35Z,26JUL06USABEL,team_total,team_total|belgium|0.5,0.5,over,kalshi,0.76,under,polymarket,0.24,1.0,0.0,-1.2833,False,False,dryrun,high,computed
2026-07-06T23:51:55Z,26JUL06USABEL,team_total,team_total|usa|1.5,1.5,over,polymarket,0.44,under,kalshi,0.55,0.99,1.0101,-0.7937,False,False,dryrun,high,computed
2026-07-06T23:51:55Z,26JUL06USABEL,team_total,team_total|usa|2.5,2.5,over,polymarket,0.18,under,kalshi,0.81,0.99,1.0101,-0.0999,False,False,dryrun,high,computed
2026-07-06T23:51:55Z,26JUL07ARGEGY,team_total,team_total|argentina|1.5,1.5,over,polymarket,0.608,under,kalshi,0.39,0.998,0.2033,-0.6951,False,False,dryrun,high,computed
2026-07-06T23:51:55Z,26JUL06USABEL,team_total,team_total|belgium|0.5,0.5,over,kalshi,0.76,under,polymarket,0.24,1.0,0.0,-1.2833,False,False,dryrun,high,computed
2026-07-06T23:52:15Z,26JUL06USABEL,team_total,team_total|usa|1.5,1.5,over,polymarket,0.44,under,kalshi,0.55,0.99,1.0101,-0.7937,False,False,dryrun,high,computed
2026-07-06T23:52:15Z,26JUL06USABEL,team_total,team_total|usa|2.5,2.5,over,polymarket,0.18,under,kalshi,0.81,0.99,1.0101,-0.0999,False,False,dryrun,high,computed
2026-07-06T23:52:15Z,26JUL06USABEL,team_total,team_total|belgium|0.5,0.5,over,kalshi,0.76,under,polymarket,0.24,1.0,0.0,-1.2833,False,False,dryrun,high,computed
2026-07-06T23:52:35Z,26JUL06USABEL,team_total,team_total|usa|1.5,1.5,over,polymarket,0.44,under,kalshi,0.55,0.99,1.0101,-0.7937,False,False,dryrun,high,computed
2026-07-06T23:52:35Z,26JUL06USABEL,team_total,team_total|usa|2.5,2.5,over,polymarket,0.18,under,kalshi,0.81,0.99,1.0101,-0.0999,False,False,dryrun,high,computed
2026-07-06T23:52:35Z,26JUL06USABEL,team_total,team_total|belgium|0.5,0.5,over,kalshi,0.76,under,polymarket,0.24,1.0,0.0,-1.2833,False,False,dryrun,high,computed
2026-07-06T23:52:55Z,26JUL06USABEL,team_total,team_total|usa|1.5,1.5,over,polymarket,0.44,under,kalshi,0.55,0.99,1.0101,-0.7937,False,False,dryrun,high,computed
2026-07-06T23:52:55Z,26JUL06USABEL,team_total,team_total|usa|2.5,2.5,over,polymarket,0.18,under,kalshi,0.81,0.99,1.0101,-0.0999,False,False,dryrun,high,computed
2026-07-06T23:52:55Z,26JUL06USABEL,team_total,team_total|belgium|0.5,0.5,over,kalshi,0.76,under,polymarket,0.24,1.0,0.0,-1.2833,False,False,dryrun,high,computed
2026-07-06T23:53:15Z,26JUL06USABEL,2h_btts,2h_btts,,no,kalshi,0.65,yes,polymarket,0.34,0.99,1.0101,-0.5964,False,False,dryrun,high,computed
2026-07-06T23:53:15Z,26JUL06USABEL,team_total,team_total|usa|1.5,1.5,over,polymarket,0.44,under,kalshi,0.55,0.99,1.0101,-0.7937,False,False,dryrun,high,computed
2026-07-06T23:53:15Z,26JUL06USABEL,team_total,team_total|usa|2.5,2.5,over,polymarket,0.18,under,kalshi,0.81,0.99,1.0101,-0.0999,False,False,dryrun,high,computed
2026-07-06T23:53:15Z,26JUL06USABEL,team_total,team_total|belgium|0.5,0.5,over,kalshi,0.76,under,polymarket,0.24,1.0,0.0,-1.2833,False,False,dryrun,high,computed
2026-07-06T23:53:35Z,26JUL06USABEL,2h_btts,2h_btts,,no,kalshi,0.65,yes,polymarket,0.34,0.99,1.0101,-0.5964,False,False,dryrun,high,computed
2026-07-06T23:53:35Z,26JUL06USABEL,team_total,team_total|usa|1.5,1.5,over,polymarket,0.44,under,kalshi,0.55,0.99,1.0101,-0.7937,False,False,dryrun,high,computed
2026-07-06T23:53:35Z,26JUL06USABEL,team_total,team_total|usa|2.5,2.5,over,polymarket,0.18,under,kalshi,0.81,0.99,1.0101,-0.0999,False,False,dryrun,high,computed
2026-07-06T23:53:35Z,26JUL06USABEL,team_total,team_total|belgium|0.5,0.5,over,kalshi,0.76,under,polymarket,0.24,1.0,0.0,-1.2833,False,False,dryrun,high,computed
2026-07-06T23:53:55Z,26JUL06USABEL,2h_btts,2h_btts,,no,kalshi,0.65,yes,polymarket,0.34,0.99,1.0101,-0.5964,False,False,dryrun,high,computed
2026-07-06T23:53:55Z,26JUL06USABEL,team_total,team_total|usa|1.5,1.5,over,polymarket,0.44,under,kalshi,0.55,0.99,1.0101,-0.7937,False,False,dryrun,high,computed
2026-07-06T23:53:55Z,26JUL06USABEL,team_total,team_total|usa|2.5,2.5,over,polymarket,0.18,under,kalshi,0.81,0.99,1.0101,-0.0999,False,False,dryrun,high,computed
2026-07-06T23:54:15Z,26JUL06USABEL,2h_btts,2h_btts,,no,kalshi,0.65,yes,polymarket,0.34,0.99,1.0101,-0.5964,False,False,dryrun,high,computed
2026-07-06T23:54:15Z,26JUL06USABEL,team_total,team_total|usa|1.5,1.5,over,polymarket,0.44,under,kalshi,0.55,0.99,1.0101,-0.7937,False,False,dryrun,high,computed
2026-07-06T23:54:15Z,26JUL06USABEL,team_total,team_total|usa|2.5,2.5,over,polymarket,0.18,under,kalshi,0.81,0.99,1.0101,-0.0999,False,False,dryrun,high,computed
2026-07-06T23:54:35Z,26JUL06USABEL,2h_btts,2h_btts,,no,kalshi,0.65,yes,polymarket,0.34,0.99,1.0101,-0.5964,False,False,dryrun,high,computed
2026-07-06T23:54:35Z,26JUL06USABEL,team_total,team_total|usa|1.5,1.5,over,polymarket,0.44,under,kalshi,0.55,0.99,1.0101,-0.7937,False,False,dryrun,high,computed
2026-07-06T23:54:35Z,26JUL06USABEL,team_total,team_total|usa|2.5,2.5,over,polymarket,0.18,under,kalshi,0.81,0.99,1.0101,-0.0999,False,False,dryrun,high,computed
2026-07-06T23:54:55Z,26JUL06USABEL,2h_btts,2h_btts,,no,kalshi,0.65,yes,polymarket,0.34,0.99,1.0101,-0.5964,False,False,dryrun,high,computed
2026-07-06T23:54:55Z,26JUL06USABEL,team_total,team_total|usa|2.5,2.5,over,polymarket,0.18,under,kalshi,0.81,0.99,1.0101,-0.0999,False,False,dryrun,high,computed
2026-07-06T23:54:55Z,26JUL06USABEL,team_total,team_total|usa|1.5,1.5,over,polymarket,0.4485,under,kalshi,0.55,0.9985,0.1541,-1.7682,False,False,dryrun,high,computed
2026-07-06T23:55:15Z,26JUL06USABEL,2h_btts,2h_btts,,no,kalshi,0.65,yes,polymarket,0.34,0.99,1.0101,-0.5964,False,False,dryrun,high,computed
2026-07-06T23:55:15Z,26JUL06USABEL,team_total,team_total|usa|2.5,2.5,over,polymarket,0.18,under,kalshi,0.81,0.99,1.0101,-0.0999,False,False,dryrun,high,computed
2026-07-06T23:55:35Z,26JUL06USABEL,2h_btts,2h_btts,,no,kalshi,0.65,yes,polymarket,0.34,0.99,1.0101,-0.5964,False,False,dryrun,high,computed
2026-07-06T23:55:35Z,26JUL06USABEL,team_total,team_total|usa|2.5,2.5,over,polymarket,0.18,under,kalshi,0.81,0.99,1.0101,-0.0999,False,False,dryrun,high,computed
2026-07-06T23:55:55Z,26JUL06USABEL,2h_btts,2h_btts,,no,kalshi,0.65,yes,polymarket,0.34,0.99,1.0101,-0.5964,False,False,dryrun,high,computed
2026-07-06T23:55:55Z,26JUL06USABEL,team_total,team_total|usa|1.5,1.5,over,polymarket,0.44,under,kalshi,0.55,0.99,1.0101,-0.7937,False,False,dryrun,high,computed
2026-07-06T23:55:55Z,26JUL06USABEL,team_total,team_total|usa|2.5,2.5,over,polymarket,0.18,under,kalshi,0.81,0.99,1.0101,-0.0999,False,False,dryrun,high,computed
2026-07-06T23:56:15Z,26JUL06USABEL,2h_btts,2h_btts,,no,kalshi,0.65,yes,polymarket,0.34,0.99,1.0101,-0.5964,False,False,dryrun,high,computed
2026-07-06T23:56:15Z,26JUL06USABEL,team_total,team_total|usa|2.5,2.5,over,polymarket,0.18,under,kalshi,0.81,0.99,1.0101,-0.0999,False,False,dryrun,high,computed
2026-07-06T23:56:35Z,26JUL06USABEL,2h_btts,2h_btts,,no,kalshi,0.65,yes,polymarket,0.34,0.99,1.0101,-0.5964,False,False,dryrun,high,computed
2026-07-06T23:56:35Z,26JUL06USABEL,team_total,team_total|usa|2.5,2.5,over,polymarket,0.18,under,kalshi,0.81,0.99,1.0101,-0.0999,False,False,dryrun,high,computed
2026-07-06T23:56:55Z,26JUL06USABEL,2h_btts,2h_btts,,no,kalshi,0.65,yes,polymarket,0.34,0.99,1.0101,-0.5964,False,False,dryrun,high,computed
2026-07-06T23:56:55Z,26JUL06USABEL,team_total,team_total|usa|2.5,2.5,over,polymarket,0.18,under,kalshi,0.81,0.99,1.0101,-0.0999,False,False,dryrun,high,computed
2026-07-06T23:57:15Z,26JUL06USABEL,2h_btts,2h_btts,,no,kalshi,0.65,yes,polymarket,0.34,0.99,1.0101,-0.5964,False,False,dryrun,high,computed
2026-07-06T23:57:15Z,26JUL06USABEL,team_total,team_total|usa|2.5,2.5,over,polymarket,0.18,under,kalshi,0.81,0.99,1.0101,-0.0999,False,False,dryrun,high,computed
2026-07-06T23:57:15Z,26JUL06USABEL,team_total,team_total|belgium|0.5,0.5,over,kalshi,0.76,under,polymarket,0.24,1.0,0.0,-1.2833,False,False,dryrun,high,computed
2026-07-06T23:57:35Z,26JUL06USABEL,2h_btts,2h_btts,,no,kalshi,0.65,yes,polymarket,0.34,0.99,1.0101,-0.5964,False,False,dryrun,high,computed
2026-07-06T23:57:55Z,26JUL06USABEL,2h_btts,2h_btts,,no,kalshi,0.65,yes,polymarket,0.34,0.99,1.0101,-0.5964,False,False,dryrun,high,computed
2026-07-06T23:58:15Z,26JUL06USABEL,2h_btts,2h_btts,,no,kalshi,0.65,yes,polymarket,0.34,0.99,1.0101,-0.5964,False,False,dryrun,high,computed
2026-07-06T23:58:35Z,26JUL06USABEL,2h_btts,2h_btts,,no,kalshi,0.65,yes,polymarket,0.34,0.99,1.0101,-0.5964,False,False,dryrun,high,computed
2026-07-06T23:58:55Z,26JUL06USABEL,2h_btts,2h_btts,,no,kalshi,0.65,yes,polymarket,0.34,0.99,1.0101,-0.5964,False,False,dryrun,high,computed
2026-07-06T23:59:35Z,26JUL06USABEL,team_total,team_total|usa|1.5,1.5,over,polymarket,0.4486,under,kalshi,0.55,0.9986,0.1394,-0.7937,False,False,dryrun,high,computed
2026-07-06T23:59:55Z,26JUL06USABEL,team_total,team_total|usa|1.5,1.5,over,polymarket,0.4484,under,kalshi,0.55,0.9984,0.1576,-0.7937,False,False,dryrun,high,computed
